Zona,Escolaridade,Gênero,Faixa etária,Eleitorado,Com biometria,Com biometria (%),Com nome social,Com deficiência,Data de carga
1,ANALFABETO,FEMININO,21 a 24 anos,1,0,0,0,0,2022-07-11 22:32:34
1,ANALFABETO,FEMININO,25 a 29 anos,2,1,"0,5",0,0,2022-07-11 22:32:34
1,ANALFABETO,FEMININO,30 a 34 anos,4,3,"0,75",0,0,2022-07-11 22:32:34
1,ANALFABETO,FEMININO,35 a 39 anos,2,1,"0,5",0,0,2022-07-11 22:32:34
1,ANALFABETO,FEMININO,40 a 44 anos,5,4,"0,8",0,1,2022-07-11 22:32:34
1,ANALFABETO,FEMININO,45 a 49 anos,6,5,"0,8333",0,0,2022-07-11 22:32:34
1,ANALFABETO,FEMININO,50 a 54 anos,12,9,"0,75",0,3,2022-07-11 22:32:34
1,ANALFABETO,FEMININO,55 a 59 anos,7,7,1,0,1,2022-07-11 22:32:34
1,ANALFABETO,FEMININO,60 a 64 anos,22,21,"0,9545",0,0,2022-07-11 22:32:34
1,ANALFABETO,FEMININO,65 a 69 anos,19,13,"0,6842",0,0,2022-07-11 22:32:34
1,ANALFABETO,FEMININO,70 a 74 anos,16,16,1,0,1,2022-07-11 22:32:34
1,ANALFABETO,FEMININO,75 a 79 anos,14,13,"0,9286",0,0,2022-07-11 22:32:34
1,ANALFABETO,FEMININO,80 a 84 anos,5,5,1,0,0,2022-07-11 22:32:34
1,ANALFABETO,FEMININO,85 a 89 anos,3,3,1,0,0,2022-07-11 22:32:34
1,ANALFABETO,FEMININO,90 a 94 anos,3,1,"0,3333",0,1,2022-07-11 22:32:34
1,ANALFABETO,MASCULINO,19 anos,3,1,"0,3333",0,2,2022-07-11 22:32:34
1,ANALFABETO,MASCULINO,20 anos,1,0,0,0,1,2022-07-11 22:32:34
1,ANALFABETO,MASCULINO,21 a 24 anos,2,1,"0,5",0,0,2022-07-11 22:32:34
1,ANALFABETO,MASCULINO,25 a 29 anos,2,1,"0,5",0,1,2022-07-11 22:32:34
1,ANALFABETO,MASCULINO,30 a 34 anos,5,3,"0,6",0,2,2022-07-11 22:32:34
1,ANALFABETO,MASCULINO,35 a 39 anos,7,6,"0,8571",0,0,2022-07-11 22:32:34
1,ANALFABETO,MASCULINO,40 a 44 anos,5,4,"0,8",0,0,2022-07-11 22:32:34
1,ANALFABETO,MASCULINO,45 a 49 anos,14,14,1,0,1,2022-07-11 22:32:34
1,ANALFABETO,MASCULINO,50 a 54 anos,12,10,"0,8333",0,2,2022-07-11 22:32:34
1,ANALFABETO,MASCULINO,55 a 59 anos,19,17,"0,8947",0,2,2022-07-11 22:32:34
1,ANALFABETO,MASCULINO,60 a 64 anos,16,14,"0,875",0,2,2022-07-11 22:32:34
1,ANALFABETO,MASCULINO,65 a 69 anos,13,8,"0,6154",0,0,2022-07-11 22:32:34
1,ANALFABETO,MASCULINO,70 a 74 anos,11,11,1,0,1,2022-07-11 22:32:34
1,ANALFABETO,MASCULINO,75 a 79 anos,2,2,1,0,0,2022-07-11 22:32:34
1,ENSINO FUNDAMENTAL COMPLETO,FEMININO,100 anos ou mais,1,1,1,0,0,2022-07-11 22:32:34
1,ENSINO FUNDAMENTAL COMPLETO,FEMININO,16 anos,18,0,0,0,0,2022-07-11 22:32:34
1,ENSINO FUNDAMENTAL COMPLETO,FEMININO,17 anos,7,0,0,0,0,2022-07-11 22:32:34
1,ENSINO FUNDAMENTAL COMPLETO,FEMININO,18 anos,7,0,0,1,0,2022-07-11 22:32:34
1,ENSINO FUNDAMENTAL COMPLETO,FEMININO,19 anos,13,2,"0,1538",0,0,2022-07-11 22:32:34
1,ENSINO FUNDAMENTAL COMPLETO,FEMININO,20 anos,4,2,"0,5",0,0,2022-07-11 22:32:34
1,ENSINO FUNDAMENTAL COMPLETO,FEMININO,21 a 24 anos,24,16,"0,6667",0,0,2022-07-11 22:32:34
1,ENSINO FUNDAMENTAL COMPLETO,FEMININO,25 a 29 anos,34,30,"0,8824",0,0,2022-07-11 22:32:34
1,ENSINO FUNDAMENTAL COMPLETO,FEMININO,30 a 34 anos,38,38,1,0,0,2022-07-11 22:32:34
1,ENSINO FUNDAMENTAL COMPLETO,FEMININO,35 a 39 anos,60,58,"0,9667",0,1,2022-07-11 22:32:34
1,ENSINO FUNDAMENTAL COMPLETO,FEMININO,40 a 44 anos,68,66,"0,9706",0,0,2022-07-11 22:32:34
1,ENSINO FUNDAMENTAL COMPLETO,FEMININO,45 a 49 anos,94,91,"0,9681",0,1,2022-07-11 22:32:34
1,ENSINO FUNDAMENTAL COMPLETO,FEMININO,50 a 54 anos,97,93,"0,9588",0,1,2022-07-11 22:32:34
1,ENSINO FUNDAMENTAL COMPLETO,FEMININO,55 a 59 anos,102,102,1,0,1,2022-07-11 22:32:34
1,ENSINO FUNDAMENTAL COMPLETO,FEMININO,60 a 64 anos,125,124,"0,992",0,3,2022-07-11 22:32:34
1,ENSINO FUNDAMENTAL COMPLETO,FEMININO,65 a 69 anos,120,120,1,0,5,2022-07-11 22:32:34
1,ENSINO FUNDAMENTAL COMPLETO,FEMININO,70 a 74 anos,99,96,"0,9697",0,2,2022-07-11 22:32:34
1,ENSINO FUNDAMENTAL COMPLETO,FEMININO,75 a 79 anos,81,79,"0,9753",0,2,2022-07-11 22:32:34
1,ENSINO FUNDAMENTAL COMPLETO,FEMININO,80 a 84 anos,84,80,"0,9524",0,5,2022-07-11 22:32:34
1,ENSINO FUNDAMENTAL COMPLETO,FEMININO,85 a 89 anos,52,52,1,0,1,2022-07-11 22:32:34
1,ENSINO FUNDAMENTAL COMPLETO,FEMININO,90 a 94 anos,39,37,"0,9487",0,4,2022-07-11 22:32:34
1,ENSINO FUNDAMENTAL COMPLETO,FEMININO,95 a 99 anos,12,11,"0,9167",0,1,2022-07-11 22:32:34
1,ENSINO FUNDAMENTAL COMPLETO,MASCULINO,16 anos,4,0,0,0,0,2022-07-11 22:32:34
1,ENSINO FUNDAMENTAL COMPLETO,MASCULINO,17 anos,8,0,0,0,0,2022-07-11 22:32:34
1,ENSINO FUNDAMENTAL COMPLETO,MASCULINO,18 anos,2,0,0,0,0,2022-07-11 22:32:34
1,ENSINO FUNDAMENTAL COMPLETO,MASCULINO,19 anos,8,3,"0,375",0,0,2022-07-11 22:32:34
1,ENSINO FUNDAMENTAL COMPLETO,MASCULINO,20 anos,7,3,"0,4286",0,0,2022-07-11 22:32:34
1,ENSINO FUNDAMENTAL COMPLETO,MASCULINO,21 a 24 anos,36,31,"0,8611",0,0,2022-07-11 22:32:34
1,ENSINO FUNDAMENTAL COMPLETO,MASCULINO,25 a 29 anos,43,40,"0,9302",0,1,2022-07-11 22:32:34
1,ENSINO FUNDAMENTAL COMPLETO,MASCULINO,30 a 34 anos,37,36,"0,973",0,0,2022-07-11 22:32:34
1,ENSINO FUNDAMENTAL COMPLETO,MASCULINO,35 a 39 anos,67,64,"0,9552",0,0,2022-07-11 22:32:34
1,ENSINO FUNDAMENTAL COMPLETO,MASCULINO,40 a 44 anos,95,93,"0,9789",0,0,2022-07-11 22:32:34
1,ENSINO FUNDAMENTAL COMPLETO,MASCULINO,45 a 49 anos,99,92,"0,9293",0,0,2022-07-11 22:32:34
1,ENSINO FUNDAMENTAL COMPLETO,MASCULINO,50 a 54 anos,104,102,"0,9808",0,1,2022-07-11 22:32:34
1,ENSINO FUNDAMENTAL COMPLETO,MASCULINO,55 a 59 anos,120,115,"0,9583",0,0,2022-07-11 22:32:34
1,ENSINO FUNDAMENTAL COMPLETO,MASCULINO,60 a 64 anos,122,113,"0,9262",1,4,2022-07-11 22:32:34
1,ENSINO FUNDAMENTAL COMPLETO,MASCULINO,65 a 69 anos,87,84,"0,9655",0,1,2022-07-11 22:32:34
1,ENSINO FUNDAMENTAL COMPLETO,MASCULINO,70 a 74 anos,80,79,"0,9875",0,4,2022-07-11 22:32:34
1,ENSINO FUNDAMENTAL COMPLETO,MASCULINO,75 a 79 anos,38,36,"0,9474",0,3,2022-07-11 22:32:34
1,ENSINO FUNDAMENTAL COMPLETO,MASCULINO,80 a 84 anos,27,27,1,0,1,2022-07-11 22:32:34
1,ENSINO FUNDAMENTAL COMPLETO,MASCULINO,85 a 89 anos,17,17,1,0,1,2022-07-11 22:32:34
1,ENSINO FUNDAMENTAL COMPLETO,MASCULINO,90 a 94 anos,2,2,1,0,0,2022-07-11 22:32:34
1,ENSINO FUNDAMENTAL COMPLETO,MASCULINO,95 a 99 anos,3,3,1,0,0,2022-07-11 22:32:34
1,ENSINO FUNDAMENTAL INCOMPLETO,FEMININO,16 anos,12,0,0,0,0,2022-07-11 22:32:34
1,ENSINO FUNDAMENTAL INCOMPLETO,FEMININO,17 anos,7,0,0,0,0,2022-07-11 22:32:34
1,ENSINO FUNDAMENTAL INCOMPLETO,FEMININO,18 anos,8,2,"0,25",0,0,2022-07-11 22:32:34
1,ENSINO FUNDAMENTAL INCOMPLETO,FEMININO,19 anos,19,4,"0,2105",0,0,2022-07-11 22:32:34
1,ENSINO FUNDAMENTAL INCOMPLETO,FEMININO,20 anos,14,9,"0,6429",0,1,2022-07-11 22:32:34
1,ENSINO FUNDAMENTAL INCOMPLETO,FEMININO,21 a 24 anos,126,110,"0,873",1,2,2022-07-11 22:32:34
1,ENSINO FUNDAMENTAL INCOMPLETO,FEMININO,25 a 29 anos,179,169,"0,9441",1,0,2022-07-11 22:32:34
1,ENSINO FUNDAMENTAL INCOMPLETO,FEMININO,30 a 34 anos,137,135,"0,9854",0,1,2022-07-11 22:32:34
1,ENSINO FUNDAMENTAL INCOMPLETO,FEMININO,35 a 39 anos,191,185,"0,9686",0,2,2022-07-11 22:32:34
1,ENSINO FUNDAMENTAL INCOMPLETO,FEMININO,40 a 44 anos,265,261,"0,9849",0,1,2022-07-11 22:32:34
1,ENSINO FUNDAMENTAL INCOMPLETO,FEMININO,45 a 49 anos,321,315,"0,9813",0,2,2022-07-11 22:32:34
1,ENSINO FUNDAMENTAL INCOMPLETO,FEMININO,50 a 54 anos,362,358,"0,989",0,3,2022-07-11 22:32:34
1,ENSINO FUNDAMENTAL INCOMPLETO,FEMININO,55 a 59 anos,327,322,"0,9847",0,3,2022-07-11 22:32:34
1,ENSINO FUNDAMENTAL INCOMPLETO,FEMININO,60 a 64 anos,299,296,"0,99",0,9,2022-07-11 22:32:34
1,ENSINO FUNDAMENTAL INCOMPLETO,FEMININO,65 a 69 anos,251,248,"0,988",0,7,2022-07-11 22:32:34
1,ENSINO FUNDAMENTAL INCOMPLETO,FEMININO,70 a 74 anos,203,201,"0,9901",0,9,2022-07-11 22:32:34
1,ENSINO FUNDAMENTAL INCOMPLETO,FEMININO,75 a 79 anos,137,133,"0,9708",0,7,2022-07-11 22:32:34
1,ENSINO FUNDAMENTAL INCOMPLETO,FEMININO,80 a 84 anos,93,91,"0,9785",0,0,2022-07-11 22:32:34
1,ENSINO FUNDAMENTAL INCOMPLETO,FEMININO,85 a 89 anos,57,56,"0,9825",0,4,2022-07-11 22:32:34
1,ENSINO FUNDAMENTAL INCOMPLETO,FEMININO,90 a 94 anos,26,24,"0,9231",0,1,2022-07-11 22:32:34
1,ENSINO FUNDAMENTAL INCOMPLETO,FEMININO,95 a 99 anos,20,19,"0,95",0,0,2022-07-11 22:32:34
1,ENSINO FUNDAMENTAL INCOMPLETO,MASCULINO,16 anos,12,0,0,0,0,2022-07-11 22:32:34
1,ENSINO FUNDAMENTAL INCOMPLETO,MASCULINO,17 anos,14,0,0,0,0,2022-07-11 22:32:34
1,ENSINO FUNDAMENTAL INCOMPLETO,MASCULINO,18 anos,13,0,0,0,1,2022-07-11 22:32:34
1,ENSINO FUNDAMENTAL INCOMPLETO,MASCULINO,19 anos,22,10,"0,4545",0,0,2022-07-11 22:32:34
1,ENSINO FUNDAMENTAL INCOMPLETO,MASCULINO,20 anos,20,11,"0,55",0,0,2022-07-11 22:32:34
1,ENSINO FUNDAMENTAL INCOMPLETO,MASCULINO,21 a 24 anos,161,145,"0,9006",1,0,2022-07-11 22:32:34
1,ENSINO FUNDAMENTAL INCOMPLETO,MASCULINO,25 a 29 anos,199,191,"0,9598",0,2,2022-07-11 22:32:34
1,ENSINO FUNDAMENTAL INCOMPLETO,MASCULINO,30 a 34 anos,157,146,"0,9299",0,1,2022-07-11 22:32:34
1,ENSINO FUNDAMENTAL INCOMPLETO,MASCULINO,35 a 39 anos,220,205,"0,9318",1,2,2022-07-11 22:32:34
1,ENSINO FUNDAMENTAL INCOMPLETO,MASCULINO,40 a 44 anos,259,242,"0,9344",1,4,2022-07-11 22:32:34
1,ENSINO FUNDAMENTAL INCOMPLETO,MASCULINO,45 a 49 anos,256,245,"0,957",0,6,2022-07-11 22:32:34
1,ENSINO FUNDAMENTAL INCOMPLETO,MASCULINO,50 a 54 anos,297,288,"0,9697",0,4,2022-07-11 22:32:34
1,ENSINO FUNDAMENTAL INCOMPLETO,MASCULINO,55 a 59 anos,283,271,"0,9576",0,3,2022-07-11 22:32:34
1,ENSINO FUNDAMENTAL INCOMPLETO,MASCULINO,60 a 64 anos,244,234,"0,959",0,4,2022-07-11 22:32:34
1,ENSINO FUNDAMENTAL INCOMPLETO,MASCULINO,65 a 69 anos,165,159,"0,9636",0,12,2022-07-11 22:32:34
1,ENSINO FUNDAMENTAL INCOMPLETO,MASCULINO,70 a 74 anos,100,100,1,0,3,2022-07-11 22:32:34
1,ENSINO FUNDAMENTAL INCOMPLETO,MASCULINO,75 a 79 anos,60,59,"0,9833",0,1,2022-07-11 22:32:34
1,ENSINO FUNDAMENTAL INCOMPLETO,MASCULINO,80 a 84 anos,29,28,"0,9655",0,0,2022-07-11 22:32:34
1,ENSINO FUNDAMENTAL INCOMPLETO,MASCULINO,85 a 89 anos,15,15,1,0,1,2022-07-11 22:32:34
1,ENSINO FUNDAMENTAL INCOMPLETO,MASCULINO,90 a 94 anos,3,3,1,0,0,2022-07-11 22:32:34
1,ENSINO FUNDAMENTAL INCOMPLETO,MASCULINO,95 a 99 anos,3,3,1,0,0,2022-07-11 22:32:34
1,ENSINO MÉDIO COMPLETO,FEMININO,100 anos ou mais,4,4,1,0,0,2022-07-11 22:32:34
1,ENSINO MÉDIO COMPLETO,FEMININO,17 anos,7,0,0,0,0,2022-07-11 22:32:34
1,ENSINO MÉDIO COMPLETO,FEMININO,18 anos,108,0,0,0,0,2022-07-11 22:32:34
1,ENSINO MÉDIO COMPLETO,FEMININO,19 anos,173,4,"0,0231",2,2,2022-07-11 22:32:34
1,ENSINO MÉDIO COMPLETO,FEMININO,20 anos,171,66,"0,386",1,0,2022-07-11 22:32:34
1,ENSINO MÉDIO COMPLETO,FEMININO,21 a 24 anos,746,658,"0,882",4,3,2022-07-11 22:32:34
1,ENSINO MÉDIO COMPLETO,FEMININO,25 a 29 anos,827,808,"0,977",1,0,2022-07-11 22:32:34
1,ENSINO MÉDIO COMPLETO,FEMININO,30 a 34 anos,656,642,"0,9787",0,2,2022-07-11 22:32:34
1,ENSINO MÉDIO COMPLETO,FEMININO,35 a 39 anos,955,933,"0,977",1,2,2022-07-11 22:32:34
1,ENSINO MÉDIO COMPLETO,FEMININO,40 a 44 anos,963,940,"0,9761",1,3,2022-07-11 22:32:34
1,ENSINO MÉDIO COMPLETO,FEMININO,45 a 49 anos,857,847,"0,9883",0,2,2022-07-11 22:32:34
1,ENSINO MÉDIO COMPLETO,FEMININO,50 a 54 anos,898,886,"0,9866",0,5,2022-07-11 22:32:34
1,ENSINO MÉDIO COMPLETO,FEMININO,55 a 59 anos,1036,1025,"0,9894",0,7,2022-07-11 22:32:34
1,ENSINO MÉDIO COMPLETO,FEMININO,60 a 64 anos,954,941,"0,9864",0,6,2022-07-11 22:32:34
1,ENSINO MÉDIO COMPLETO,FEMININO,65 a 69 anos,888,881,"0,9921",1,24,2022-07-11 22:32:34
1,ENSINO MÉDIO COMPLETO,FEMININO,70 a 74 anos,804,796,"0,99",0,19,2022-07-11 22:32:34
1,ENSINO MÉDIO COMPLETO,FEMININO,75 a 79 anos,642,636,"0,9907",0,15,2022-07-11 22:32:34
1,ENSINO MÉDIO COMPLETO,FEMININO,80 a 84 anos,440,431,"0,9795",0,16,2022-07-11 22:32:34
1,ENSINO MÉDIO COMPLETO,FEMININO,85 a 89 anos,224,220,"0,9821",0,9,2022-07-11 22:32:34
1,ENSINO MÉDIO COMPLETO,FEMININO,90 a 94 anos,91,91,1,0,6,2022-07-11 22:32:34
1,ENSINO MÉDIO COMPLETO,FEMININO,95 a 99 anos,11,11,1,0,0,2022-07-11 22:32:34
1,ENSINO MÉDIO COMPLETO,MASCULINO,100 anos ou mais,2,2,1,0,0,2022-07-11 22:32:34
1,ENSINO MÉDIO COMPLETO,MASCULINO,16 anos,3,0,0,0,0,2022-07-11 22:32:34
1,ENSINO MÉDIO COMPLETO,MASCULINO,17 anos,3,0,0,0,1,2022-07-11 22:32:34
1,ENSINO MÉDIO COMPLETO,MASCULINO,18 anos,90,0,0,0,0,2022-07-11 22:32:34
1,ENSINO MÉDIO COMPLETO,MASCULINO,19 anos,156,4,"0,0256",2,2,2022-07-11 22:32:34
1,ENSINO MÉDIO COMPLETO,MASCULINO,20 anos,154,49,"0,3182",2,0,2022-07-11 22:32:34
1,ENSINO MÉDIO COMPLETO,MASCULINO,21 a 24 anos,582,516,"0,8866",1,0,2022-07-11 22:32:34
1,ENSINO MÉDIO COMPLETO,MASCULINO,25 a 29 anos,806,779,"0,9665",1,1,2022-07-11 22:32:34
1,ENSINO MÉDIO COMPLETO,MASCULINO,30 a 34 anos,666,641,"0,9625",0,1,2022-07-11 22:32:34
1,ENSINO MÉDIO COMPLETO,MASCULINO,35 a 39 anos,772,753,"0,9754",0,4,2022-07-11 22:32:34
1,ENSINO MÉDIO COMPLETO,MASCULINO,40 a 44 anos,792,773,"0,976",0,4,2022-07-11 22:32:34
1,ENSINO MÉDIO COMPLETO,MASCULINO,45 a 49 anos,659,637,"0,9666",0,3,2022-07-11 22:32:34
1,ENSINO MÉDIO COMPLETO,MASCULINO,50 a 54 anos,678,660,"0,9735",0,4,2022-07-11 22:32:34
1,ENSINO MÉDIO COMPLETO,MASCULINO,55 a 59 anos,730,716,"0,9808",0,7,2022-07-11 22:32:34
1,ENSINO MÉDIO COMPLETO,MASCULINO,60 a 64 anos,734,723,"0,985",0,9,2022-07-11 22:32:34
1,ENSINO MÉDIO COMPLETO,MASCULINO,65 a 69 anos,530,517,"0,9755",1,12,2022-07-11 22:32:34
1,ENSINO MÉDIO COMPLETO,MASCULINO,70 a 74 anos,417,412,"0,988",0,16,2022-07-11 22:32:34
1,ENSINO MÉDIO COMPLETO,MASCULINO,75 a 79 anos,209,207,"0,9904",0,1,2022-07-11 22:32:34
1,ENSINO MÉDIO COMPLETO,MASCULINO,80 a 84 anos,153,147,"0,9608",0,6,2022-07-11 22:32:34
1,ENSINO MÉDIO COMPLETO,MASCULINO,85 a 89 anos,80,78,"0,975",0,3,2022-07-11 22:32:34
1,ENSINO MÉDIO COMPLETO,MASCULINO,90 a 94 anos,24,23,"0,9583",0,0,2022-07-11 22:32:34
1,ENSINO MÉDIO COMPLETO,MASCULINO,95 a 99 anos,4,4,1,0,0,2022-07-11 22:32:34
1,ENSINO MÉDIO INCOMPLETO,FEMININO,100 anos ou mais,1,1,1,0,0,2022-07-11 22:32:34
1,ENSINO MÉDIO INCOMPLETO,FEMININO,16 anos,170,0,0,1,2,2022-07-11 22:32:34
1,ENSINO MÉDIO INCOMPLETO,FEMININO,17 anos,183,0,0,1,1,2022-07-11 22:32:34
1,ENSINO MÉDIO INCOMPLETO,FEMININO,18 anos,199,8,"0,0402",0,1,2022-07-11 22:32:34
1,ENSINO MÉDIO INCOMPLETO,FEMININO,19 anos,107,31,"0,2897",1,3,2022-07-11 22:32:34
1,ENSINO MÉDIO INCOMPLETO,FEMININO,20 anos,131,57,"0,4351",0,0,2022-07-11 22:32:34
1,ENSINO MÉDIO INCOMPLETO,FEMININO,21 a 24 anos,660,607,"0,9197",0,3,2022-07-11 22:32:34
1,ENSINO MÉDIO INCOMPLETO,FEMININO,25 a 29 anos,354,347,"0,9802",0,2,2022-07-11 22:32:34
1,ENSINO MÉDIO INCOMPLETO,FEMININO,30 a 34 anos,191,186,"0,9738",0,0,2022-07-11 22:32:34
1,ENSINO MÉDIO INCOMPLETO,FEMININO,35 a 39 anos,207,205,"0,9903",0,0,2022-07-11 22:32:34
1,ENSINO MÉDIO INCOMPLETO,FEMININO,40 a 44 anos,198,191,"0,9646",0,0,2022-07-11 22:32:34
1,ENSINO MÉDIO INCOMPLETO,FEMININO,45 a 49 anos,187,184,"0,984",0,1,2022-07-11 22:32:34
1,ENSINO MÉDIO INCOMPLETO,FEMININO,50 a 54 anos,162,160,"0,9877",0,0,2022-07-11 22:32:34
1,ENSINO MÉDIO INCOMPLETO,FEMININO,55 a 59 anos,132,132,1,0,4,2022-07-11 22:32:34
1,ENSINO MÉDIO INCOMPLETO,FEMININO,60 a 64 anos,143,139,"0,972",0,3,2022-07-11 22:32:34
1,ENSINO MÉDIO INCOMPLETO,FEMININO,65 a 69 anos,115,114,"0,9913",0,2,2022-07-11 22:32:34
1,ENSINO MÉDIO INCOMPLETO,FEMININO,70 a 74 anos,49,48,"0,9796",0,4,2022-07-11 22:32:34
1,ENSINO MÉDIO INCOMPLETO,FEMININO,75 a 79 anos,40,40,1,0,2,2022-07-11 22:32:34
1,ENSINO MÉDIO INCOMPLETO,FEMININO,80 a 84 anos,36,35,"0,9722",0,0,2022-07-11 22:32:34
1,ENSINO MÉDIO INCOMPLETO,FEMININO,85 a 89 anos,26,25,"0,9615",0,1,2022-07-11 22:32:34
1,ENSINO MÉDIO INCOMPLETO,FEMININO,90 a 94 anos,8,7,"0,875",0,0,2022-07-11 22:32:34
1,ENSINO MÉDIO INCOMPLETO,FEMININO,95 a 99 anos,4,3,"0,75",0,1,2022-07-11 22:32:34
1,ENSINO MÉDIO INCOMPLETO,MASCULINO,16 anos,83,0,0,1,1,2022-07-11 22:32:34
1,ENSINO MÉDIO INCOMPLETO,MASCULINO,17 anos,129,0,0,0,2,2022-07-11 22:32:34
1,ENSINO MÉDIO INCOMPLETO,MASCULINO,18 anos,140,6,"0,0429",0,3,2022-07-11 22:32:34
1,ENSINO MÉDIO INCOMPLETO,MASCULINO,19 anos,124,32,"0,2581",1,2,2022-07-11 22:32:34
1,ENSINO MÉDIO INCOMPLETO,MASCULINO,20 anos,130,75,"0,5769",0,2,2022-07-11 22:32:34
1,ENSINO MÉDIO INCOMPLETO,MASCULINO,21 a 24 anos,701,663,"0,9458",0,1,2022-07-11 22:32:34
1,ENSINO MÉDIO INCOMPLETO,MASCULINO,25 a 29 anos,361,349,"0,9668",1,2,2022-07-11 22:32:34
1,ENSINO MÉDIO INCOMPLETO,MASCULINO,30 a 34 anos,211,202,"0,9573",0,0,2022-07-11 22:32:34
1,ENSINO MÉDIO INCOMPLETO,MASCULINO,35 a 39 anos,228,218,"0,9561",1,2,2022-07-11 22:32:34
1,ENSINO MÉDIO INCOMPLETO,MASCULINO,40 a 44 anos,179,171,"0,9553",0,2,2022-07-11 22:32:34
1,ENSINO MÉDIO INCOMPLETO,MASCULINO,45 a 49 anos,134,129,"0,9627",0,0,2022-07-11 22:32:34
1,ENSINO MÉDIO INCOMPLETO,MASCULINO,50 a 54 anos,160,150,"0,9375",0,0,2022-07-11 22:32:34
1,ENSINO MÉDIO INCOMPLETO,MASCULINO,55 a 59 anos,142,136,"0,9577",0,3,2022-07-11 22:32:34
1,ENSINO MÉDIO INCOMPLETO,MASCULINO,60 a 64 anos,100,99,"0,99",0,0,2022-07-11 22:32:34
1,ENSINO MÉDIO INCOMPLETO,MASCULINO,65 a 69 anos,74,70,"0,9459",0,4,2022-07-11 22:32:34
1,ENSINO MÉDIO INCOMPLETO,MASCULINO,70 a 74 anos,42,40,"0,9524",0,1,2022-07-11 22:32:34
1,ENSINO MÉDIO INCOMPLETO,MASCULINO,75 a 79 anos,31,29,"0,9355",0,2,2022-07-11 22:32:34
1,ENSINO MÉDIO INCOMPLETO,MASCULINO,80 a 84 anos,16,16,1,0,0,2022-07-11 22:32:34
1,ENSINO MÉDIO INCOMPLETO,MASCULINO,85 a 89 anos,6,6,1,0,0,2022-07-11 22:32:34
1,LÊ E ESCREVE,FEMININO,16 anos,1,0,0,0,0,2022-07-11 22:32:34
1,LÊ E ESCREVE,FEMININO,18 anos,1,0,0,0,0,2022-07-11 22:32:34
1,LÊ E ESCREVE,FEMININO,19 anos,1,0,0,0,0,2022-07-11 22:32:34
1,LÊ E ESCREVE,FEMININO,21 a 24 anos,1,1,1,0,0,2022-07-11 22:32:34
1,LÊ E ESCREVE,FEMININO,25 a 29 anos,3,3,1,0,0,2022-07-11 22:32:34
1,LÊ E ESCREVE,FEMININO,30 a 34 anos,4,3,"0,75",0,0,2022-07-11 22:32:34
1,LÊ E ESCREVE,FEMININO,35 a 39 anos,9,9,1,0,0,2022-07-11 22:32:34
1,LÊ E ESCREVE,FEMININO,40 a 44 anos,19,19,1,0,2,2022-07-11 22:32:34
1,LÊ E ESCREVE,FEMININO,45 a 49 anos,32,30,"0,9375",0,1,2022-07-11 22:32:34
1,LÊ E ESCREVE,FEMININO,50 a 54 anos,39,38,"0,9744",0,1,2022-07-11 22:32:34
1,LÊ E ESCREVE,FEMININO,55 a 59 anos,93,89,"0,957",0,1,2022-07-11 22:32:34
1,LÊ E ESCREVE,FEMININO,60 a 64 anos,94,94,1,0,2,2022-07-11 22:32:34
1,LÊ E ESCREVE,FEMININO,65 a 69 anos,102,98,"0,9608",0,6,2022-07-11 22:32:34
1,LÊ E ESCREVE,FEMININO,70 a 74 anos,77,76,"0,987",0,3,2022-07-11 22:32:34
1,LÊ E ESCREVE,FEMININO,75 a 79 anos,51,51,1,0,0,2022-07-11 22:32:34
1,LÊ E ESCREVE,FEMININO,80 a 84 anos,38,38,1,0,2,2022-07-11 22:32:34
1,LÊ E ESCREVE,FEMININO,85 a 89 anos,20,20,1,0,1,2022-07-11 22:32:34
1,LÊ E ESCREVE,FEMININO,90 a 94 anos,9,9,1,0,1,2022-07-11 22:32:34
1,LÊ E ESCREVE,FEMININO,95 a 99 anos,5,4,"0,8",0,2,2022-07-11 22:32:34
1,LÊ E ESCREVE,MASCULINO,16 anos,1,0,0,0,0,2022-07-11 22:32:34
1,LÊ E ESCREVE,MASCULINO,18 anos,2,0,0,0,0,2022-07-11 22:32:34
1,LÊ E ESCREVE,MASCULINO,19 anos,1,0,0,0,1,2022-07-11 22:32:34
1,LÊ E ESCREVE,MASCULINO,21 a 24 anos,5,4,"0,8",0,2,2022-07-11 22:32:34
1,LÊ E ESCREVE,MASCULINO,25 a 29 anos,5,5,1,0,0,2022-07-11 22:32:34
1,LÊ E ESCREVE,MASCULINO,30 a 34 anos,11,8,"0,7273",0,1,2022-07-11 22:32:34
1,LÊ E ESCREVE,MASCULINO,35 a 39 anos,23,23,1,0,2,2022-07-11 22:32:34
1,LÊ E ESCREVE,MASCULINO,40 a 44 anos,27,24,"0,8889",0,0,2022-07-11 22:32:34
1,LÊ E ESCREVE,MASCULINO,45 a 49 anos,18,16,"0,8889",1,1,2022-07-11 22:32:34
1,LÊ E ESCREVE,MASCULINO,50 a 54 anos,41,35,"0,8537",0,1,2022-07-11 22:32:34
1,LÊ E ESCREVE,MASCULINO,55 a 59 anos,72,67,"0,9306",0,2,2022-07-11 22:32:34
1,LÊ E ESCREVE,MASCULINO,60 a 64 anos,67,65,"0,9701",0,1,2022-07-11 22:32:34
1,LÊ E ESCREVE,MASCULINO,65 a 69 anos,62,61,"0,9839",0,1,2022-07-11 22:32:34
1,LÊ E ESCREVE,MASCULINO,70 a 74 anos,40,40,1,0,1,2022-07-11 22:32:34
1,LÊ E ESCREVE,MASCULINO,75 a 79 anos,16,16,1,0,1,2022-07-11 22:32:34
1,LÊ E ESCREVE,MASCULINO,80 a 84 anos,11,11,1,0,0,2022-07-11 22:32:34
1,LÊ E ESCREVE,MASCULINO,85 a 89 anos,2,2,1,0,0,2022-07-11 22:32:34
1,LÊ E ESCREVE,MASCULINO,90 a 94 anos,2,1,"0,5",0,1,2022-07-11 22:32:34
1,NÃO INFORMADO,FEMININO,90 a 94 anos,1,0,0,0,1,2022-07-11 22:32:34
1,SUPERIOR COMPLETO,FEMININO,100 anos ou mais,2,2,1,0,0,2022-07-11 22:32:34
1,SUPERIOR COMPLETO,FEMININO,21 a 24 anos,21,18,"0,8571",0,0,2022-07-11 22:32:34
1,SUPERIOR COMPLETO,FEMININO,25 a 29 anos,480,451,"0,9396",2,0,2022-07-11 22:32:34
1,SUPERIOR COMPLETO,FEMININO,30 a 34 anos,1756,1694,"0,9647",1,1,2022-07-11 22:32:34
1,SUPERIOR COMPLETO,FEMININO,35 a 39 anos,2370,2320,"0,9789",1,11,2022-07-11 22:32:34
1,SUPERIOR COMPLETO,FEMININO,40 a 44 anos,2448,2402,"0,9812",0,6,2022-07-11 22:32:34
1,SUPERIOR COMPLETO,FEMININO,45 a 49 anos,1895,1862,"0,9826",0,3,2022-07-11 22:32:34
1,SUPERIOR COMPLETO,FEMININO,50 a 54 anos,1764,1740,"0,9864",1,5,2022-07-11 22:32:34
1,SUPERIOR COMPLETO,FEMININO,55 a 59 anos,1990,1967,"0,9884",0,12,2022-07-11 22:32:34
1,SUPERIOR COMPLETO,FEMININO,60 a 64 anos,1953,1941,"0,9939",0,14,2022-07-11 22:32:34
1,SUPERIOR COMPLETO,FEMININO,65 a 69 anos,1649,1639,"0,9939",0,30,2022-07-11 22:32:34
1,SUPERIOR COMPLETO,FEMININO,70 a 74 anos,1379,1372,"0,9949",0,41,2022-07-11 22:32:34
1,SUPERIOR COMPLETO,FEMININO,75 a 79 anos,910,899,"0,9879",0,30,2022-07-11 22:32:34
1,SUPERIOR COMPLETO,FEMININO,80 a 84 anos,521,512,"0,9827",0,14,2022-07-11 22:32:34
1,SUPERIOR COMPLETO,FEMININO,85 a 89 anos,261,257,"0,9847",0,15,2022-07-11 22:32:34
1,SUPERIOR COMPLETO,FEMININO,90 a 94 anos,88,85,"0,9659",0,3,2022-07-11 22:32:34
1,SUPERIOR COMPLETO,FEMININO,95 a 99 anos,21,20,"0,9524",0,6,2022-07-11 22:32:34
1,SUPERIOR COMPLETO,MASCULINO,100 anos ou mais,1,1,1,0,0,2022-07-11 22:32:34
1,SUPERIOR COMPLETO,MASCULINO,18 anos,1,0,0,0,0,2022-07-11 22:32:34
1,SUPERIOR COMPLETO,MASCULINO,21 a 24 anos,25,19,"0,76",0,0,2022-07-11 22:32:34
1,SUPERIOR COMPLETO,MASCULINO,25 a 29 anos,331,298,"0,9003",1,2,2022-07-11 22:32:34
1,SUPERIOR COMPLETO,MASCULINO,30 a 34 anos,1292,1245,"0,9636",0,2,2022-07-11 22:32:34
1,SUPERIOR COMPLETO,MASCULINO,35 a 39 anos,1791,1739,"0,971",0,8,2022-07-11 22:32:34
1,SUPERIOR COMPLETO,MASCULINO,40 a 44 anos,1818,1764,"0,9703",1,9,2022-07-11 22:32:34
1,SUPERIOR COMPLETO,MASCULINO,45 a 49 anos,1421,1395,"0,9817",0,9,2022-07-11 22:32:34
1,SUPERIOR COMPLETO,MASCULINO,50 a 54 anos,1167,1139,"0,976",0,6,2022-07-11 22:32:34
1,SUPERIOR COMPLETO,MASCULINO,55 a 59 anos,1294,1268,"0,9799",0,5,2022-07-11 22:32:34
1,SUPERIOR COMPLETO,MASCULINO,60 a 64 anos,1240,1226,"0,9887",0,9,2022-07-11 22:32:34
1,SUPERIOR COMPLETO,MASCULINO,65 a 69 anos,1064,1056,"0,9925",0,18,2022-07-11 22:32:34
1,SUPERIOR COMPLETO,MASCULINO,70 a 74 anos,906,899,"0,9923",0,17,2022-07-11 22:32:34
1,SUPERIOR COMPLETO,MASCULINO,75 a 79 anos,602,591,"0,9817",0,20,2022-07-11 22:32:34
1,SUPERIOR COMPLETO,MASCULINO,80 a 84 anos,327,322,"0,9847",0,9,2022-07-11 22:32:34
1,SUPERIOR COMPLETO,MASCULINO,85 a 89 anos,175,174,"0,9943",0,7,2022-07-11 22:32:34
1,SUPERIOR COMPLETO,MASCULINO,90 a 94 anos,61,60,"0,9836",0,2,2022-07-11 22:32:34
1,SUPERIOR COMPLETO,MASCULINO,95 a 99 anos,16,16,1,0,1,2022-07-11 22:32:34
1,SUPERIOR INCOMPLETO,FEMININO,17 anos,3,0,0,0,0,2022-07-11 22:32:34
1,SUPERIOR INCOMPLETO,FEMININO,18 anos,21,0,0,0,0,2022-07-11 22:32:34
1,SUPERIOR INCOMPLETO,FEMININO,19 anos,64,2,"0,0313",0,1,2022-07-11 22:32:34
1,SUPERIOR INCOMPLETO,FEMININO,20 anos,77,25,"0,3247",0,0,2022-07-11 22:32:34
1,SUPERIOR INCOMPLETO,FEMININO,21 a 24 anos,439,393,"0,8952",2,4,2022-07-11 22:32:34
1,SUPERIOR INCOMPLETO,FEMININO,25 a 29 anos,1134,1114,"0,9824",0,2,2022-07-11 22:32:34
1,SUPERIOR INCOMPLETO,FEMININO,30 a 34 anos,532,523,"0,9831",0,1,2022-07-11 22:32:34
1,SUPERIOR INCOMPLETO,FEMININO,35 a 39 anos,319,307,"0,9624",1,0,2022-07-11 22:32:34
1,SUPERIOR INCOMPLETO,FEMININO,40 a 44 anos,281,275,"0,9786",0,2,2022-07-11 22:32:34
1,SUPERIOR INCOMPLETO,FEMININO,45 a 49 anos,202,192,"0,9505",0,0,2022-07-11 22:32:34
1,SUPERIOR INCOMPLETO,FEMININO,50 a 54 anos,175,171,"0,9771",0,1,2022-07-11 22:32:34
1,SUPERIOR INCOMPLETO,FEMININO,55 a 59 anos,230,225,"0,9783",0,2,2022-07-11 22:32:34
1,SUPERIOR INCOMPLETO,FEMININO,60 a 64 anos,227,226,"0,9956",0,3,2022-07-11 22:32:34
1,SUPERIOR INCOMPLETO,FEMININO,65 a 69 anos,175,173,"0,9886",0,2,2022-07-11 22:32:34
1,SUPERIOR INCOMPLETO,FEMININO,70 a 74 anos,115,115,1,0,5,2022-07-11 22:32:34
1,SUPERIOR INCOMPLETO,FEMININO,75 a 79 anos,61,61,1,0,1,2022-07-11 22:32:34
1,SUPERIOR INCOMPLETO,FEMININO,80 a 84 anos,33,31,"0,9394",0,4,2022-07-11 22:32:34
1,SUPERIOR INCOMPLETO,FEMININO,85 a 89 anos,11,11,1,0,0,2022-07-11 22:32:34
1,SUPERIOR INCOMPLETO,FEMININO,90 a 94 anos,2,2,1,0,0,2022-07-11 22:32:34
1,SUPERIOR INCOMPLETO,MASCULINO,16 anos,1,0,0,0,0,2022-07-11 22:32:34
1,SUPERIOR INCOMPLETO,MASCULINO,17 anos,2,0,0,0,0,2022-07-11 22:32:34
1,SUPERIOR INCOMPLETO,MASCULINO,18 anos,21,0,0,0,0,2022-07-11 22:32:34
1,SUPERIOR INCOMPLETO,MASCULINO,19 anos,46,4,"0,087",0,0,2022-07-11 22:32:34
1,SUPERIOR INCOMPLETO,MASCULINO,20 anos,52,17,"0,3269",0,0,2022-07-11 22:32:34
1,SUPERIOR INCOMPLETO,MASCULINO,21 a 24 anos,349,310,"0,8883",0,3,2022-07-11 22:32:34
1,SUPERIOR INCOMPLETO,MASCULINO,25 a 29 anos,1016,996,"0,9803",1,1,2022-07-11 22:32:34
1,SUPERIOR INCOMPLETO,MASCULINO,30 a 34 anos,530,511,"0,9642",0,2,2022-07-11 22:32:34
1,SUPERIOR INCOMPLETO,MASCULINO,35 a 39 anos,375,362,"0,9653",1,0,2022-07-11 22:32:34
1,SUPERIOR INCOMPLETO,MASCULINO,40 a 44 anos,315,305,"0,9683",1,2,2022-07-11 22:32:34
1,SUPERIOR INCOMPLETO,MASCULINO,45 a 49 anos,174,164,"0,9425",0,0,2022-07-11 22:32:34
1,SUPERIOR INCOMPLETO,MASCULINO,50 a 54 anos,163,153,"0,9387",0,1,2022-07-11 22:32:34
1,SUPERIOR INCOMPLETO,MASCULINO,55 a 59 anos,219,212,"0,968",0,2,2022-07-11 22:32:34
1,SUPERIOR INCOMPLETO,MASCULINO,60 a 64 anos,196,188,"0,9592",0,2,2022-07-11 22:32:34
1,SUPERIOR INCOMPLETO,MASCULINO,65 a 69 anos,168,166,"0,9881",0,5,2022-07-11 22:32:34
1,SUPERIOR INCOMPLETO,MASCULINO,70 a 74 anos,121,118,"0,9752",0,3,2022-07-11 22:32:34
1,SUPERIOR INCOMPLETO,MASCULINO,75 a 79 anos,51,50,"0,9804",0,1,2022-07-11 22:32:34
1,SUPERIOR INCOMPLETO,MASCULINO,80 a 84 anos,17,17,1,0,0,2022-07-11 22:32:34
1,SUPERIOR INCOMPLETO,MASCULINO,85 a 89 anos,8,7,"0,875",0,1,2022-07-11 22:32:34
1,SUPERIOR INCOMPLETO,MASCULINO,90 a 94 anos,3,3,1,0,1,2022-07-11 22:32:34
1,SUPERIOR INCOMPLETO,MASCULINO,95 a 99 anos,1,1,1,0,0,2022-07-11 22:32:34
2,ANALFABETO,FEMININO,21 a 24 anos,1,0,0,0,1,2022-07-11 22:32:34
2,ANALFABETO,FEMININO,25 a 29 anos,4,3,"0,75",0,3,2022-07-11 22:32:34
2,ANALFABETO,FEMININO,30 a 34 anos,4,3,"0,75",0,2,2022-07-11 22:32:34
2,ANALFABETO,FEMININO,35 a 39 anos,2,2,1,0,0,2022-07-11 22:32:34
2,ANALFABETO,FEMININO,40 a 44 anos,5,5,1,0,0,2022-07-11 22:32:34
2,ANALFABETO,FEMININO,45 a 49 anos,8,8,1,0,0,2022-07-11 22:32:34
2,ANALFABETO,FEMININO,50 a 54 anos,20,19,"0,95",0,0,2022-07-11 22:32:34
2,ANALFABETO,FEMININO,55 a 59 anos,21,20,"0,9524",0,4,2022-07-11 22:32:34
2,ANALFABETO,FEMININO,60 a 64 anos,35,31,"0,8857",0,2,2022-07-11 22:32:34
2,ANALFABETO,FEMININO,65 a 69 anos,58,49,"0,8448",0,5,2022-07-11 22:32:34
2,ANALFABETO,FEMININO,70 a 74 anos,53,53,1,0,5,2022-07-11 22:32:34
2,ANALFABETO,FEMININO,75 a 79 anos,32,32,1,0,1,2022-07-11 22:32:34
2,ANALFABETO,FEMININO,80 a 84 anos,16,16,1,0,0,2022-07-11 22:32:34
2,ANALFABETO,FEMININO,85 a 89 anos,11,11,1,0,1,2022-07-11 22:32:34
2,ANALFABETO,FEMININO,90 a 94 anos,4,4,1,0,0,2022-07-11 22:32:34
2,ANALFABETO,FEMININO,95 a 99 anos,1,1,1,0,0,2022-07-11 22:32:34
2,ANALFABETO,MASCULINO,17 anos,1,0,0,0,1,2022-07-11 22:32:34
2,ANALFABETO,MASCULINO,18 anos,1,0,0,0,0,2022-07-11 22:32:34
2,ANALFABETO,MASCULINO,21 a 24 anos,6,3,"0,5",0,1,2022-07-11 22:32:34
2,ANALFABETO,MASCULINO,25 a 29 anos,7,6,"0,8571",0,3,2022-07-11 22:32:34
2,ANALFABETO,MASCULINO,30 a 34 anos,9,8,"0,8889",0,5,2022-07-11 22:32:34
2,ANALFABETO,MASCULINO,35 a 39 anos,12,10,"0,8333",0,2,2022-07-11 22:32:34
2,ANALFABETO,MASCULINO,40 a 44 anos,6,4,"0,6667",0,1,2022-07-11 22:32:34
2,ANALFABETO,MASCULINO,45 a 49 anos,14,11,"0,7857",0,3,2022-07-11 22:32:34
2,ANALFABETO,MASCULINO,50 a 54 anos,17,12,"0,7059",0,0,2022-07-11 22:32:34
2,ANALFABETO,MASCULINO,55 a 59 anos,20,18,"0,9",0,1,2022-07-11 22:32:34
2,ANALFABETO,MASCULINO,60 a 64 anos,18,16,"0,8889",0,4,2022-07-11 22:32:34
2,ANALFABETO,MASCULINO,65 a 69 anos,18,16,"0,8889",0,2,2022-07-11 22:32:34
2,ANALFABETO,MASCULINO,70 a 74 anos,15,15,1,0,1,2022-07-11 22:32:34
2,ANALFABETO,MASCULINO,75 a 79 anos,7,7,1,0,0,2022-07-11 22:32:34
2,ANALFABETO,MASCULINO,80 a 84 anos,2,2,1,0,1,2022-07-11 22:32:34
2,ANALFABETO,MASCULINO,85 a 89 anos,3,3,1,0,1,2022-07-11 22:32:34
2,ENSINO FUNDAMENTAL COMPLETO,FEMININO,100 anos ou mais,3,3,1,0,1,2022-07-11 22:32:34
2,ENSINO FUNDAMENTAL COMPLETO,FEMININO,16 anos,13,0,0,0,0,2022-07-11 22:32:34
2,ENSINO FUNDAMENTAL COMPLETO,FEMININO,17 anos,14,0,0,0,0,2022-07-11 22:32:34
2,ENSINO FUNDAMENTAL COMPLETO,FEMININO,18 anos,13,0,0,0,0,2022-07-11 22:32:34
2,ENSINO FUNDAMENTAL COMPLETO,FEMININO,19 anos,8,2,"0,25",0,0,2022-07-11 22:32:34
2,ENSINO FUNDAMENTAL COMPLETO,FEMININO,20 anos,12,3,"0,25",0,1,2022-07-11 22:32:34
2,ENSINO FUNDAMENTAL COMPLETO,FEMININO,21 a 24 anos,55,48,"0,8727",0,0,2022-07-11 22:32:34
2,ENSINO FUNDAMENTAL COMPLETO,FEMININO,25 a 29 anos,76,76,1,0,3,2022-07-11 22:32:34
2,ENSINO FUNDAMENTAL COMPLETO,FEMININO,30 a 34 anos,76,74,"0,9737",1,0,2022-07-11 22:32:34
2,ENSINO FUNDAMENTAL COMPLETO,FEMININO,35 a 39 anos,90,87,"0,9667",0,0,2022-07-11 22:32:34
2,ENSINO FUNDAMENTAL COMPLETO,FEMININO,40 a 44 anos,158,154,"0,9747",0,1,2022-07-11 22:32:34
2,ENSINO FUNDAMENTAL COMPLETO,FEMININO,45 a 49 anos,171,170,"0,9942",0,1,2022-07-11 22:32:34
2,ENSINO FUNDAMENTAL COMPLETO,FEMININO,50 a 54 anos,201,197,"0,9801",0,1,2022-07-11 22:32:34
2,ENSINO FUNDAMENTAL COMPLETO,FEMININO,55 a 59 anos,256,251,"0,9805",0,3,2022-07-11 22:32:34
2,ENSINO FUNDAMENTAL COMPLETO,FEMININO,60 a 64 anos,249,246,"0,988",0,2,2022-07-11 22:32:34
2,ENSINO FUNDAMENTAL COMPLETO,FEMININO,65 a 69 anos,211,205,"0,9716",0,2,2022-07-11 22:32:34
2,ENSINO FUNDAMENTAL COMPLETO,FEMININO,70 a 74 anos,184,184,1,0,4,2022-07-11 22:32:34
2,ENSINO FUNDAMENTAL COMPLETO,FEMININO,75 a 79 anos,85,85,1,0,1,2022-07-11 22:32:34
2,ENSINO FUNDAMENTAL COMPLETO,FEMININO,80 a 84 anos,76,75,"0,9868",0,1,2022-07-11 22:32:34
2,ENSINO FUNDAMENTAL COMPLETO,FEMININO,85 a 89 anos,28,28,1,0,1,2022-07-11 22:32:34
2,ENSINO FUNDAMENTAL COMPLETO,FEMININO,90 a 94 anos,21,19,"0,9048",0,1,2022-07-11 22:32:34
2,ENSINO FUNDAMENTAL COMPLETO,FEMININO,95 a 99 anos,4,4,1,0,0,2022-07-11 22:32:34
2,ENSINO FUNDAMENTAL COMPLETO,MASCULINO,16 anos,5,0,0,0,0,2022-07-11 22:32:34
2,ENSINO FUNDAMENTAL COMPLETO,MASCULINO,17 anos,12,0,0,1,0,2022-07-11 22:32:34
2,ENSINO FUNDAMENTAL COMPLETO,MASCULINO,18 anos,9,0,0,0,0,2022-07-11 22:32:34
2,ENSINO FUNDAMENTAL COMPLETO,MASCULINO,19 anos,9,4,"0,4444",0,0,2022-07-11 22:32:34
2,ENSINO FUNDAMENTAL COMPLETO,MASCULINO,20 anos,11,3,"0,2727",0,1,2022-07-11 22:32:34
2,ENSINO FUNDAMENTAL COMPLETO,MASCULINO,21 a 24 anos,50,44,"0,88",0,0,2022-07-11 22:32:34
2,ENSINO FUNDAMENTAL COMPLETO,MASCULINO,25 a 29 anos,89,87,"0,9775",0,1,2022-07-11 22:32:34
2,ENSINO FUNDAMENTAL COMPLETO,MASCULINO,30 a 34 anos,110,108,"0,9818",0,1,2022-07-11 22:32:34
2,ENSINO FUNDAMENTAL COMPLETO,MASCULINO,35 a 39 anos,152,145,"0,9539",0,2,2022-07-11 22:32:34
2,ENSINO FUNDAMENTAL COMPLETO,MASCULINO,40 a 44 anos,182,179,"0,9835",0,0,2022-07-11 22:32:34
2,ENSINO FUNDAMENTAL COMPLETO,MASCULINO,45 a 49 anos,187,181,"0,9679",0,0,2022-07-11 22:32:34
2,ENSINO FUNDAMENTAL COMPLETO,MASCULINO,50 a 54 anos,204,198,"0,9706",0,4,2022-07-11 22:32:34
2,ENSINO FUNDAMENTAL COMPLETO,MASCULINO,55 a 59 anos,258,251,"0,9729",0,0,2022-07-11 22:32:34
2,ENSINO FUNDAMENTAL COMPLETO,MASCULINO,60 a 64 anos,256,252,"0,9844",0,6,2022-07-11 22:32:34
2,ENSINO FUNDAMENTAL COMPLETO,MASCULINO,65 a 69 anos,187,183,"0,9786",0,7,2022-07-11 22:32:34
2,ENSINO FUNDAMENTAL COMPLETO,MASCULINO,70 a 74 anos,112,112,1,0,5,2022-07-11 22:32:34
2,ENSINO FUNDAMENTAL COMPLETO,MASCULINO,75 a 79 anos,58,58,1,0,3,2022-07-11 22:32:34
2,ENSINO FUNDAMENTAL COMPLETO,MASCULINO,80 a 84 anos,31,31,1,0,1,2022-07-11 22:32:34
2,ENSINO FUNDAMENTAL COMPLETO,MASCULINO,85 a 89 anos,10,10,1,0,0,2022-07-11 22:32:34
2,ENSINO FUNDAMENTAL COMPLETO,MASCULINO,90 a 94 anos,3,3,1,0,1,2022-07-11 22:32:34
2,ENSINO FUNDAMENTAL INCOMPLETO,FEMININO,16 anos,16,0,0,0,0,2022-07-11 22:32:34
2,ENSINO FUNDAMENTAL INCOMPLETO,FEMININO,17 anos,15,0,0,0,0,2022-07-11 22:32:34
2,ENSINO FUNDAMENTAL INCOMPLETO,FEMININO,18 anos,24,2,"0,0833",0,0,2022-07-11 22:32:34
2,ENSINO FUNDAMENTAL INCOMPLETO,FEMININO,19 anos,31,13,"0,4194",0,0,2022-07-11 22:32:34
2,ENSINO FUNDAMENTAL INCOMPLETO,FEMININO,20 anos,18,9,"0,5",0,0,2022-07-11 22:32:34
2,ENSINO FUNDAMENTAL INCOMPLETO,FEMININO,21 a 24 anos,302,272,"0,9007",0,2,2022-07-11 22:32:34
2,ENSINO FUNDAMENTAL INCOMPLETO,FEMININO,25 a 29 anos,351,336,"0,9573",0,4,2022-07-11 22:32:34
2,ENSINO FUNDAMENTAL INCOMPLETO,FEMININO,30 a 34 anos,283,272,"0,9611",0,4,2022-07-11 22:32:34
2,ENSINO FUNDAMENTAL INCOMPLETO,FEMININO,35 a 39 anos,389,376,"0,9666",0,6,2022-07-11 22:32:34
2,ENSINO FUNDAMENTAL INCOMPLETO,FEMININO,40 a 44 anos,542,533,"0,9834",0,6,2022-07-11 22:32:34
2,ENSINO FUNDAMENTAL INCOMPLETO,FEMININO,45 a 49 anos,656,647,"0,9863",0,2,2022-07-11 22:32:34
2,ENSINO FUNDAMENTAL INCOMPLETO,FEMININO,50 a 54 anos,707,698,"0,9873",0,10,2022-07-11 22:32:34
2,ENSINO FUNDAMENTAL INCOMPLETO,FEMININO,55 a 59 anos,742,735,"0,9906",0,8,2022-07-11 22:32:34
2,ENSINO FUNDAMENTAL INCOMPLETO,FEMININO,60 a 64 anos,680,673,"0,9897",0,10,2022-07-11 22:32:34
2,ENSINO FUNDAMENTAL INCOMPLETO,FEMININO,65 a 69 anos,562,556,"0,9893",0,15,2022-07-11 22:32:34
2,ENSINO FUNDAMENTAL INCOMPLETO,FEMININO,70 a 74 anos,502,500,"0,996",0,18,2022-07-11 22:32:34
2,ENSINO FUNDAMENTAL INCOMPLETO,FEMININO,75 a 79 anos,230,229,"0,9957",0,8,2022-07-11 22:32:34
2,ENSINO FUNDAMENTAL INCOMPLETO,FEMININO,80 a 84 anos,126,126,1,0,1,2022-07-11 22:32:34
2,ENSINO FUNDAMENTAL INCOMPLETO,FEMININO,85 a 89 anos,78,77,"0,9872",0,6,2022-07-11 22:32:34
2,ENSINO FUNDAMENTAL INCOMPLETO,FEMININO,90 a 94 anos,24,21,"0,875",0,4,2022-07-11 22:32:34
2,ENSINO FUNDAMENTAL INCOMPLETO,FEMININO,95 a 99 anos,4,4,1,0,0,2022-07-11 22:32:34
2,ENSINO FUNDAMENTAL INCOMPLETO,MASCULINO,100 anos ou mais,1,1,1,0,0,2022-07-11 22:32:34
2,ENSINO FUNDAMENTAL INCOMPLETO,MASCULINO,16 anos,16,0,0,0,0,2022-07-11 22:32:34
2,ENSINO FUNDAMENTAL INCOMPLETO,MASCULINO,17 anos,30,0,0,0,1,2022-07-11 22:32:34
2,ENSINO FUNDAMENTAL INCOMPLETO,MASCULINO,18 anos,26,0,0,0,0,2022-07-11 22:32:34
2,ENSINO FUNDAMENTAL INCOMPLETO,MASCULINO,19 anos,36,15,"0,4167",0,1,2022-07-11 22:32:34
2,ENSINO FUNDAMENTAL INCOMPLETO,MASCULINO,20 anos,35,21,"0,6",0,1,2022-07-11 22:32:34
2,ENSINO FUNDAMENTAL INCOMPLETO,MASCULINO,21 a 24 anos,328,294,"0,8963",0,5,2022-07-11 22:32:34
2,ENSINO FUNDAMENTAL INCOMPLETO,MASCULINO,25 a 29 anos,438,410,"0,9361",0,4,2022-07-11 22:32:34
2,ENSINO FUNDAMENTAL INCOMPLETO,MASCULINO,30 a 34 anos,345,322,"0,9333",0,5,2022-07-11 22:32:34
2,ENSINO FUNDAMENTAL INCOMPLETO,MASCULINO,35 a 39 anos,457,437,"0,9562",0,5,2022-07-11 22:32:34
2,ENSINO FUNDAMENTAL INCOMPLETO,MASCULINO,40 a 44 anos,536,512,"0,9552",0,6,2022-07-11 22:32:34
2,ENSINO FUNDAMENTAL INCOMPLETO,MASCULINO,45 a 49 anos,603,573,"0,9502",0,8,2022-07-11 22:32:34
2,ENSINO FUNDAMENTAL INCOMPLETO,MASCULINO,50 a 54 anos,707,680,"0,9618",0,11,2022-07-11 22:32:34
2,ENSINO FUNDAMENTAL INCOMPLETO,MASCULINO,55 a 59 anos,588,569,"0,9677",0,10,2022-07-11 22:32:34
2,ENSINO FUNDAMENTAL INCOMPLETO,MASCULINO,60 a 64 anos,490,482,"0,9837",0,9,2022-07-11 22:32:34
2,ENSINO FUNDAMENTAL INCOMPLETO,MASCULINO,65 a 69 anos,348,341,"0,9799",0,12,2022-07-11 22:32:34
2,ENSINO FUNDAMENTAL INCOMPLETO,MASCULINO,70 a 74 anos,276,275,"0,9964",0,19,2022-07-11 22:32:34
2,ENSINO FUNDAMENTAL INCOMPLETO,MASCULINO,75 a 79 anos,125,125,1,0,4,2022-07-11 22:32:34
2,ENSINO FUNDAMENTAL INCOMPLETO,MASCULINO,80 a 84 anos,45,45,1,0,2,2022-07-11 22:32:34
2,ENSINO FUNDAMENTAL INCOMPLETO,MASCULINO,85 a 89 anos,21,20,"0,9524",0,1,2022-07-11 22:32:34
2,ENSINO FUNDAMENTAL INCOMPLETO,MASCULINO,90 a 94 anos,8,8,1,0,0,2022-07-11 22:32:34
2,ENSINO MÉDIO COMPLETO,FEMININO,100 anos ou mais,1,1,1,0,0,2022-07-11 22:32:34
2,ENSINO MÉDIO COMPLETO,FEMININO,16 anos,5,0,0,1,0,2022-07-11 22:32:34
2,ENSINO MÉDIO COMPLETO,FEMININO,17 anos,11,0,0,0,0,2022-07-11 22:32:34
2,ENSINO MÉDIO COMPLETO,FEMININO,18 anos,140,3,"0,0214",1,0,2022-07-11 22:32:34
2,ENSINO MÉDIO COMPLETO,FEMININO,19 anos,183,6,"0,0328",0,0,2022-07-11 22:32:34
2,ENSINO MÉDIO COMPLETO,FEMININO,20 anos,225,66,"0,2933",1,0,2022-07-11 22:32:34
2,ENSINO MÉDIO COMPLETO,FEMININO,21 a 24 anos,1062,957,"0,9011",1,2,2022-07-11 22:32:34
2,ENSINO MÉDIO COMPLETO,FEMININO,25 a 29 anos,1658,1625,"0,9801",2,1,2022-07-11 22:32:34
2,ENSINO MÉDIO COMPLETO,FEMININO,30 a 34 anos,1471,1449,"0,985",0,5,2022-07-11 22:32:34
2,ENSINO MÉDIO COMPLETO,FEMININO,35 a 39 anos,2020,1995,"0,9876",1,7,2022-07-11 22:32:34
2,ENSINO MÉDIO COMPLETO,FEMININO,40 a 44 anos,2186,2161,"0,9886",1,3,2022-07-11 22:32:34
2,ENSINO MÉDIO COMPLETO,FEMININO,45 a 49 anos,1861,1843,"0,9903",1,10,2022-07-11 22:32:34
2,ENSINO MÉDIO COMPLETO,FEMININO,50 a 54 anos,1663,1653,"0,994",0,4,2022-07-11 22:32:34
2,ENSINO MÉDIO COMPLETO,FEMININO,55 a 59 anos,1592,1579,"0,9918",0,6,2022-07-11 22:32:34
2,ENSINO MÉDIO COMPLETO,FEMININO,60 a 64 anos,1358,1346,"0,9912",0,9,2022-07-11 22:32:34
2,ENSINO MÉDIO COMPLETO,FEMININO,65 a 69 anos,979,973,"0,9939",0,33,2022-07-11 22:32:34
2,ENSINO MÉDIO COMPLETO,FEMININO,70 a 74 anos,677,675,"0,997",0,25,2022-07-11 22:32:34
2,ENSINO MÉDIO COMPLETO,FEMININO,75 a 79 anos,338,336,"0,9941",0,12,2022-07-11 22:32:34
2,ENSINO MÉDIO COMPLETO,FEMININO,80 a 84 anos,197,192,"0,9746",0,4,2022-07-11 22:32:34
2,ENSINO MÉDIO COMPLETO,FEMININO,85 a 89 anos,98,95,"0,9694",0,4,2022-07-11 22:32:34
2,ENSINO MÉDIO COMPLETO,FEMININO,90 a 94 anos,32,31,"0,9688",0,3,2022-07-11 22:32:34
2,ENSINO MÉDIO COMPLETO,FEMININO,95 a 99 anos,5,5,1,0,0,2022-07-11 22:32:34
2,ENSINO MÉDIO COMPLETO,MASCULINO,16 anos,2,0,0,0,0,2022-07-11 22:32:34
2,ENSINO MÉDIO COMPLETO,MASCULINO,17 anos,10,0,0,0,0,2022-07-11 22:32:34
2,ENSINO MÉDIO COMPLETO,MASCULINO,18 anos,108,1,"0,0093",0,0,2022-07-11 22:32:34
2,ENSINO MÉDIO COMPLETO,MASCULINO,19 anos,153,4,"0,0261",0,1,2022-07-11 22:32:34
2,ENSINO MÉDIO COMPLETO,MASCULINO,20 anos,143,47,"0,3287",1,2,2022-07-11 22:32:34
2,ENSINO MÉDIO COMPLETO,MASCULINO,21 a 24 anos,747,647,"0,8661",0,2,2022-07-11 22:32:34
2,ENSINO MÉDIO COMPLETO,MASCULINO,25 a 29 anos,1455,1424,"0,9787",1,1,2022-07-11 22:32:34
2,ENSINO MÉDIO COMPLETO,MASCULINO,30 a 34 anos,1301,1276,"0,9808",2,6,2022-07-11 22:32:34
2,ENSINO MÉDIO COMPLETO,MASCULINO,35 a 39 anos,1667,1636,"0,9814",0,6,2022-07-11 22:32:34
2,ENSINO MÉDIO COMPLETO,MASCULINO,40 a 44 anos,1703,1675,"0,9836",0,3,2022-07-11 22:32:34
2,ENSINO MÉDIO COMPLETO,MASCULINO,45 a 49 anos,1389,1357,"0,977",0,6,2022-07-11 22:32:34
2,ENSINO MÉDIO COMPLETO,MASCULINO,50 a 54 anos,1257,1240,"0,9865",1,3,2022-07-11 22:32:34
2,ENSINO MÉDIO COMPLETO,MASCULINO,55 a 59 anos,1281,1261,"0,9844",0,4,2022-07-11 22:32:34
2,ENSINO MÉDIO COMPLETO,MASCULINO,60 a 64 anos,922,907,"0,9837",1,9,2022-07-11 22:32:34
2,ENSINO MÉDIO COMPLETO,MASCULINO,65 a 69 anos,616,611,"0,9919",0,17,2022-07-11 22:32:34
2,ENSINO MÉDIO COMPLETO,MASCULINO,70 a 74 anos,388,387,"0,9974",0,6,2022-07-11 22:32:34
2,ENSINO MÉDIO COMPLETO,MASCULINO,75 a 79 anos,192,185,"0,9635",0,1,2022-07-11 22:32:34
2,ENSINO MÉDIO COMPLETO,MASCULINO,80 a 84 anos,78,76,"0,9744",0,3,2022-07-11 22:32:34
2,ENSINO MÉDIO COMPLETO,MASCULINO,85 a 89 anos,36,36,1,0,1,2022-07-11 22:32:34
2,ENSINO MÉDIO COMPLETO,MASCULINO,90 a 94 anos,19,18,"0,9474",0,3,2022-07-11 22:32:34
2,ENSINO MÉDIO COMPLETO,MASCULINO,95 a 99 anos,2,2,1,0,0,2022-07-11 22:32:34
2,ENSINO MÉDIO INCOMPLETO,FEMININO,16 anos,147,0,0,0,1,2022-07-11 22:32:34
2,ENSINO MÉDIO INCOMPLETO,FEMININO,17 anos,234,0,0,2,0,2022-07-11 22:32:34
2,ENSINO MÉDIO INCOMPLETO,FEMININO,18 anos,237,7,"0,0295",0,1,2022-07-11 22:32:34
2,ENSINO MÉDIO INCOMPLETO,FEMININO,19 anos,192,32,"0,1667",1,2,2022-07-11 22:32:34
2,ENSINO MÉDIO INCOMPLETO,FEMININO,20 anos,244,130,"0,5328",2,1,2022-07-11 22:32:34
2,ENSINO MÉDIO INCOMPLETO,FEMININO,21 a 24 anos,1196,1098,"0,9181",3,2,2022-07-11 22:32:34
2,ENSINO MÉDIO INCOMPLETO,FEMININO,25 a 29 anos,685,668,"0,9752",0,5,2022-07-11 22:32:34
2,ENSINO MÉDIO INCOMPLETO,FEMININO,30 a 34 anos,414,408,"0,9855",0,0,2022-07-11 22:32:34
2,ENSINO MÉDIO INCOMPLETO,FEMININO,35 a 39 anos,486,479,"0,9856",0,1,2022-07-11 22:32:34
2,ENSINO MÉDIO INCOMPLETO,FEMININO,40 a 44 anos,446,444,"0,9955",0,1,2022-07-11 22:32:34
2,ENSINO MÉDIO INCOMPLETO,FEMININO,45 a 49 anos,353,349,"0,9887",0,1,2022-07-11 22:32:34
2,ENSINO MÉDIO INCOMPLETO,FEMININO,50 a 54 anos,363,356,"0,9807",0,1,2022-07-11 22:32:34
2,ENSINO MÉDIO INCOMPLETO,FEMININO,55 a 59 anos,305,302,"0,9902",0,2,2022-07-11 22:32:34
2,ENSINO MÉDIO INCOMPLETO,FEMININO,60 a 64 anos,236,235,"0,9958",0,2,2022-07-11 22:32:34
2,ENSINO MÉDIO INCOMPLETO,FEMININO,65 a 69 anos,145,142,"0,9793",0,3,2022-07-11 22:32:34
2,ENSINO MÉDIO INCOMPLETO,FEMININO,70 a 74 anos,99,99,1,0,3,2022-07-11 22:32:34
2,ENSINO MÉDIO INCOMPLETO,FEMININO,75 a 79 anos,42,42,1,0,2,2022-07-11 22:32:34
2,ENSINO MÉDIO INCOMPLETO,FEMININO,80 a 84 anos,15,15,1,0,0,2022-07-11 22:32:34
2,ENSINO MÉDIO INCOMPLETO,FEMININO,85 a 89 anos,4,4,1,0,0,2022-07-11 22:32:34
2,ENSINO MÉDIO INCOMPLETO,FEMININO,90 a 94 anos,2,2,1,0,0,2022-07-11 22:32:34
2,ENSINO MÉDIO INCOMPLETO,FEMININO,95 a 99 anos,1,1,1,0,0,2022-07-11 22:32:34
2,ENSINO MÉDIO INCOMPLETO,MASCULINO,16 anos,107,0,0,0,1,2022-07-11 22:32:34
2,ENSINO MÉDIO INCOMPLETO,MASCULINO,17 anos,155,0,0,0,3,2022-07-11 22:32:34
2,ENSINO MÉDIO INCOMPLETO,MASCULINO,18 anos,221,9,"0,0407",0,2,2022-07-11 22:32:34
2,ENSINO MÉDIO INCOMPLETO,MASCULINO,19 anos,212,41,"0,1934",1,4,2022-07-11 22:32:34
2,ENSINO MÉDIO INCOMPLETO,MASCULINO,20 anos,223,113,"0,5067",1,1,2022-07-11 22:32:34
2,ENSINO MÉDIO INCOMPLETO,MASCULINO,21 a 24 anos,1240,1162,"0,9371",1,2,2022-07-11 22:32:34
2,ENSINO MÉDIO INCOMPLETO,MASCULINO,25 a 29 anos,765,752,"0,983",0,0,2022-07-11 22:32:34
2,ENSINO MÉDIO INCOMPLETO,MASCULINO,30 a 34 anos,401,383,"0,9551",0,2,2022-07-11 22:32:34
2,ENSINO MÉDIO INCOMPLETO,MASCULINO,35 a 39 anos,459,452,"0,9847",0,3,2022-07-11 22:32:34
2,ENSINO MÉDIO INCOMPLETO,MASCULINO,40 a 44 anos,382,379,"0,9921",0,0,2022-07-11 22:32:34
2,ENSINO MÉDIO INCOMPLETO,MASCULINO,45 a 49 anos,343,333,"0,9708",0,1,2022-07-11 22:32:34
2,ENSINO MÉDIO INCOMPLETO,MASCULINO,50 a 54 anos,327,321,"0,9817",0,3,2022-07-11 22:32:34
2,ENSINO MÉDIO INCOMPLETO,MASCULINO,55 a 59 anos,284,278,"0,9789",0,3,2022-07-11 22:32:34
2,ENSINO MÉDIO INCOMPLETO,MASCULINO,60 a 64 anos,170,165,"0,9706",0,3,2022-07-11 22:32:34
2,ENSINO MÉDIO INCOMPLETO,MASCULINO,65 a 69 anos,115,115,1,0,7,2022-07-11 22:32:34
2,ENSINO MÉDIO INCOMPLETO,MASCULINO,70 a 74 anos,80,80,1,0,5,2022-07-11 22:32:34
2,ENSINO MÉDIO INCOMPLETO,MASCULINO,75 a 79 anos,32,32,1,0,1,2022-07-11 22:32:34
2,ENSINO MÉDIO INCOMPLETO,MASCULINO,80 a 84 anos,11,11,1,0,0,2022-07-11 22:32:34
2,ENSINO MÉDIO INCOMPLETO,MASCULINO,85 a 89 anos,4,3,"0,75",0,0,2022-07-11 22:32:34
2,ENSINO MÉDIO INCOMPLETO,MASCULINO,90 a 94 anos,1,1,1,0,1,2022-07-11 22:32:34
2,LÊ E ESCREVE,FEMININO,16 anos,3,0,0,0,0,2022-07-11 22:32:34
2,LÊ E ESCREVE,FEMININO,17 anos,1,0,0,0,0,2022-07-11 22:32:34
2,LÊ E ESCREVE,FEMININO,18 anos,1,0,0,0,0,2022-07-11 22:32:34
2,LÊ E ESCREVE,FEMININO,19 anos,1,0,0,0,0,2022-07-11 22:32:34
2,LÊ E ESCREVE,FEMININO,20 anos,4,0,0,0,0,2022-07-11 22:32:34
2,LÊ E ESCREVE,FEMININO,21 a 24 anos,6,4,"0,6667",0,0,2022-07-11 22:32:34
2,LÊ E ESCREVE,FEMININO,25 a 29 anos,6,6,1,0,0,2022-07-11 22:32:34
2,LÊ E ESCREVE,FEMININO,30 a 34 anos,9,9,1,0,0,2022-07-11 22:32:34
2,LÊ E ESCREVE,FEMININO,35 a 39 anos,25,22,"0,88",0,2,2022-07-11 22:32:34
2,LÊ E ESCREVE,FEMININO,40 a 44 anos,43,43,1,0,1,2022-07-11 22:32:34
2,LÊ E ESCREVE,FEMININO,45 a 49 anos,54,53,"0,9815",0,0,2022-07-11 22:32:34
2,LÊ E ESCREVE,FEMININO,50 a 54 anos,90,87,"0,9667",0,3,2022-07-11 22:32:34
2,LÊ E ESCREVE,FEMININO,55 a 59 anos,114,111,"0,9737",0,2,2022-07-11 22:32:34
2,LÊ E ESCREVE,FEMININO,60 a 64 anos,199,196,"0,9849",0,3,2022-07-11 22:32:34
2,LÊ E ESCREVE,FEMININO,65 a 69 anos,179,179,1,0,4,2022-07-11 22:32:34
2,LÊ E ESCREVE,FEMININO,70 a 74 anos,164,163,"0,9939",0,8,2022-07-11 22:32:34
2,LÊ E ESCREVE,FEMININO,75 a 79 anos,101,100,"0,9901",0,2,2022-07-11 22:32:34
2,LÊ E ESCREVE,FEMININO,80 a 84 anos,65,64,"0,9846",0,2,2022-07-11 22:32:34
2,LÊ E ESCREVE,FEMININO,85 a 89 anos,40,39,"0,975",0,2,2022-07-11 22:32:34
2,LÊ E ESCREVE,FEMININO,90 a 94 anos,12,12,1,0,1,2022-07-11 22:32:34
2,LÊ E ESCREVE,FEMININO,95 a 99 anos,1,1,1,0,1,2022-07-11 22:32:34
2,LÊ E ESCREVE,MASCULINO,16 anos,2,0,0,0,0,2022-07-11 22:32:34
2,LÊ E ESCREVE,MASCULINO,20 anos,2,0,0,0,0,2022-07-11 22:32:34
2,LÊ E ESCREVE,MASCULINO,21 a 24 anos,6,4,"0,6667",0,0,2022-07-11 22:32:34
2,LÊ E ESCREVE,MASCULINO,25 a 29 anos,5,5,1,0,1,2022-07-11 22:32:34
2,LÊ E ESCREVE,MASCULINO,30 a 34 anos,16,15,"0,9375",0,0,2022-07-11 22:32:34
2,LÊ E ESCREVE,MASCULINO,35 a 39 anos,30,25,"0,8333",0,1,2022-07-11 22:32:34
2,LÊ E ESCREVE,MASCULINO,40 a 44 anos,41,39,"0,9512",0,3,2022-07-11 22:32:34
2,LÊ E ESCREVE,MASCULINO,45 a 49 anos,66,59,"0,8939",0,1,2022-07-11 22:32:34
2,LÊ E ESCREVE,MASCULINO,50 a 54 anos,78,75,"0,9615",0,5,2022-07-11 22:32:34
2,LÊ E ESCREVE,MASCULINO,55 a 59 anos,112,104,"0,9286",0,4,2022-07-11 22:32:34
2,LÊ E ESCREVE,MASCULINO,60 a 64 anos,135,131,"0,9704",0,2,2022-07-11 22:32:34
2,LÊ E ESCREVE,MASCULINO,65 a 69 anos,140,136,"0,9714",0,9,2022-07-11 22:32:34
2,LÊ E ESCREVE,MASCULINO,70 a 74 anos,96,96,1,0,3,2022-07-11 22:32:34
2,LÊ E ESCREVE,MASCULINO,75 a 79 anos,40,40,1,0,0,2022-07-11 22:32:34
2,LÊ E ESCREVE,MASCULINO,80 a 84 anos,35,34,"0,9714",0,0,2022-07-11 22:32:34
2,LÊ E ESCREVE,MASCULINO,85 a 89 anos,14,12,"0,8571",0,1,2022-07-11 22:32:34
2,LÊ E ESCREVE,MASCULINO,90 a 94 anos,1,1,1,0,0,2022-07-11 22:32:34
2,LÊ E ESCREVE,MASCULINO,95 a 99 anos,2,2,1,0,0,2022-07-11 22:32:34
2,SUPERIOR COMPLETO,FEMININO,19 anos,2,0,0,0,0,2022-07-11 22:32:34
2,SUPERIOR COMPLETO,FEMININO,21 a 24 anos,22,18,"0,8182",1,0,2022-07-11 22:32:34
2,SUPERIOR COMPLETO,FEMININO,25 a 29 anos,438,411,"0,9384",1,0,2022-07-11 22:32:34
2,SUPERIOR COMPLETO,FEMININO,30 a 34 anos,1429,1385,"0,9692",1,6,2022-07-11 22:32:34
2,SUPERIOR COMPLETO,FEMININO,35 a 39 anos,1965,1924,"0,9791",1,4,2022-07-11 22:32:34
2,SUPERIOR COMPLETO,FEMININO,40 a 44 anos,2064,2025,"0,9811",0,3,2022-07-11 22:32:34
2,SUPERIOR COMPLETO,FEMININO,45 a 49 anos,1509,1482,"0,9821",1,10,2022-07-11 22:32:34
2,SUPERIOR COMPLETO,FEMININO,50 a 54 anos,1248,1234,"0,9888",0,5,2022-07-11 22:32:34
2,SUPERIOR COMPLETO,FEMININO,55 a 59 anos,1250,1234,"0,9872",0,6,2022-07-11 22:32:34
2,SUPERIOR COMPLETO,FEMININO,60 a 64 anos,1003,997,"0,994",0,11,2022-07-11 22:32:34
2,SUPERIOR COMPLETO,FEMININO,65 a 69 anos,867,863,"0,9954",0,19,2022-07-11 22:32:34
2,SUPERIOR COMPLETO,FEMININO,70 a 74 anos,652,649,"0,9954",0,11,2022-07-11 22:32:34
2,SUPERIOR COMPLETO,FEMININO,75 a 79 anos,359,357,"0,9944",0,13,2022-07-11 22:32:34
2,SUPERIOR COMPLETO,FEMININO,80 a 84 anos,171,167,"0,9766",0,6,2022-07-11 22:32:34
2,SUPERIOR COMPLETO,FEMININO,85 a 89 anos,71,71,1,0,1,2022-07-11 22:32:34
2,SUPERIOR COMPLETO,FEMININO,90 a 94 anos,22,21,"0,9545",0,0,2022-07-11 22:32:34
2,SUPERIOR COMPLETO,FEMININO,95 a 99 anos,3,3,1,0,0,2022-07-11 22:32:34
2,SUPERIOR COMPLETO,MASCULINO,20 anos,2,0,0,0,0,2022-07-11 22:32:34
2,SUPERIOR COMPLETO,MASCULINO,21 a 24 anos,13,12,"0,9231",0,0,2022-07-11 22:32:34
2,SUPERIOR COMPLETO,MASCULINO,25 a 29 anos,270,253,"0,937",2,2,2022-07-11 22:32:34
2,SUPERIOR COMPLETO,MASCULINO,30 a 34 anos,968,911,"0,9411",1,1,2022-07-11 22:32:34
2,SUPERIOR COMPLETO,MASCULINO,35 a 39 anos,1309,1274,"0,9733",0,2,2022-07-11 22:32:34
2,SUPERIOR COMPLETO,MASCULINO,40 a 44 anos,1344,1320,"0,9821",0,4,2022-07-11 22:32:34
2,SUPERIOR COMPLETO,MASCULINO,45 a 49 anos,1053,1033,"0,981",0,3,2022-07-11 22:32:34
2,SUPERIOR COMPLETO,MASCULINO,50 a 54 anos,797,789,"0,99",0,1,2022-07-11 22:32:34
2,SUPERIOR COMPLETO,MASCULINO,55 a 59 anos,721,700,"0,9709",0,4,2022-07-11 22:32:34
2,SUPERIOR COMPLETO,MASCULINO,60 a 64 anos,630,620,"0,9841",0,4,2022-07-11 22:32:34
2,SUPERIOR COMPLETO,MASCULINO,65 a 69 anos,549,539,"0,9818",0,12,2022-07-11 22:32:34
2,SUPERIOR COMPLETO,MASCULINO,70 a 74 anos,434,432,"0,9954",0,14,2022-07-11 22:32:34
2,SUPERIOR COMPLETO,MASCULINO,75 a 79 anos,222,221,"0,9955",0,6,2022-07-11 22:32:34
2,SUPERIOR COMPLETO,MASCULINO,80 a 84 anos,102,97,"0,951",0,3,2022-07-11 22:32:34
2,SUPERIOR COMPLETO,MASCULINO,85 a 89 anos,43,43,1,0,1,2022-07-11 22:32:34
2,SUPERIOR COMPLETO,MASCULINO,90 a 94 anos,16,15,"0,9375",0,1,2022-07-11 22:32:34
2,SUPERIOR COMPLETO,MASCULINO,95 a 99 anos,4,4,1,0,0,2022-07-11 22:32:34
2,SUPERIOR INCOMPLETO,FEMININO,17 anos,2,0,0,0,0,2022-07-11 22:32:34
2,SUPERIOR INCOMPLETO,FEMININO,18 anos,15,0,0,0,0,2022-07-11 22:32:34
2,SUPERIOR INCOMPLETO,FEMININO,19 anos,23,2,"0,087",0,0,2022-07-11 22:32:34
2,SUPERIOR INCOMPLETO,FEMININO,20 anos,64,17,"0,2656",0,0,2022-07-11 22:32:34
2,SUPERIOR INCOMPLETO,FEMININO,21 a 24 anos,406,383,"0,9433",1,2,2022-07-11 22:32:34
2,SUPERIOR INCOMPLETO,FEMININO,25 a 29 anos,1139,1121,"0,9842",0,1,2022-07-11 22:32:34
2,SUPERIOR INCOMPLETO,FEMININO,30 a 34 anos,629,612,"0,973",1,1,2022-07-11 22:32:34
2,SUPERIOR INCOMPLETO,FEMININO,35 a 39 anos,512,501,"0,9785",2,1,2022-07-11 22:32:34
2,SUPERIOR INCOMPLETO,FEMININO,40 a 44 anos,414,408,"0,9855",0,0,2022-07-11 22:32:34
2,SUPERIOR INCOMPLETO,FEMININO,45 a 49 anos,277,270,"0,9747",0,1,2022-07-11 22:32:34
2,SUPERIOR INCOMPLETO,FEMININO,50 a 54 anos,242,238,"0,9835",0,0,2022-07-11 22:32:34
2,SUPERIOR INCOMPLETO,FEMININO,55 a 59 anos,160,159,"0,9938",0,1,2022-07-11 22:32:34
2,SUPERIOR INCOMPLETO,FEMININO,60 a 64 anos,134,133,"0,9925",1,2,2022-07-11 22:32:34
2,SUPERIOR INCOMPLETO,FEMININO,65 a 69 anos,102,102,1,0,3,2022-07-11 22:32:34
2,SUPERIOR INCOMPLETO,FEMININO,70 a 74 anos,67,65,"0,9701",0,3,2022-07-11 22:32:34
2,SUPERIOR INCOMPLETO,FEMININO,75 a 79 anos,20,19,"0,95",0,1,2022-07-11 22:32:34
2,SUPERIOR INCOMPLETO,FEMININO,80 a 84 anos,7,7,1,0,1,2022-07-11 22:32:34
2,SUPERIOR INCOMPLETO,FEMININO,85 a 89 anos,6,6,1,0,0,2022-07-11 22:32:34
2,SUPERIOR INCOMPLETO,MASCULINO,17 anos,1,0,0,0,0,2022-07-11 22:32:34
2,SUPERIOR INCOMPLETO,MASCULINO,18 anos,12,0,0,0,0,2022-07-11 22:32:34
2,SUPERIOR INCOMPLETO,MASCULINO,19 anos,35,1,"0,0286",0,1,2022-07-11 22:32:34
2,SUPERIOR INCOMPLETO,MASCULINO,20 anos,40,9,"0,225",0,0,2022-07-11 22:32:34
2,SUPERIOR INCOMPLETO,MASCULINO,21 a 24 anos,275,251,"0,9127",0,2,2022-07-11 22:32:34
2,SUPERIOR INCOMPLETO,MASCULINO,25 a 29 anos,922,890,"0,9653",1,3,2022-07-11 22:32:34
2,SUPERIOR INCOMPLETO,MASCULINO,30 a 34 anos,571,548,"0,9597",0,2,2022-07-11 22:32:34
2,SUPERIOR INCOMPLETO,MASCULINO,35 a 39 anos,494,469,"0,9494",0,0,2022-07-11 22:32:34
2,SUPERIOR INCOMPLETO,MASCULINO,40 a 44 anos,346,336,"0,9711",0,1,2022-07-11 22:32:34
2,SUPERIOR INCOMPLETO,MASCULINO,45 a 49 anos,256,240,"0,9375",1,3,2022-07-11 22:32:34
2,SUPERIOR INCOMPLETO,MASCULINO,50 a 54 anos,159,153,"0,9623",0,0,2022-07-11 22:32:34
2,SUPERIOR INCOMPLETO,MASCULINO,55 a 59 anos,181,179,"0,989",0,0,2022-07-11 22:32:34
2,SUPERIOR INCOMPLETO,MASCULINO,60 a 64 anos,129,127,"0,9845",0,0,2022-07-11 22:32:34
2,SUPERIOR INCOMPLETO,MASCULINO,65 a 69 anos,108,107,"0,9907",0,3,2022-07-11 22:32:34
2,SUPERIOR INCOMPLETO,MASCULINO,70 a 74 anos,60,58,"0,9667",0,1,2022-07-11 22:32:34
2,SUPERIOR INCOMPLETO,MASCULINO,75 a 79 anos,23,23,1,0,0,2022-07-11 22:32:34
2,SUPERIOR INCOMPLETO,MASCULINO,80 a 84 anos,11,11,1,0,1,2022-07-11 22:32:34
2,SUPERIOR INCOMPLETO,MASCULINO,85 a 89 anos,3,3,1,0,0,2022-07-11 22:32:34
2,SUPERIOR INCOMPLETO,MASCULINO,90 a 94 anos,1,1,1,0,0,2022-07-11 22:32:34
3,ANALFABETO,FEMININO,100 anos ou mais,1,1,1,0,0,2022-07-11 22:32:34
3,ANALFABETO,FEMININO,18 anos,1,0,0,0,1,2022-07-11 22:32:34
3,ANALFABETO,FEMININO,19 anos,1,0,0,0,0,2022-07-11 22:32:34
3,ANALFABETO,FEMININO,21 a 24 anos,6,3,"0,5",0,3,2022-07-11 22:32:34
3,ANALFABETO,FEMININO,25 a 29 anos,9,7,"0,7778",0,5,2022-07-11 22:32:34
3,ANALFABETO,FEMININO,30 a 34 anos,10,8,"0,8",0,2,2022-07-11 22:32:34
3,ANALFABETO,FEMININO,35 a 39 anos,13,11,"0,8462",0,5,2022-07-11 22:32:34
3,ANALFABETO,FEMININO,40 a 44 anos,10,6,"0,6",0,3,2022-07-11 22:32:34
3,ANALFABETO,FEMININO,45 a 49 anos,13,12,"0,9231",0,2,2022-07-11 22:32:34
3,ANALFABETO,FEMININO,50 a 54 anos,26,18,"0,6923",0,5,2022-07-11 22:32:34
3,ANALFABETO,FEMININO,55 a 59 anos,43,39,"0,907",0,5,2022-07-11 22:32:34
3,ANALFABETO,FEMININO,60 a 64 anos,56,49,"0,875",0,5,2022-07-11 22:32:34
3,ANALFABETO,FEMININO,65 a 69 anos,72,62,"0,8611",0,7,2022-07-11 22:32:34
3,ANALFABETO,FEMININO,70 a 74 anos,69,68,"0,9855",0,3,2022-07-11 22:32:34
3,ANALFABETO,FEMININO,75 a 79 anos,44,43,"0,9773",0,3,2022-07-11 22:32:34
3,ANALFABETO,FEMININO,80 a 84 anos,24,23,"0,9583",0,2,2022-07-11 22:32:34
3,ANALFABETO,FEMININO,85 a 89 anos,11,11,1,0,0,2022-07-11 22:32:34
3,ANALFABETO,FEMININO,90 a 94 anos,8,6,"0,75",0,1,2022-07-11 22:32:34
3,ANALFABETO,FEMININO,95 a 99 anos,1,1,1,0,1,2022-07-11 22:32:34
3,ANALFABETO,MASCULINO,17 anos,1,0,0,0,0,2022-07-11 22:32:34
3,ANALFABETO,MASCULINO,19 anos,2,0,0,0,0,2022-07-11 22:32:34
3,ANALFABETO,MASCULINO,20 anos,1,0,0,0,1,2022-07-11 22:32:34
3,ANALFABETO,MASCULINO,21 a 24 anos,7,7,1,0,4,2022-07-11 22:32:34
3,ANALFABETO,MASCULINO,25 a 29 anos,16,9,"0,5625",0,9,2022-07-11 22:32:34
3,ANALFABETO,MASCULINO,30 a 34 anos,12,10,"0,8333",0,6,2022-07-11 22:32:34
3,ANALFABETO,MASCULINO,35 a 39 anos,10,7,"0,7",0,4,2022-07-11 22:32:34
3,ANALFABETO,MASCULINO,40 a 44 anos,26,20,"0,7692",0,9,2022-07-11 22:32:34
3,ANALFABETO,MASCULINO,45 a 49 anos,21,18,"0,8571",0,3,2022-07-11 22:32:34
3,ANALFABETO,MASCULINO,50 a 54 anos,32,29,"0,9063",0,4,2022-07-11 22:32:34
3,ANALFABETO,MASCULINO,55 a 59 anos,33,29,"0,8788",0,1,2022-07-11 22:32:34
3,ANALFABETO,MASCULINO,60 a 64 anos,31,29,"0,9355",0,1,2022-07-11 22:32:34
3,ANALFABETO,MASCULINO,65 a 69 anos,29,22,"0,7586",0,4,2022-07-11 22:32:34
3,ANALFABETO,MASCULINO,70 a 74 anos,28,28,1,0,5,2022-07-11 22:32:34
3,ANALFABETO,MASCULINO,75 a 79 anos,8,8,1,0,2,2022-07-11 22:32:34
3,ANALFABETO,MASCULINO,80 a 84 anos,7,7,1,0,0,2022-07-11 22:32:34
3,ANALFABETO,MASCULINO,85 a 89 anos,2,2,1,0,0,2022-07-11 22:32:34
3,ANALFABETO,MASCULINO,90 a 94 anos,1,1,1,0,0,2022-07-11 22:32:34
3,ENSINO FUNDAMENTAL COMPLETO,FEMININO,16 anos,27,0,0,0,0,2022-07-11 22:32:34
3,ENSINO FUNDAMENTAL COMPLETO,FEMININO,17 anos,24,0,0,0,0,2022-07-11 22:32:34
3,ENSINO FUNDAMENTAL COMPLETO,FEMININO,18 anos,33,1,"0,0303",0,0,2022-07-11 22:32:34
3,ENSINO FUNDAMENTAL COMPLETO,FEMININO,19 anos,18,3,"0,1667",0,0,2022-07-11 22:32:34
3,ENSINO FUNDAMENTAL COMPLETO,FEMININO,20 anos,22,8,"0,3636",0,0,2022-07-11 22:32:34
3,ENSINO FUNDAMENTAL COMPLETO,FEMININO,21 a 24 anos,125,108,"0,864",0,0,2022-07-11 22:32:34
3,ENSINO FUNDAMENTAL COMPLETO,FEMININO,25 a 29 anos,134,129,"0,9627",1,0,2022-07-11 22:32:34
3,ENSINO FUNDAMENTAL COMPLETO,FEMININO,30 a 34 anos,142,139,"0,9789",0,0,2022-07-11 22:32:34
3,ENSINO FUNDAMENTAL COMPLETO,FEMININO,35 a 39 anos,195,193,"0,9897",0,1,2022-07-11 22:32:34
3,ENSINO FUNDAMENTAL COMPLETO,FEMININO,40 a 44 anos,242,237,"0,9793",0,0,2022-07-11 22:32:34
3,ENSINO FUNDAMENTAL COMPLETO,FEMININO,45 a 49 anos,302,297,"0,9834",0,1,2022-07-11 22:32:34
3,ENSINO FUNDAMENTAL COMPLETO,FEMININO,50 a 54 anos,325,321,"0,9877",0,2,2022-07-11 22:32:34
3,ENSINO FUNDAMENTAL COMPLETO,FEMININO,55 a 59 anos,397,397,1,0,2,2022-07-11 22:32:34
3,ENSINO FUNDAMENTAL COMPLETO,FEMININO,60 a 64 anos,398,395,"0,9925",0,4,2022-07-11 22:32:34
3,ENSINO FUNDAMENTAL COMPLETO,FEMININO,65 a 69 anos,333,330,"0,991",0,13,2022-07-11 22:32:34
3,ENSINO FUNDAMENTAL COMPLETO,FEMININO,70 a 74 anos,256,256,1,0,13,2022-07-11 22:32:34
3,ENSINO FUNDAMENTAL COMPLETO,FEMININO,75 a 79 anos,140,139,"0,9929",0,6,2022-07-11 22:32:34
3,ENSINO FUNDAMENTAL COMPLETO,FEMININO,80 a 84 anos,58,56,"0,9655",0,1,2022-07-11 22:32:34
3,ENSINO FUNDAMENTAL COMPLETO,FEMININO,85 a 89 anos,27,25,"0,9259",0,1,2022-07-11 22:32:34
3,ENSINO FUNDAMENTAL COMPLETO,FEMININO,90 a 94 anos,10,8,"0,8",0,3,2022-07-11 22:32:34
3,ENSINO FUNDAMENTAL COMPLETO,FEMININO,95 a 99 anos,4,4,1,0,1,2022-07-11 22:32:34
3,ENSINO FUNDAMENTAL COMPLETO,MASCULINO,16 anos,14,0,0,0,0,2022-07-11 22:32:34
3,ENSINO FUNDAMENTAL COMPLETO,MASCULINO,17 anos,30,0,0,0,1,2022-07-11 22:32:34
3,ENSINO FUNDAMENTAL COMPLETO,MASCULINO,18 anos,19,0,0,0,0,2022-07-11 22:32:34
3,ENSINO FUNDAMENTAL COMPLETO,MASCULINO,19 anos,31,5,"0,1613",0,1,2022-07-11 22:32:34
3,ENSINO FUNDAMENTAL COMPLETO,MASCULINO,20 anos,16,4,"0,25",0,0,2022-07-11 22:32:34
3,ENSINO FUNDAMENTAL COMPLETO,MASCULINO,21 a 24 anos,123,112,"0,9106",0,0,2022-07-11 22:32:34
3,ENSINO FUNDAMENTAL COMPLETO,MASCULINO,25 a 29 anos,162,153,"0,9444",0,0,2022-07-11 22:32:34
3,ENSINO FUNDAMENTAL COMPLETO,MASCULINO,30 a 34 anos,164,162,"0,9878",0,2,2022-07-11 22:32:34
3,ENSINO FUNDAMENTAL COMPLETO,MASCULINO,35 a 39 anos,223,217,"0,9731",0,1,2022-07-11 22:32:34
3,ENSINO FUNDAMENTAL COMPLETO,MASCULINO,40 a 44 anos,271,263,"0,9705",0,3,2022-07-11 22:32:34
3,ENSINO FUNDAMENTAL COMPLETO,MASCULINO,45 a 49 anos,366,360,"0,9836",0,5,2022-07-11 22:32:34
3,ENSINO FUNDAMENTAL COMPLETO,MASCULINO,50 a 54 anos,347,340,"0,9798",0,4,2022-07-11 22:32:34
3,ENSINO FUNDAMENTAL COMPLETO,MASCULINO,55 a 59 anos,428,419,"0,979",0,7,2022-07-11 22:32:34
3,ENSINO FUNDAMENTAL COMPLETO,MASCULINO,60 a 64 anos,400,392,"0,98",0,9,2022-07-11 22:32:34
3,ENSINO FUNDAMENTAL COMPLETO,MASCULINO,65 a 69 anos,319,314,"0,9843",0,17,2022-07-11 22:32:34
3,ENSINO FUNDAMENTAL COMPLETO,MASCULINO,70 a 74 anos,203,203,1,0,9,2022-07-11 22:32:34
3,ENSINO FUNDAMENTAL COMPLETO,MASCULINO,75 a 79 anos,76,74,"0,9737",0,4,2022-07-11 22:32:34
3,ENSINO FUNDAMENTAL COMPLETO,MASCULINO,80 a 84 anos,37,37,1,0,3,2022-07-11 22:32:34
3,ENSINO FUNDAMENTAL COMPLETO,MASCULINO,85 a 89 anos,9,9,1,0,1,2022-07-11 22:32:34
3,ENSINO FUNDAMENTAL COMPLETO,MASCULINO,90 a 94 anos,4,4,1,0,0,2022-07-11 22:32:34
3,ENSINO FUNDAMENTAL COMPLETO,MASCULINO,95 a 99 anos,1,1,1,0,1,2022-07-11 22:32:34
3,ENSINO FUNDAMENTAL INCOMPLETO,FEMININO,100 anos ou mais,1,1,1,0,1,2022-07-11 22:32:34
3,ENSINO FUNDAMENTAL INCOMPLETO,FEMININO,16 anos,27,0,0,0,0,2022-07-11 22:32:34
3,ENSINO FUNDAMENTAL INCOMPLETO,FEMININO,17 anos,33,0,0,0,0,2022-07-11 22:32:34
3,ENSINO FUNDAMENTAL INCOMPLETO,FEMININO,18 anos,36,0,0,0,0,2022-07-11 22:32:34
3,ENSINO FUNDAMENTAL INCOMPLETO,FEMININO,19 anos,46,19,"0,413",0,0,2022-07-11 22:32:34
3,ENSINO FUNDAMENTAL INCOMPLETO,FEMININO,20 anos,63,31,"0,4921",0,0,2022-07-11 22:32:34
3,ENSINO FUNDAMENTAL INCOMPLETO,FEMININO,21 a 24 anos,500,447,"0,894",0,3,2022-07-11 22:32:34
3,ENSINO FUNDAMENTAL INCOMPLETO,FEMININO,25 a 29 anos,565,544,"0,9628",0,7,2022-07-11 22:32:34
3,ENSINO FUNDAMENTAL INCOMPLETO,FEMININO,30 a 34 anos,489,478,"0,9775",0,4,2022-07-11 22:32:34
3,ENSINO FUNDAMENTAL INCOMPLETO,FEMININO,35 a 39 anos,666,653,"0,9805",0,4,2022-07-11 22:32:34
3,ENSINO FUNDAMENTAL INCOMPLETO,FEMININO,40 a 44 anos,982,968,"0,9857",0,9,2022-07-11 22:32:34
3,ENSINO FUNDAMENTAL INCOMPLETO,FEMININO,45 a 49 anos,1080,1060,"0,9815",0,17,2022-07-11 22:32:34
3,ENSINO FUNDAMENTAL INCOMPLETO,FEMININO,50 a 54 anos,1216,1199,"0,986",0,10,2022-07-11 22:32:34
3,ENSINO FUNDAMENTAL INCOMPLETO,FEMININO,55 a 59 anos,1225,1210,"0,9878",0,18,2022-07-11 22:32:34
3,ENSINO FUNDAMENTAL INCOMPLETO,FEMININO,60 a 64 anos,1156,1142,"0,9879",0,18,2022-07-11 22:32:34
3,ENSINO FUNDAMENTAL INCOMPLETO,FEMININO,65 a 69 anos,907,900,"0,9923",0,51,2022-07-11 22:32:34
3,ENSINO FUNDAMENTAL INCOMPLETO,FEMININO,70 a 74 anos,722,720,"0,9972",0,34,2022-07-11 22:32:34
3,ENSINO FUNDAMENTAL INCOMPLETO,FEMININO,75 a 79 anos,432,431,"0,9977",0,26,2022-07-11 22:32:34
3,ENSINO FUNDAMENTAL INCOMPLETO,FEMININO,80 a 84 anos,193,192,"0,9948",0,9,2022-07-11 22:32:34
3,ENSINO FUNDAMENTAL INCOMPLETO,FEMININO,85 a 89 anos,87,86,"0,9885",0,4,2022-07-11 22:32:34
3,ENSINO FUNDAMENTAL INCOMPLETO,FEMININO,90 a 94 anos,25,24,"0,96",0,1,2022-07-11 22:32:34
3,ENSINO FUNDAMENTAL INCOMPLETO,FEMININO,95 a 99 anos,5,5,1,0,1,2022-07-11 22:32:34
3,ENSINO FUNDAMENTAL INCOMPLETO,MASCULINO,16 anos,30,0,0,0,2,2022-07-11 22:32:34
3,ENSINO FUNDAMENTAL INCOMPLETO,MASCULINO,17 anos,40,0,0,0,1,2022-07-11 22:32:34
3,ENSINO FUNDAMENTAL INCOMPLETO,MASCULINO,18 anos,51,1,"0,0196",1,2,2022-07-11 22:32:34
3,ENSINO FUNDAMENTAL INCOMPLETO,MASCULINO,19 anos,66,22,"0,3333",0,1,2022-07-11 22:32:34
3,ENSINO FUNDAMENTAL INCOMPLETO,MASCULINO,20 anos,86,46,"0,5349",0,1,2022-07-11 22:32:34
3,ENSINO FUNDAMENTAL INCOMPLETO,MASCULINO,21 a 24 anos,638,582,"0,9122",0,5,2022-07-11 22:32:34
3,ENSINO FUNDAMENTAL INCOMPLETO,MASCULINO,25 a 29 anos,679,641,"0,944",0,11,2022-07-11 22:32:34
3,ENSINO FUNDAMENTAL INCOMPLETO,MASCULINO,30 a 34 anos,547,521,"0,9525",0,6,2022-07-11 22:32:34
3,ENSINO FUNDAMENTAL INCOMPLETO,MASCULINO,35 a 39 anos,756,726,"0,9603",0,9,2022-07-11 22:32:34
3,ENSINO FUNDAMENTAL INCOMPLETO,MASCULINO,40 a 44 anos,1011,977,"0,9664",0,9,2022-07-11 22:32:34
3,ENSINO FUNDAMENTAL INCOMPLETO,MASCULINO,45 a 49 anos,1093,1058,"0,968",0,14,2022-07-11 22:32:34
3,ENSINO FUNDAMENTAL INCOMPLETO,MASCULINO,50 a 54 anos,1074,1033,"0,9618",0,11,2022-07-11 22:32:34
3,ENSINO FUNDAMENTAL INCOMPLETO,MASCULINO,55 a 59 anos,1016,989,"0,9734",0,11,2022-07-11 22:32:34
3,ENSINO FUNDAMENTAL INCOMPLETO,MASCULINO,60 a 64 anos,869,843,"0,9701",0,16,2022-07-11 22:32:34
3,ENSINO FUNDAMENTAL INCOMPLETO,MASCULINO,65 a 69 anos,574,567,"0,9878",0,39,2022-07-11 22:32:34
3,ENSINO FUNDAMENTAL INCOMPLETO,MASCULINO,70 a 74 anos,456,456,1,0,23,2022-07-11 22:32:34
3,ENSINO FUNDAMENTAL INCOMPLETO,MASCULINO,75 a 79 anos,184,184,1,0,11,2022-07-11 22:32:34
3,ENSINO FUNDAMENTAL INCOMPLETO,MASCULINO,80 a 84 anos,102,99,"0,9706",0,6,2022-07-11 22:32:34
3,ENSINO FUNDAMENTAL INCOMPLETO,MASCULINO,85 a 89 anos,46,46,1,0,5,2022-07-11 22:32:34
3,ENSINO FUNDAMENTAL INCOMPLETO,MASCULINO,90 a 94 anos,7,7,1,0,0,2022-07-11 22:32:34
3,ENSINO MÉDIO COMPLETO,FEMININO,100 anos ou mais,1,1,1,0,0,2022-07-11 22:32:34
3,ENSINO MÉDIO COMPLETO,FEMININO,16 anos,3,0,0,0,0,2022-07-11 22:32:34
3,ENSINO MÉDIO COMPLETO,FEMININO,17 anos,25,0,0,0,0,2022-07-11 22:32:34
3,ENSINO MÉDIO COMPLETO,FEMININO,18 anos,221,0,0,0,0,2022-07-11 22:32:34
3,ENSINO MÉDIO COMPLETO,FEMININO,19 anos,284,7,"0,0246",0,1,2022-07-11 22:32:34
3,ENSINO MÉDIO COMPLETO,FEMININO,20 anos,346,94,"0,2717",1,1,2022-07-11 22:32:34
3,ENSINO MÉDIO COMPLETO,FEMININO,21 a 24 anos,1489,1283,"0,8617",3,2,2022-07-11 22:32:34
3,ENSINO MÉDIO COMPLETO,FEMININO,25 a 29 anos,2709,2665,"0,9838",2,5,2022-07-11 22:32:34
3,ENSINO MÉDIO COMPLETO,FEMININO,30 a 34 anos,2664,2636,"0,9895",1,13,2022-07-11 22:32:34
3,ENSINO MÉDIO COMPLETO,FEMININO,35 a 39 anos,3370,3331,"0,9884",0,10,2022-07-11 22:32:34
3,ENSINO MÉDIO COMPLETO,FEMININO,40 a 44 anos,3607,3567,"0,9889",0,19,2022-07-11 22:32:34
3,ENSINO MÉDIO COMPLETO,FEMININO,45 a 49 anos,2995,2967,"0,9907",0,13,2022-07-11 22:32:34
3,ENSINO MÉDIO COMPLETO,FEMININO,50 a 54 anos,2631,2613,"0,9932",1,12,2022-07-11 22:32:34
3,ENSINO MÉDIO COMPLETO,FEMININO,55 a 59 anos,2443,2427,"0,9935",0,19,2022-07-11 22:32:34
3,ENSINO MÉDIO COMPLETO,FEMININO,60 a 64 anos,1895,1881,"0,9926",0,24,2022-07-11 22:32:34
3,ENSINO MÉDIO COMPLETO,FEMININO,65 a 69 anos,1152,1147,"0,9957",0,31,2022-07-11 22:32:34
3,ENSINO MÉDIO COMPLETO,FEMININO,70 a 74 anos,665,660,"0,9925",0,29,2022-07-11 22:32:34
3,ENSINO MÉDIO COMPLETO,FEMININO,75 a 79 anos,205,203,"0,9902",0,9,2022-07-11 22:32:34
3,ENSINO MÉDIO COMPLETO,FEMININO,80 a 84 anos,85,80,"0,9412",0,6,2022-07-11 22:32:34
3,ENSINO MÉDIO COMPLETO,FEMININO,85 a 89 anos,33,32,"0,9697",0,1,2022-07-11 22:32:34
3,ENSINO MÉDIO COMPLETO,FEMININO,90 a 94 anos,4,4,1,0,0,2022-07-11 22:32:34
3,ENSINO MÉDIO COMPLETO,FEMININO,95 a 99 anos,2,2,1,0,0,2022-07-11 22:32:34
3,ENSINO MÉDIO COMPLETO,MASCULINO,16 anos,5,0,0,0,0,2022-07-11 22:32:34
3,ENSINO MÉDIO COMPLETO,MASCULINO,17 anos,22,0,0,0,0,2022-07-11 22:32:34
3,ENSINO MÉDIO COMPLETO,MASCULINO,18 anos,183,0,0,1,1,2022-07-11 22:32:34
3,ENSINO MÉDIO COMPLETO,MASCULINO,19 anos,215,7,"0,0326",0,0,2022-07-11 22:32:34
3,ENSINO MÉDIO COMPLETO,MASCULINO,20 anos,224,49,"0,2188",0,2,2022-07-11 22:32:34
3,ENSINO MÉDIO COMPLETO,MASCULINO,21 a 24 anos,1091,906,"0,8304",0,1,2022-07-11 22:32:34
3,ENSINO MÉDIO COMPLETO,MASCULINO,25 a 29 anos,2254,2214,"0,9823",1,7,2022-07-11 22:32:34
3,ENSINO MÉDIO COMPLETO,MASCULINO,30 a 34 anos,2157,2132,"0,9884",0,6,2022-07-11 22:32:34
3,ENSINO MÉDIO COMPLETO,MASCULINO,35 a 39 anos,2770,2722,"0,9827",0,7,2022-07-11 22:32:34
3,ENSINO MÉDIO COMPLETO,MASCULINO,40 a 44 anos,2932,2882,"0,9829",0,12,2022-07-11 22:32:34
3,ENSINO MÉDIO COMPLETO,MASCULINO,45 a 49 anos,2374,2340,"0,9857",0,5,2022-07-11 22:32:34
3,ENSINO MÉDIO COMPLETO,MASCULINO,50 a 54 anos,1927,1898,"0,985",1,9,2022-07-11 22:32:34
3,ENSINO MÉDIO COMPLETO,MASCULINO,55 a 59 anos,1813,1784,"0,984",0,18,2022-07-11 22:32:34
3,ENSINO MÉDIO COMPLETO,MASCULINO,60 a 64 anos,1297,1277,"0,9846",0,15,2022-07-11 22:32:34
3,ENSINO MÉDIO COMPLETO,MASCULINO,65 a 69 anos,797,786,"0,9862",0,21,2022-07-11 22:32:34
3,ENSINO MÉDIO COMPLETO,MASCULINO,70 a 74 anos,465,462,"0,9935",0,16,2022-07-11 22:32:34
3,ENSINO MÉDIO COMPLETO,MASCULINO,75 a 79 anos,138,137,"0,9928",0,7,2022-07-11 22:32:34
3,ENSINO MÉDIO COMPLETO,MASCULINO,80 a 84 anos,60,59,"0,9833",0,3,2022-07-11 22:32:34
3,ENSINO MÉDIO COMPLETO,MASCULINO,85 a 89 anos,19,17,"0,8947",0,1,2022-07-11 22:32:34
3,ENSINO MÉDIO COMPLETO,MASCULINO,90 a 94 anos,7,7,1,0,0,2022-07-11 22:32:34
3,ENSINO MÉDIO INCOMPLETO,FEMININO,16 anos,209,0,0,0,0,2022-07-11 22:32:34
3,ENSINO MÉDIO INCOMPLETO,FEMININO,17 anos,350,0,0,1,1,2022-07-11 22:32:34
3,ENSINO MÉDIO INCOMPLETO,FEMININO,18 anos,387,16,"0,0413",1,2,2022-07-11 22:32:34
3,ENSINO MÉDIO INCOMPLETO,FEMININO,19 anos,368,81,"0,2201",4,2,2022-07-11 22:32:34
3,ENSINO MÉDIO INCOMPLETO,FEMININO,20 anos,395,212,"0,5367",1,0,2022-07-11 22:32:34
3,ENSINO MÉDIO INCOMPLETO,FEMININO,21 a 24 anos,1919,1745,"0,9093",0,2,2022-07-11 22:32:34
3,ENSINO MÉDIO INCOMPLETO,FEMININO,25 a 29 anos,1093,1067,"0,9762",1,5,2022-07-11 22:32:34
3,ENSINO MÉDIO INCOMPLETO,FEMININO,30 a 34 anos,624,612,"0,9808",0,4,2022-07-11 22:32:34
3,ENSINO MÉDIO INCOMPLETO,FEMININO,35 a 39 anos,738,725,"0,9824",0,3,2022-07-11 22:32:34
3,ENSINO MÉDIO INCOMPLETO,FEMININO,40 a 44 anos,696,683,"0,9813",0,3,2022-07-11 22:32:34
3,ENSINO MÉDIO INCOMPLETO,FEMININO,45 a 49 anos,628,621,"0,9889",0,3,2022-07-11 22:32:34
3,ENSINO MÉDIO INCOMPLETO,FEMININO,50 a 54 anos,557,549,"0,9856",0,3,2022-07-11 22:32:34
3,ENSINO MÉDIO INCOMPLETO,FEMININO,55 a 59 anos,565,554,"0,9805",0,2,2022-07-11 22:32:34
3,ENSINO MÉDIO INCOMPLETO,FEMININO,60 a 64 anos,352,349,"0,9915",0,8,2022-07-11 22:32:34
3,ENSINO MÉDIO INCOMPLETO,FEMININO,65 a 69 anos,224,224,1,0,6,2022-07-11 22:32:34
3,ENSINO MÉDIO INCOMPLETO,FEMININO,70 a 74 anos,147,146,"0,9932",0,8,2022-07-11 22:32:34
3,ENSINO MÉDIO INCOMPLETO,FEMININO,75 a 79 anos,52,52,1,0,3,2022-07-11 22:32:34
3,ENSINO MÉDIO INCOMPLETO,FEMININO,80 a 84 anos,12,12,1,0,0,2022-07-11 22:32:34
3,ENSINO MÉDIO INCOMPLETO,FEMININO,85 a 89 anos,4,3,"0,75",0,0,2022-07-11 22:32:34
3,ENSINO MÉDIO INCOMPLETO,FEMININO,90 a 94 anos,1,1,1,0,0,2022-07-11 22:32:34
3,ENSINO MÉDIO INCOMPLETO,MASCULINO,16 anos,155,0,0,0,2,2022-07-11 22:32:34
3,ENSINO MÉDIO INCOMPLETO,MASCULINO,17 anos,277,0,0,1,3,2022-07-11 22:32:34
3,ENSINO MÉDIO INCOMPLETO,MASCULINO,18 anos,374,11,"0,0294",1,3,2022-07-11 22:32:34
3,ENSINO MÉDIO INCOMPLETO,MASCULINO,19 anos,314,56,"0,1783",1,5,2022-07-11 22:32:34
3,ENSINO MÉDIO INCOMPLETO,MASCULINO,20 anos,384,184,"0,4792",0,4,2022-07-11 22:32:34
3,ENSINO MÉDIO INCOMPLETO,MASCULINO,21 a 24 anos,1898,1758,"0,9262",1,3,2022-07-11 22:32:34
3,ENSINO MÉDIO INCOMPLETO,MASCULINO,25 a 29 anos,1183,1154,"0,9755",1,3,2022-07-11 22:32:34
3,ENSINO MÉDIO INCOMPLETO,MASCULINO,30 a 34 anos,628,606,"0,965",0,2,2022-07-11 22:32:34
3,ENSINO MÉDIO INCOMPLETO,MASCULINO,35 a 39 anos,701,682,"0,9729",0,2,2022-07-11 22:32:34
3,ENSINO MÉDIO INCOMPLETO,MASCULINO,40 a 44 anos,725,708,"0,9766",0,7,2022-07-11 22:32:34
3,ENSINO MÉDIO INCOMPLETO,MASCULINO,45 a 49 anos,526,513,"0,9753",0,8,2022-07-11 22:32:34
3,ENSINO MÉDIO INCOMPLETO,MASCULINO,50 a 54 anos,473,464,"0,981",0,6,2022-07-11 22:32:34
3,ENSINO MÉDIO INCOMPLETO,MASCULINO,55 a 59 anos,448,440,"0,9821",0,4,2022-07-11 22:32:34
3,ENSINO MÉDIO INCOMPLETO,MASCULINO,60 a 64 anos,306,299,"0,9771",0,5,2022-07-11 22:32:34
3,ENSINO MÉDIO INCOMPLETO,MASCULINO,65 a 69 anos,200,196,"0,98",0,7,2022-07-11 22:32:34
3,ENSINO MÉDIO INCOMPLETO,MASCULINO,70 a 74 anos,108,107,"0,9907",0,5,2022-07-11 22:32:34
3,ENSINO MÉDIO INCOMPLETO,MASCULINO,75 a 79 anos,29,27,"0,931",0,2,2022-07-11 22:32:34
3,ENSINO MÉDIO INCOMPLETO,MASCULINO,80 a 84 anos,18,18,1,0,0,2022-07-11 22:32:34
3,ENSINO MÉDIO INCOMPLETO,MASCULINO,85 a 89 anos,7,7,1,0,1,2022-07-11 22:32:34
3,ENSINO MÉDIO INCOMPLETO,MASCULINO,90 a 94 anos,2,2,1,0,0,2022-07-11 22:32:34
3,LÊ E ESCREVE,FEMININO,100 anos ou mais,1,0,0,0,1,2022-07-11 22:32:34
3,LÊ E ESCREVE,FEMININO,17 anos,2,0,0,0,0,2022-07-11 22:32:34
3,LÊ E ESCREVE,FEMININO,18 anos,2,0,0,0,0,2022-07-11 22:32:34
3,LÊ E ESCREVE,FEMININO,19 anos,1,0,0,0,0,2022-07-11 22:32:34
3,LÊ E ESCREVE,FEMININO,20 anos,6,0,0,0,0,2022-07-11 22:32:34
3,LÊ E ESCREVE,FEMININO,21 a 24 anos,6,3,"0,5",0,0,2022-07-11 22:32:34
3,LÊ E ESCREVE,FEMININO,25 a 29 anos,10,9,"0,9",0,2,2022-07-11 22:32:34
3,LÊ E ESCREVE,FEMININO,30 a 34 anos,15,15,1,0,2,2022-07-11 22:32:34
3,LÊ E ESCREVE,FEMININO,35 a 39 anos,29,28,"0,9655",0,0,2022-07-11 22:32:34
3,LÊ E ESCREVE,FEMININO,40 a 44 anos,64,62,"0,9688",0,6,2022-07-11 22:32:34
3,LÊ E ESCREVE,FEMININO,45 a 49 anos,94,91,"0,9681",0,2,2022-07-11 22:32:34
3,LÊ E ESCREVE,FEMININO,50 a 54 anos,150,141,"0,94",0,6,2022-07-11 22:32:34
3,LÊ E ESCREVE,FEMININO,55 a 59 anos,233,229,"0,9828",0,4,2022-07-11 22:32:34
3,LÊ E ESCREVE,FEMININO,60 a 64 anos,307,305,"0,9935",0,6,2022-07-11 22:32:34
3,LÊ E ESCREVE,FEMININO,65 a 69 anos,306,303,"0,9902",0,29,2022-07-11 22:32:34
3,LÊ E ESCREVE,FEMININO,70 a 74 anos,335,334,"0,997",0,18,2022-07-11 22:32:34
3,LÊ E ESCREVE,FEMININO,75 a 79 anos,186,184,"0,9892",0,7,2022-07-11 22:32:34
3,LÊ E ESCREVE,FEMININO,80 a 84 anos,116,113,"0,9741",0,8,2022-07-11 22:32:34
3,LÊ E ESCREVE,FEMININO,85 a 89 anos,47,46,"0,9787",0,5,2022-07-11 22:32:34
3,LÊ E ESCREVE,FEMININO,90 a 94 anos,21,21,1,0,2,2022-07-11 22:32:34
3,LÊ E ESCREVE,FEMININO,95 a 99 anos,3,3,1,0,0,2022-07-11 22:32:34
3,LÊ E ESCREVE,MASCULINO,100 anos ou mais,1,1,1,0,0,2022-07-11 22:32:34
3,LÊ E ESCREVE,MASCULINO,16 anos,2,0,0,0,0,2022-07-11 22:32:34
3,LÊ E ESCREVE,MASCULINO,17 anos,3,0,0,0,0,2022-07-11 22:32:34
3,LÊ E ESCREVE,MASCULINO,20 anos,1,0,0,0,0,2022-07-11 22:32:34
3,LÊ E ESCREVE,MASCULINO,21 a 24 anos,12,9,"0,75",0,0,2022-07-11 22:32:34
3,LÊ E ESCREVE,MASCULINO,25 a 29 anos,18,17,"0,9444",1,3,2022-07-11 22:32:34
3,LÊ E ESCREVE,MASCULINO,30 a 34 anos,19,15,"0,7895",0,1,2022-07-11 22:32:34
3,LÊ E ESCREVE,MASCULINO,35 a 39 anos,39,30,"0,7692",0,2,2022-07-11 22:32:34
3,LÊ E ESCREVE,MASCULINO,40 a 44 anos,67,63,"0,9403",0,5,2022-07-11 22:32:34
3,LÊ E ESCREVE,MASCULINO,45 a 49 anos,103,94,"0,9126",0,7,2022-07-11 22:32:34
3,LÊ E ESCREVE,MASCULINO,50 a 54 anos,136,131,"0,9632",0,3,2022-07-11 22:32:34
3,LÊ E ESCREVE,MASCULINO,55 a 59 anos,196,184,"0,9388",0,9,2022-07-11 22:32:34
3,LÊ E ESCREVE,MASCULINO,60 a 64 anos,216,205,"0,9491",0,7,2022-07-11 22:32:34
3,LÊ E ESCREVE,MASCULINO,65 a 69 anos,230,224,"0,9739",0,21,2022-07-11 22:32:34
3,LÊ E ESCREVE,MASCULINO,70 a 74 anos,162,162,1,0,14,2022-07-11 22:32:34
3,LÊ E ESCREVE,MASCULINO,75 a 79 anos,86,86,1,0,4,2022-07-11 22:32:34
3,LÊ E ESCREVE,MASCULINO,80 a 84 anos,38,37,"0,9737",0,4,2022-07-11 22:32:34
3,LÊ E ESCREVE,MASCULINO,85 a 89 anos,18,18,1,0,1,2022-07-11 22:32:34
3,LÊ E ESCREVE,MASCULINO,90 a 94 anos,8,8,1,0,0,2022-07-11 22:32:34
3,LÊ E ESCREVE,MASCULINO,95 a 99 anos,1,1,1,0,0,2022-07-11 22:32:34
3,SUPERIOR COMPLETO,FEMININO,100 anos ou mais,1,1,1,0,0,2022-07-11 22:32:34
3,SUPERIOR COMPLETO,FEMININO,18 anos,1,0,0,0,0,2022-07-11 22:32:34
3,SUPERIOR COMPLETO,FEMININO,19 anos,2,0,0,0,0,2022-07-11 22:32:34
3,SUPERIOR COMPLETO,FEMININO,20 anos,4,0,0,0,0,2022-07-11 22:32:34
3,SUPERIOR COMPLETO,FEMININO,21 a 24 anos,18,13,"0,7222",0,0,2022-07-11 22:32:34
3,SUPERIOR COMPLETO,FEMININO,25 a 29 anos,328,322,"0,9817",0,0,2022-07-11 22:32:34
3,SUPERIOR COMPLETO,FEMININO,30 a 34 anos,824,816,"0,9903",1,2,2022-07-11 22:32:34
3,SUPERIOR COMPLETO,FEMININO,35 a 39 anos,1172,1160,"0,9898",0,0,2022-07-11 22:32:34
3,SUPERIOR COMPLETO,FEMININO,40 a 44 anos,1106,1098,"0,9928",0,5,2022-07-11 22:32:34
3,SUPERIOR COMPLETO,FEMININO,45 a 49 anos,759,757,"0,9974",0,2,2022-07-11 22:32:34
3,SUPERIOR COMPLETO,FEMININO,50 a 54 anos,565,564,"0,9982",0,1,2022-07-11 22:32:34
3,SUPERIOR COMPLETO,FEMININO,55 a 59 anos,467,465,"0,9957",0,1,2022-07-11 22:32:34
3,SUPERIOR COMPLETO,FEMININO,60 a 64 anos,301,297,"0,9867",0,1,2022-07-11 22:32:34
3,SUPERIOR COMPLETO,FEMININO,65 a 69 anos,149,149,1,0,1,2022-07-11 22:32:34
3,SUPERIOR COMPLETO,FEMININO,70 a 74 anos,124,124,1,0,3,2022-07-11 22:32:34
3,SUPERIOR COMPLETO,FEMININO,75 a 79 anos,49,48,"0,9796",0,0,2022-07-11 22:32:34
3,SUPERIOR COMPLETO,FEMININO,80 a 84 anos,25,25,1,0,0,2022-07-11 22:32:34
3,SUPERIOR COMPLETO,FEMININO,85 a 89 anos,5,5,1,0,0,2022-07-11 22:32:34
3,SUPERIOR COMPLETO,MASCULINO,18 anos,1,0,0,0,0,2022-07-11 22:32:34
3,SUPERIOR COMPLETO,MASCULINO,19 anos,1,0,0,0,0,2022-07-11 22:32:34
3,SUPERIOR COMPLETO,MASCULINO,20 anos,1,0,0,0,0,2022-07-11 22:32:34
3,SUPERIOR COMPLETO,MASCULINO,21 a 24 anos,6,1,"0,1667",0,0,2022-07-11 22:32:34
3,SUPERIOR COMPLETO,MASCULINO,25 a 29 anos,143,139,"0,972",0,0,2022-07-11 22:32:34
3,SUPERIOR COMPLETO,MASCULINO,30 a 34 anos,404,402,"0,995",0,0,2022-07-11 22:32:34
3,SUPERIOR COMPLETO,MASCULINO,35 a 39 anos,593,582,"0,9815",1,1,2022-07-11 22:32:34
3,SUPERIOR COMPLETO,MASCULINO,40 a 44 anos,568,561,"0,9877",0,1,2022-07-11 22:32:34
3,SUPERIOR COMPLETO,MASCULINO,45 a 49 anos,403,399,"0,9901",0,2,2022-07-11 22:32:34
3,SUPERIOR COMPLETO,MASCULINO,50 a 54 anos,325,320,"0,9846",0,1,2022-07-11 22:32:34
3,SUPERIOR COMPLETO,MASCULINO,55 a 59 anos,256,253,"0,9883",0,2,2022-07-11 22:32:34
3,SUPERIOR COMPLETO,MASCULINO,60 a 64 anos,168,166,"0,9881",0,1,2022-07-11 22:32:34
3,SUPERIOR COMPLETO,MASCULINO,65 a 69 anos,90,90,1,0,2,2022-07-11 22:32:34
3,SUPERIOR COMPLETO,MASCULINO,70 a 74 anos,75,74,"0,9867",0,1,2022-07-11 22:32:34
3,SUPERIOR COMPLETO,MASCULINO,75 a 79 anos,25,25,1,0,1,2022-07-11 22:32:34
3,SUPERIOR COMPLETO,MASCULINO,80 a 84 anos,10,10,1,0,0,2022-07-11 22:32:34
3,SUPERIOR COMPLETO,MASCULINO,85 a 89 anos,1,1,1,0,0,2022-07-11 22:32:34
3,SUPERIOR COMPLETO,MASCULINO,90 a 94 anos,2,2,1,0,1,2022-07-11 22:32:34
3,SUPERIOR INCOMPLETO,FEMININO,17 anos,6,0,0,0,0,2022-07-11 22:32:34
3,SUPERIOR INCOMPLETO,FEMININO,18 anos,10,0,0,0,0,2022-07-11 22:32:34
3,SUPERIOR INCOMPLETO,FEMININO,19 anos,19,1,"0,0526",0,0,2022-07-11 22:32:34
3,SUPERIOR INCOMPLETO,FEMININO,20 anos,32,9,"0,2813",1,0,2022-07-11 22:32:34
3,SUPERIOR INCOMPLETO,FEMININO,21 a 24 anos,277,248,"0,8953",0,0,2022-07-11 22:32:34
3,SUPERIOR INCOMPLETO,FEMININO,25 a 29 anos,827,817,"0,9879",0,2,2022-07-11 22:32:34
3,SUPERIOR INCOMPLETO,FEMININO,30 a 34 anos,565,560,"0,9912",2,1,2022-07-11 22:32:34
3,SUPERIOR INCOMPLETO,FEMININO,35 a 39 anos,499,491,"0,984",0,3,2022-07-11 22:32:34
3,SUPERIOR INCOMPLETO,FEMININO,40 a 44 anos,463,457,"0,987",0,1,2022-07-11 22:32:34
3,SUPERIOR INCOMPLETO,FEMININO,45 a 49 anos,261,259,"0,9923",0,0,2022-07-11 22:32:34
3,SUPERIOR INCOMPLETO,FEMININO,50 a 54 anos,184,180,"0,9783",0,3,2022-07-11 22:32:34
3,SUPERIOR INCOMPLETO,FEMININO,55 a 59 anos,157,156,"0,9936",0,2,2022-07-11 22:32:34
3,SUPERIOR INCOMPLETO,FEMININO,60 a 64 anos,94,93,"0,9894",0,2,2022-07-11 22:32:34
3,SUPERIOR INCOMPLETO,FEMININO,65 a 69 anos,47,46,"0,9787",0,1,2022-07-11 22:32:34
3,SUPERIOR INCOMPLETO,FEMININO,70 a 74 anos,22,21,"0,9545",0,3,2022-07-11 22:32:34
3,SUPERIOR INCOMPLETO,FEMININO,75 a 79 anos,11,11,1,0,0,2022-07-11 22:32:34
3,SUPERIOR INCOMPLETO,FEMININO,80 a 84 anos,2,2,1,0,0,2022-07-11 22:32:34
3,SUPERIOR INCOMPLETO,FEMININO,85 a 89 anos,1,1,1,0,0,2022-07-11 22:32:34
3,SUPERIOR INCOMPLETO,MASCULINO,16 anos,1,0,0,0,0,2022-07-11 22:32:34
3,SUPERIOR INCOMPLETO,MASCULINO,17 anos,2,0,0,0,0,2022-07-11 22:32:34
3,SUPERIOR INCOMPLETO,MASCULINO,18 anos,15,0,0,0,1,2022-07-11 22:32:34
3,SUPERIOR INCOMPLETO,MASCULINO,19 anos,16,2,"0,125",0,0,2022-07-11 22:32:34
3,SUPERIOR INCOMPLETO,MASCULINO,20 anos,12,3,"0,25",0,1,2022-07-11 22:32:34
3,SUPERIOR INCOMPLETO,MASCULINO,21 a 24 anos,154,138,"0,8961",0,1,2022-07-11 22:32:34
3,SUPERIOR INCOMPLETO,MASCULINO,25 a 29 anos,545,536,"0,9835",0,2,2022-07-11 22:32:34
3,SUPERIOR INCOMPLETO,MASCULINO,30 a 34 anos,465,461,"0,9914",0,1,2022-07-11 22:32:34
3,SUPERIOR INCOMPLETO,MASCULINO,35 a 39 anos,393,388,"0,9873",0,3,2022-07-11 22:32:34
3,SUPERIOR INCOMPLETO,MASCULINO,40 a 44 anos,331,326,"0,9849",0,2,2022-07-11 22:32:34
3,SUPERIOR INCOMPLETO,MASCULINO,45 a 49 anos,197,193,"0,9797",0,1,2022-07-11 22:32:34
3,SUPERIOR INCOMPLETO,MASCULINO,50 a 54 anos,147,145,"0,9864",0,0,2022-07-11 22:32:34
3,SUPERIOR INCOMPLETO,MASCULINO,55 a 59 anos,95,95,1,0,2,2022-07-11 22:32:34
3,SUPERIOR INCOMPLETO,MASCULINO,60 a 64 anos,69,69,1,0,2,2022-07-11 22:32:34
3,SUPERIOR INCOMPLETO,MASCULINO,65 a 69 anos,35,35,1,0,1,2022-07-11 22:32:34
3,SUPERIOR INCOMPLETO,MASCULINO,70 a 74 anos,23,22,"0,9565",0,1,2022-07-11 22:32:34
3,SUPERIOR INCOMPLETO,MASCULINO,75 a 79 anos,8,8,1,0,0,2022-07-11 22:32:34
3,SUPERIOR INCOMPLETO,MASCULINO,80 a 84 anos,1,1,1,0,0,2022-07-11 22:32:34
3,SUPERIOR INCOMPLETO,MASCULINO,85 a 89 anos,1,1,1,0,0,2022-07-11 22:32:34
4,ANALFABETO,FEMININO,100 anos ou mais,1,1,1,0,0,2022-07-11 22:32:34
4,ANALFABETO,FEMININO,16 anos,1,0,0,0,0,2022-07-11 22:32:34
4,ANALFABETO,FEMININO,17 anos,1,0,0,0,0,2022-07-11 22:32:34
4,ANALFABETO,FEMININO,20 anos,1,0,0,0,1,2022-07-11 22:32:34
4,ANALFABETO,FEMININO,21 a 24 anos,3,1,"0,3333",0,0,2022-07-11 22:32:34
4,ANALFABETO,FEMININO,25 a 29 anos,13,13,1,0,1,2022-07-11 22:32:34
4,ANALFABETO,FEMININO,30 a 34 anos,10,9,"0,9",0,1,2022-07-11 22:32:34
4,ANALFABETO,FEMININO,35 a 39 anos,21,19,"0,9048",0,4,2022-07-11 22:32:34
4,ANALFABETO,FEMININO,40 a 44 anos,22,20,"0,9091",0,4,2022-07-11 22:32:34
4,ANALFABETO,FEMININO,45 a 49 anos,39,36,"0,9231",0,5,2022-07-11 22:32:34
4,ANALFABETO,FEMININO,50 a 54 anos,61,55,"0,9016",0,3,2022-07-11 22:32:34
4,ANALFABETO,FEMININO,55 a 59 anos,81,78,"0,963",0,7,2022-07-11 22:32:34
4,ANALFABETO,FEMININO,60 a 64 anos,109,107,"0,9817",0,10,2022-07-11 22:32:34
4,ANALFABETO,FEMININO,65 a 69 anos,148,141,"0,9527",0,8,2022-07-11 22:32:34
4,ANALFABETO,FEMININO,70 a 74 anos,128,127,"0,9922",0,12,2022-07-11 22:32:34
4,ANALFABETO,FEMININO,75 a 79 anos,70,69,"0,9857",0,6,2022-07-11 22:32:34
4,ANALFABETO,FEMININO,80 a 84 anos,47,46,"0,9787",0,5,2022-07-11 22:32:34
4,ANALFABETO,FEMININO,85 a 89 anos,12,12,1,0,0,2022-07-11 22:32:34
4,ANALFABETO,FEMININO,90 a 94 anos,4,3,"0,75",0,0,2022-07-11 22:32:34
4,ANALFABETO,FEMININO,95 a 99 anos,4,4,1,0,1,2022-07-11 22:32:34
4,ANALFABETO,MASCULINO,17 anos,1,0,0,0,1,2022-07-11 22:32:34
4,ANALFABETO,MASCULINO,18 anos,1,0,0,0,1,2022-07-11 22:32:34
4,ANALFABETO,MASCULINO,19 anos,2,0,0,0,2,2022-07-11 22:32:34
4,ANALFABETO,MASCULINO,20 anos,2,1,"0,5",0,1,2022-07-11 22:32:34
4,ANALFABETO,MASCULINO,21 a 24 anos,9,5,"0,5556",0,3,2022-07-11 22:32:34
4,ANALFABETO,MASCULINO,25 a 29 anos,13,11,"0,8462",0,3,2022-07-11 22:32:34
4,ANALFABETO,MASCULINO,30 a 34 anos,15,13,"0,8667",0,4,2022-07-11 22:32:34
4,ANALFABETO,MASCULINO,35 a 39 anos,24,21,"0,875",0,4,2022-07-11 22:32:34
4,ANALFABETO,MASCULINO,40 a 44 anos,30,28,"0,9333",0,3,2022-07-11 22:32:34
4,ANALFABETO,MASCULINO,45 a 49 anos,39,36,"0,9231",0,5,2022-07-11 22:32:34
4,ANALFABETO,MASCULINO,50 a 54 anos,57,47,"0,8246",0,6,2022-07-11 22:32:34
4,ANALFABETO,MASCULINO,55 a 59 anos,59,55,"0,9322",0,4,2022-07-11 22:32:34
4,ANALFABETO,MASCULINO,60 a 64 anos,63,54,"0,8571",0,6,2022-07-11 22:32:34
4,ANALFABETO,MASCULINO,65 a 69 anos,61,53,"0,8689",0,9,2022-07-11 22:32:34
4,ANALFABETO,MASCULINO,70 a 74 anos,55,51,"0,9273",0,4,2022-07-11 22:32:34
4,ANALFABETO,MASCULINO,75 a 79 anos,16,16,1,0,4,2022-07-11 22:32:34
4,ANALFABETO,MASCULINO,80 a 84 anos,7,6,"0,8571",0,0,2022-07-11 22:32:34
4,ANALFABETO,MASCULINO,85 a 89 anos,3,3,1,0,0,2022-07-11 22:32:34
4,ENSINO FUNDAMENTAL COMPLETO,FEMININO,16 anos,24,0,0,0,0,2022-07-11 22:32:34
4,ENSINO FUNDAMENTAL COMPLETO,FEMININO,17 anos,31,0,0,1,0,2022-07-11 22:32:34
4,ENSINO FUNDAMENTAL COMPLETO,FEMININO,18 anos,43,4,"0,093",0,0,2022-07-11 22:32:34
4,ENSINO FUNDAMENTAL COMPLETO,FEMININO,19 anos,59,21,"0,3559",0,0,2022-07-11 22:32:34
4,ENSINO FUNDAMENTAL COMPLETO,FEMININO,20 anos,58,38,"0,6552",0,0,2022-07-11 22:32:34
4,ENSINO FUNDAMENTAL COMPLETO,FEMININO,21 a 24 anos,184,166,"0,9022",0,3,2022-07-11 22:32:34
4,ENSINO FUNDAMENTAL COMPLETO,FEMININO,25 a 29 anos,186,180,"0,9677",0,0,2022-07-11 22:32:34
4,ENSINO FUNDAMENTAL COMPLETO,FEMININO,30 a 34 anos,210,206,"0,981",0,0,2022-07-11 22:32:34
4,ENSINO FUNDAMENTAL COMPLETO,FEMININO,35 a 39 anos,277,273,"0,9856",0,1,2022-07-11 22:32:34
4,ENSINO FUNDAMENTAL COMPLETO,FEMININO,40 a 44 anos,365,358,"0,9808",1,1,2022-07-11 22:32:34
4,ENSINO FUNDAMENTAL COMPLETO,FEMININO,45 a 49 anos,357,350,"0,9804",0,3,2022-07-11 22:32:34
4,ENSINO FUNDAMENTAL COMPLETO,FEMININO,50 a 54 anos,316,310,"0,981",0,0,2022-07-11 22:32:34
4,ENSINO FUNDAMENTAL COMPLETO,FEMININO,55 a 59 anos,357,352,"0,986",0,4,2022-07-11 22:32:34
4,ENSINO FUNDAMENTAL COMPLETO,FEMININO,60 a 64 anos,360,360,1,0,5,2022-07-11 22:32:34
4,ENSINO FUNDAMENTAL COMPLETO,FEMININO,65 a 69 anos,252,251,"0,996",0,8,2022-07-11 22:32:34
4,ENSINO FUNDAMENTAL COMPLETO,FEMININO,70 a 74 anos,140,140,1,0,9,2022-07-11 22:32:34
4,ENSINO FUNDAMENTAL COMPLETO,FEMININO,75 a 79 anos,55,54,"0,9818",0,0,2022-07-11 22:32:34
4,ENSINO FUNDAMENTAL COMPLETO,FEMININO,80 a 84 anos,29,29,1,0,1,2022-07-11 22:32:34
4,ENSINO FUNDAMENTAL COMPLETO,FEMININO,85 a 89 anos,8,8,1,0,0,2022-07-11 22:32:34
4,ENSINO FUNDAMENTAL COMPLETO,FEMININO,90 a 94 anos,5,5,1,0,1,2022-07-11 22:32:34
4,ENSINO FUNDAMENTAL COMPLETO,MASCULINO,16 anos,11,0,0,0,0,2022-07-11 22:32:34
4,ENSINO FUNDAMENTAL COMPLETO,MASCULINO,17 anos,25,0,0,0,0,2022-07-11 22:32:34
4,ENSINO FUNDAMENTAL COMPLETO,MASCULINO,18 anos,25,0,0,0,1,2022-07-11 22:32:34
4,ENSINO FUNDAMENTAL COMPLETO,MASCULINO,19 anos,41,26,"0,6341",0,0,2022-07-11 22:32:34
4,ENSINO FUNDAMENTAL COMPLETO,MASCULINO,20 anos,51,30,"0,5882",0,0,2022-07-11 22:32:34
4,ENSINO FUNDAMENTAL COMPLETO,MASCULINO,21 a 24 anos,248,226,"0,9113",0,1,2022-07-11 22:32:34
4,ENSINO FUNDAMENTAL COMPLETO,MASCULINO,25 a 29 anos,229,218,"0,952",0,1,2022-07-11 22:32:34
4,ENSINO FUNDAMENTAL COMPLETO,MASCULINO,30 a 34 anos,255,250,"0,9804",0,1,2022-07-11 22:32:34
4,ENSINO FUNDAMENTAL COMPLETO,MASCULINO,35 a 39 anos,325,310,"0,9538",0,1,2022-07-11 22:32:34
4,ENSINO FUNDAMENTAL COMPLETO,MASCULINO,40 a 44 anos,370,360,"0,973",0,3,2022-07-11 22:32:34
4,ENSINO FUNDAMENTAL COMPLETO,MASCULINO,45 a 49 anos,369,362,"0,981",0,1,2022-07-11 22:32:34
4,ENSINO FUNDAMENTAL COMPLETO,MASCULINO,50 a 54 anos,371,361,"0,973",0,3,2022-07-11 22:32:34
4,ENSINO FUNDAMENTAL COMPLETO,MASCULINO,55 a 59 anos,387,381,"0,9845",0,3,2022-07-11 22:32:34
4,ENSINO FUNDAMENTAL COMPLETO,MASCULINO,60 a 64 anos,375,368,"0,9813",0,4,2022-07-11 22:32:34
4,ENSINO FUNDAMENTAL COMPLETO,MASCULINO,65 a 69 anos,284,280,"0,9859",0,10,2022-07-11 22:32:34
4,ENSINO FUNDAMENTAL COMPLETO,MASCULINO,70 a 74 anos,163,161,"0,9877",0,4,2022-07-11 22:32:34
4,ENSINO FUNDAMENTAL COMPLETO,MASCULINO,75 a 79 anos,70,70,1,0,4,2022-07-11 22:32:34
4,ENSINO FUNDAMENTAL COMPLETO,MASCULINO,80 a 84 anos,25,25,1,0,1,2022-07-11 22:32:34
4,ENSINO FUNDAMENTAL COMPLETO,MASCULINO,85 a 89 anos,8,8,1,0,1,2022-07-11 22:32:34
4,ENSINO FUNDAMENTAL COMPLETO,MASCULINO,90 a 94 anos,3,3,1,0,1,2022-07-11 22:32:34
4,ENSINO FUNDAMENTAL INCOMPLETO,FEMININO,100 anos ou mais,1,1,1,0,0,2022-07-11 22:32:34
4,ENSINO FUNDAMENTAL INCOMPLETO,FEMININO,16 anos,39,0,0,0,0,2022-07-11 22:32:34
4,ENSINO FUNDAMENTAL INCOMPLETO,FEMININO,17 anos,53,0,0,0,1,2022-07-11 22:32:34
4,ENSINO FUNDAMENTAL INCOMPLETO,FEMININO,18 anos,71,7,"0,0986",2,1,2022-07-11 22:32:34
4,ENSINO FUNDAMENTAL INCOMPLETO,FEMININO,19 anos,127,48,"0,378",0,0,2022-07-11 22:32:34
4,ENSINO FUNDAMENTAL INCOMPLETO,FEMININO,20 anos,144,97,"0,6736",1,0,2022-07-11 22:32:34
4,ENSINO FUNDAMENTAL INCOMPLETO,FEMININO,21 a 24 anos,1032,940,"0,9109",2,1,2022-07-11 22:32:34
4,ENSINO FUNDAMENTAL INCOMPLETO,FEMININO,25 a 29 anos,1176,1143,"0,9719",0,5,2022-07-11 22:32:34
4,ENSINO FUNDAMENTAL INCOMPLETO,FEMININO,30 a 34 anos,1005,982,"0,9771",1,6,2022-07-11 22:32:34
4,ENSINO FUNDAMENTAL INCOMPLETO,FEMININO,35 a 39 anos,1375,1354,"0,9847",1,4,2022-07-11 22:32:34
4,ENSINO FUNDAMENTAL INCOMPLETO,FEMININO,40 a 44 anos,1762,1747,"0,9915",0,8,2022-07-11 22:32:34
4,ENSINO FUNDAMENTAL INCOMPLETO,FEMININO,45 a 49 anos,1914,1884,"0,9843",0,15,2022-07-11 22:32:34
4,ENSINO FUNDAMENTAL INCOMPLETO,FEMININO,50 a 54 anos,1922,1906,"0,9917",1,16,2022-07-11 22:32:34
4,ENSINO FUNDAMENTAL INCOMPLETO,FEMININO,55 a 59 anos,1819,1795,"0,9868",0,18,2022-07-11 22:32:34
4,ENSINO FUNDAMENTAL INCOMPLETO,FEMININO,60 a 64 anos,1542,1532,"0,9935",0,14,2022-07-11 22:32:34
4,ENSINO FUNDAMENTAL INCOMPLETO,FEMININO,65 a 69 anos,1177,1171,"0,9949",0,35,2022-07-11 22:32:34
4,ENSINO FUNDAMENTAL INCOMPLETO,FEMININO,70 a 74 anos,827,827,1,0,17,2022-07-11 22:32:34
4,ENSINO FUNDAMENTAL INCOMPLETO,FEMININO,75 a 79 anos,316,314,"0,9937",0,12,2022-07-11 22:32:34
4,ENSINO FUNDAMENTAL INCOMPLETO,FEMININO,80 a 84 anos,128,128,1,0,3,2022-07-11 22:32:34
4,ENSINO FUNDAMENTAL INCOMPLETO,FEMININO,85 a 89 anos,39,39,1,0,3,2022-07-11 22:32:34
4,ENSINO FUNDAMENTAL INCOMPLETO,FEMININO,90 a 94 anos,11,11,1,0,2,2022-07-11 22:32:34
4,ENSINO FUNDAMENTAL INCOMPLETO,MASCULINO,16 anos,43,0,0,0,2,2022-07-11 22:32:34
4,ENSINO FUNDAMENTAL INCOMPLETO,MASCULINO,17 anos,59,0,0,0,2,2022-07-11 22:32:34
4,ENSINO FUNDAMENTAL INCOMPLETO,MASCULINO,18 anos,100,4,"0,04",0,3,2022-07-11 22:32:34
4,ENSINO FUNDAMENTAL INCOMPLETO,MASCULINO,19 anos,131,65,"0,4962",1,0,2022-07-11 22:32:34
4,ENSINO FUNDAMENTAL INCOMPLETO,MASCULINO,20 anos,215,142,"0,6605",0,1,2022-07-11 22:32:34
4,ENSINO FUNDAMENTAL INCOMPLETO,MASCULINO,21 a 24 anos,1301,1191,"0,9154",0,5,2022-07-11 22:32:34
4,ENSINO FUNDAMENTAL INCOMPLETO,MASCULINO,25 a 29 anos,1585,1518,"0,9577",0,13,2022-07-11 22:32:34
4,ENSINO FUNDAMENTAL INCOMPLETO,MASCULINO,30 a 34 anos,1320,1278,"0,9682",0,21,2022-07-11 22:32:34
4,ENSINO FUNDAMENTAL INCOMPLETO,MASCULINO,35 a 39 anos,1415,1369,"0,9675",0,15,2022-07-11 22:32:34
4,ENSINO FUNDAMENTAL INCOMPLETO,MASCULINO,40 a 44 anos,1788,1735,"0,9704",0,14,2022-07-11 22:32:34
4,ENSINO FUNDAMENTAL INCOMPLETO,MASCULINO,45 a 49 anos,1725,1677,"0,9722",0,23,2022-07-11 22:32:34
4,ENSINO FUNDAMENTAL INCOMPLETO,MASCULINO,50 a 54 anos,1643,1593,"0,9696",0,13,2022-07-11 22:32:34
4,ENSINO FUNDAMENTAL INCOMPLETO,MASCULINO,55 a 59 anos,1365,1340,"0,9817",0,14,2022-07-11 22:32:34
4,ENSINO FUNDAMENTAL INCOMPLETO,MASCULINO,60 a 64 anos,1206,1194,"0,99",0,15,2022-07-11 22:32:34
4,ENSINO FUNDAMENTAL INCOMPLETO,MASCULINO,65 a 69 anos,879,865,"0,9841",0,27,2022-07-11 22:32:34
4,ENSINO FUNDAMENTAL INCOMPLETO,MASCULINO,70 a 74 anos,583,579,"0,9931",0,26,2022-07-11 22:32:34
4,ENSINO FUNDAMENTAL INCOMPLETO,MASCULINO,75 a 79 anos,189,189,1,0,14,2022-07-11 22:32:34
4,ENSINO FUNDAMENTAL INCOMPLETO,MASCULINO,80 a 84 anos,79,79,1,0,2,2022-07-11 22:32:34
4,ENSINO FUNDAMENTAL INCOMPLETO,MASCULINO,85 a 89 anos,27,27,1,0,0,2022-07-11 22:32:34
4,ENSINO FUNDAMENTAL INCOMPLETO,MASCULINO,90 a 94 anos,6,6,1,0,0,2022-07-11 22:32:34
4,ENSINO FUNDAMENTAL INCOMPLETO,MASCULINO,95 a 99 anos,2,2,1,0,0,2022-07-11 22:32:34
4,ENSINO MÉDIO COMPLETO,FEMININO,16 anos,8,0,0,0,0,2022-07-11 22:32:34
4,ENSINO MÉDIO COMPLETO,FEMININO,17 anos,40,0,0,0,0,2022-07-11 22:32:34
4,ENSINO MÉDIO COMPLETO,FEMININO,18 anos,278,3,"0,0108",1,0,2022-07-11 22:32:34
4,ENSINO MÉDIO COMPLETO,FEMININO,19 anos,359,15,"0,0418",0,0,2022-07-11 22:32:34
4,ENSINO MÉDIO COMPLETO,FEMININO,20 anos,360,94,"0,2611",1,0,2022-07-11 22:32:34
4,ENSINO MÉDIO COMPLETO,FEMININO,21 a 24 anos,1588,1369,"0,8621",0,0,2022-07-11 22:32:34
4,ENSINO MÉDIO COMPLETO,FEMININO,25 a 29 anos,3123,3088,"0,9888",0,7,2022-07-11 22:32:34
4,ENSINO MÉDIO COMPLETO,FEMININO,30 a 34 anos,3286,3246,"0,9878",1,10,2022-07-11 22:32:34
4,ENSINO MÉDIO COMPLETO,FEMININO,35 a 39 anos,3974,3933,"0,9897",0,8,2022-07-11 22:32:34
4,ENSINO MÉDIO COMPLETO,FEMININO,40 a 44 anos,3886,3846,"0,9897",0,7,2022-07-11 22:32:34
4,ENSINO MÉDIO COMPLETO,FEMININO,45 a 49 anos,2615,2592,"0,9912",0,6,2022-07-11 22:32:34
4,ENSINO MÉDIO COMPLETO,FEMININO,50 a 54 anos,1944,1921,"0,9882",1,10,2022-07-11 22:32:34
4,ENSINO MÉDIO COMPLETO,FEMININO,55 a 59 anos,1592,1571,"0,9868",0,9,2022-07-11 22:32:34
4,ENSINO MÉDIO COMPLETO,FEMININO,60 a 64 anos,1110,1100,"0,991",0,5,2022-07-11 22:32:34
4,ENSINO MÉDIO COMPLETO,FEMININO,65 a 69 anos,724,720,"0,9945",0,20,2022-07-11 22:32:34
4,ENSINO MÉDIO COMPLETO,FEMININO,70 a 74 anos,342,340,"0,9942",0,10,2022-07-11 22:32:34
4,ENSINO MÉDIO COMPLETO,FEMININO,75 a 79 anos,126,124,"0,9841",0,4,2022-07-11 22:32:34
4,ENSINO MÉDIO COMPLETO,FEMININO,80 a 84 anos,41,41,1,0,4,2022-07-11 22:32:34
4,ENSINO MÉDIO COMPLETO,FEMININO,85 a 89 anos,11,11,1,0,0,2022-07-11 22:32:34
4,ENSINO MÉDIO COMPLETO,FEMININO,90 a 94 anos,1,1,1,0,0,2022-07-11 22:32:34
4,ENSINO MÉDIO COMPLETO,FEMININO,95 a 99 anos,1,1,1,0,0,2022-07-11 22:32:34
4,ENSINO MÉDIO COMPLETO,MASCULINO,100 anos ou mais,1,1,1,0,0,2022-07-11 22:32:34
4,ENSINO MÉDIO COMPLETO,MASCULINO,16 anos,5,0,0,1,0,2022-07-11 22:32:34
4,ENSINO MÉDIO COMPLETO,MASCULINO,17 anos,23,0,0,0,0,2022-07-11 22:32:34
4,ENSINO MÉDIO COMPLETO,MASCULINO,18 anos,181,1,"0,0055",3,2,2022-07-11 22:32:34
4,ENSINO MÉDIO COMPLETO,MASCULINO,19 anos,224,11,"0,0491",0,0,2022-07-11 22:32:34
4,ENSINO MÉDIO COMPLETO,MASCULINO,20 anos,262,75,"0,2863",0,3,2022-07-11 22:32:34
4,ENSINO MÉDIO COMPLETO,MASCULINO,21 a 24 anos,1071,896,"0,8366",3,4,2022-07-11 22:32:34
4,ENSINO MÉDIO COMPLETO,MASCULINO,25 a 29 anos,2409,2361,"0,9801",0,2,2022-07-11 22:32:34
4,ENSINO MÉDIO COMPLETO,MASCULINO,30 a 34 anos,2441,2405,"0,9853",0,11,2022-07-11 22:32:34
4,ENSINO MÉDIO COMPLETO,MASCULINO,35 a 39 anos,3123,3069,"0,9827",1,7,2022-07-11 22:32:34
4,ENSINO MÉDIO COMPLETO,MASCULINO,40 a 44 anos,2993,2946,"0,9843",0,13,2022-07-11 22:32:34
4,ENSINO MÉDIO COMPLETO,MASCULINO,45 a 49 anos,2112,2073,"0,9815",0,6,2022-07-11 22:32:34
4,ENSINO MÉDIO COMPLETO,MASCULINO,50 a 54 anos,1615,1587,"0,9827",0,9,2022-07-11 22:32:34
4,ENSINO MÉDIO COMPLETO,MASCULINO,55 a 59 anos,1231,1216,"0,9878",0,7,2022-07-11 22:32:34
4,ENSINO MÉDIO COMPLETO,MASCULINO,60 a 64 anos,934,928,"0,9936",0,12,2022-07-11 22:32:34
4,ENSINO MÉDIO COMPLETO,MASCULINO,65 a 69 anos,577,568,"0,9844",0,19,2022-07-11 22:32:34
4,ENSINO MÉDIO COMPLETO,MASCULINO,70 a 74 anos,299,296,"0,99",0,8,2022-07-11 22:32:34
4,ENSINO MÉDIO COMPLETO,MASCULINO,75 a 79 anos,92,91,"0,9891",0,3,2022-07-11 22:32:34
4,ENSINO MÉDIO COMPLETO,MASCULINO,80 a 84 anos,33,33,1,0,0,2022-07-11 22:32:34
4,ENSINO MÉDIO COMPLETO,MASCULINO,85 a 89 anos,11,11,1,0,0,2022-07-11 22:32:34
4,ENSINO MÉDIO COMPLETO,MASCULINO,90 a 94 anos,1,1,1,0,0,2022-07-11 22:32:34
4,ENSINO MÉDIO INCOMPLETO,FEMININO,100 anos ou mais,1,1,1,0,0,2022-07-11 22:32:34
4,ENSINO MÉDIO INCOMPLETO,FEMININO,16 anos,216,0,0,1,1,2022-07-11 22:32:34
4,ENSINO MÉDIO INCOMPLETO,FEMININO,17 anos,412,0,0,2,1,2022-07-11 22:32:34
4,ENSINO MÉDIO INCOMPLETO,FEMININO,18 anos,453,14,"0,0309",0,3,2022-07-11 22:32:34
4,ENSINO MÉDIO INCOMPLETO,FEMININO,19 anos,497,113,"0,2274",1,1,2022-07-11 22:32:34
4,ENSINO MÉDIO INCOMPLETO,FEMININO,20 anos,492,277,"0,563",0,2,2022-07-11 22:32:34
4,ENSINO MÉDIO INCOMPLETO,FEMININO,21 a 24 anos,2372,2194,"0,925",2,5,2022-07-11 22:32:34
4,ENSINO MÉDIO INCOMPLETO,FEMININO,25 a 29 anos,1474,1448,"0,9824",1,2,2022-07-11 22:32:34
4,ENSINO MÉDIO INCOMPLETO,FEMININO,30 a 34 anos,981,962,"0,9806",1,0,2022-07-11 22:32:34
4,ENSINO MÉDIO INCOMPLETO,FEMININO,35 a 39 anos,1152,1136,"0,9861",0,2,2022-07-11 22:32:34
4,ENSINO MÉDIO INCOMPLETO,FEMININO,40 a 44 anos,980,964,"0,9837",0,2,2022-07-11 22:32:34
4,ENSINO MÉDIO INCOMPLETO,FEMININO,45 a 49 anos,743,735,"0,9892",0,1,2022-07-11 22:32:34
4,ENSINO MÉDIO INCOMPLETO,FEMININO,50 a 54 anos,587,581,"0,9898",0,4,2022-07-11 22:32:34
4,ENSINO MÉDIO INCOMPLETO,FEMININO,55 a 59 anos,478,476,"0,9958",0,2,2022-07-11 22:32:34
4,ENSINO MÉDIO INCOMPLETO,FEMININO,60 a 64 anos,335,329,"0,9821",0,2,2022-07-11 22:32:34
4,ENSINO MÉDIO INCOMPLETO,FEMININO,65 a 69 anos,214,214,1,0,8,2022-07-11 22:32:34
4,ENSINO MÉDIO INCOMPLETO,FEMININO,70 a 74 anos,96,96,1,0,4,2022-07-11 22:32:34
4,ENSINO MÉDIO INCOMPLETO,FEMININO,75 a 79 anos,25,25,1,0,1,2022-07-11 22:32:34
4,ENSINO MÉDIO INCOMPLETO,FEMININO,80 a 84 anos,6,6,1,0,1,2022-07-11 22:32:34
4,ENSINO MÉDIO INCOMPLETO,FEMININO,85 a 89 anos,3,3,1,0,0,2022-07-11 22:32:34
4,ENSINO MÉDIO INCOMPLETO,FEMININO,90 a 94 anos,2,2,1,0,0,2022-07-11 22:32:34
4,ENSINO MÉDIO INCOMPLETO,MASCULINO,16 anos,130,0,0,0,0,2022-07-11 22:32:34
4,ENSINO MÉDIO INCOMPLETO,MASCULINO,17 anos,317,0,0,0,5,2022-07-11 22:32:34
4,ENSINO MÉDIO INCOMPLETO,MASCULINO,18 anos,448,10,"0,0223",2,4,2022-07-11 22:32:34
4,ENSINO MÉDIO INCOMPLETO,MASCULINO,19 anos,450,101,"0,2244",2,5,2022-07-11 22:32:34
4,ENSINO MÉDIO INCOMPLETO,MASCULINO,20 anos,494,245,"0,496",1,2,2022-07-11 22:32:34
4,ENSINO MÉDIO INCOMPLETO,MASCULINO,21 a 24 anos,2333,2157,"0,9246",1,4,2022-07-11 22:32:34
4,ENSINO MÉDIO INCOMPLETO,MASCULINO,25 a 29 anos,1416,1378,"0,9732",0,4,2022-07-11 22:32:34
4,ENSINO MÉDIO INCOMPLETO,MASCULINO,30 a 34 anos,920,905,"0,9837",0,7,2022-07-11 22:32:34
4,ENSINO MÉDIO INCOMPLETO,MASCULINO,35 a 39 anos,1031,1017,"0,9864",0,6,2022-07-11 22:32:34
4,ENSINO MÉDIO INCOMPLETO,MASCULINO,40 a 44 anos,899,873,"0,9711",0,2,2022-07-11 22:32:34
4,ENSINO MÉDIO INCOMPLETO,MASCULINO,45 a 49 anos,662,649,"0,9804",0,6,2022-07-11 22:32:34
4,ENSINO MÉDIO INCOMPLETO,MASCULINO,50 a 54 anos,514,506,"0,9844",0,5,2022-07-11 22:32:34
4,ENSINO MÉDIO INCOMPLETO,MASCULINO,55 a 59 anos,369,363,"0,9837",0,1,2022-07-11 22:32:34
4,ENSINO MÉDIO INCOMPLETO,MASCULINO,60 a 64 anos,271,268,"0,9889",0,3,2022-07-11 22:32:34
4,ENSINO MÉDIO INCOMPLETO,MASCULINO,65 a 69 anos,171,170,"0,9942",0,5,2022-07-11 22:32:34
4,ENSINO MÉDIO INCOMPLETO,MASCULINO,70 a 74 anos,83,82,"0,988",0,1,2022-07-11 22:32:34
4,ENSINO MÉDIO INCOMPLETO,MASCULINO,75 a 79 anos,25,25,1,0,1,2022-07-11 22:32:34
4,ENSINO MÉDIO INCOMPLETO,MASCULINO,80 a 84 anos,13,13,1,0,0,2022-07-11 22:32:34
4,ENSINO MÉDIO INCOMPLETO,MASCULINO,85 a 89 anos,2,2,1,0,0,2022-07-11 22:32:34
4,LÊ E ESCREVE,FEMININO,100 anos ou mais,2,2,1,0,0,2022-07-11 22:32:34
4,LÊ E ESCREVE,FEMININO,16 anos,3,0,0,0,0,2022-07-11 22:32:34
4,LÊ E ESCREVE,FEMININO,17 anos,5,0,0,0,0,2022-07-11 22:32:34
4,LÊ E ESCREVE,FEMININO,18 anos,5,0,0,0,0,2022-07-11 22:32:34
4,LÊ E ESCREVE,FEMININO,19 anos,6,1,"0,1667",1,1,2022-07-11 22:32:34
4,LÊ E ESCREVE,FEMININO,20 anos,10,4,"0,4",0,0,2022-07-11 22:32:34
4,LÊ E ESCREVE,FEMININO,21 a 24 anos,20,15,"0,75",0,0,2022-07-11 22:32:34
4,LÊ E ESCREVE,FEMININO,25 a 29 anos,33,30,"0,9091",1,1,2022-07-11 22:32:34
4,LÊ E ESCREVE,FEMININO,30 a 34 anos,44,38,"0,8636",0,3,2022-07-11 22:32:34
4,LÊ E ESCREVE,FEMININO,35 a 39 anos,78,75,"0,9615",0,1,2022-07-11 22:32:34
4,LÊ E ESCREVE,FEMININO,40 a 44 anos,131,129,"0,9847",0,3,2022-07-11 22:32:34
4,LÊ E ESCREVE,FEMININO,45 a 49 anos,208,205,"0,9856",0,2,2022-07-11 22:32:34
4,LÊ E ESCREVE,FEMININO,50 a 54 anos,278,272,"0,9784",0,5,2022-07-11 22:32:34
4,LÊ E ESCREVE,FEMININO,55 a 59 anos,463,459,"0,9914",0,9,2022-07-11 22:32:34
4,LÊ E ESCREVE,FEMININO,60 a 64 anos,564,558,"0,9894",0,9,2022-07-11 22:32:34
4,LÊ E ESCREVE,FEMININO,65 a 69 anos,577,574,"0,9948",0,25,2022-07-11 22:32:34
4,LÊ E ESCREVE,FEMININO,70 a 74 anos,465,459,"0,9871",0,26,2022-07-11 22:32:34
4,LÊ E ESCREVE,FEMININO,75 a 79 anos,235,234,"0,9957",0,11,2022-07-11 22:32:34
4,LÊ E ESCREVE,FEMININO,80 a 84 anos,106,106,1,0,4,2022-07-11 22:32:34
4,LÊ E ESCREVE,FEMININO,85 a 89 anos,30,30,1,0,1,2022-07-11 22:32:34
4,LÊ E ESCREVE,FEMININO,90 a 94 anos,16,16,1,0,0,2022-07-11 22:32:34
4,LÊ E ESCREVE,FEMININO,95 a 99 anos,3,3,1,0,0,2022-07-11 22:32:34
4,LÊ E ESCREVE,MASCULINO,16 anos,2,0,0,0,0,2022-07-11 22:32:34
4,LÊ E ESCREVE,MASCULINO,18 anos,7,0,0,0,0,2022-07-11 22:32:34
4,LÊ E ESCREVE,MASCULINO,19 anos,7,3,"0,4286",0,0,2022-07-11 22:32:34
4,LÊ E ESCREVE,MASCULINO,20 anos,2,1,"0,5",0,0,2022-07-11 22:32:34
4,LÊ E ESCREVE,MASCULINO,21 a 24 anos,34,27,"0,7941",1,0,2022-07-11 22:32:34
4,LÊ E ESCREVE,MASCULINO,25 a 29 anos,53,46,"0,8679",0,0,2022-07-11 22:32:34
4,LÊ E ESCREVE,MASCULINO,30 a 34 anos,35,31,"0,8857",0,1,2022-07-11 22:32:34
4,LÊ E ESCREVE,MASCULINO,35 a 39 anos,77,73,"0,9481",0,1,2022-07-11 22:32:34
4,LÊ E ESCREVE,MASCULINO,40 a 44 anos,141,133,"0,9433",0,5,2022-07-11 22:32:34
4,LÊ E ESCREVE,MASCULINO,45 a 49 anos,204,195,"0,9559",0,1,2022-07-11 22:32:34
4,LÊ E ESCREVE,MASCULINO,50 a 54 anos,249,235,"0,9438",0,1,2022-07-11 22:32:34
4,LÊ E ESCREVE,MASCULINO,55 a 59 anos,398,387,"0,9724",0,10,2022-07-11 22:32:34
4,LÊ E ESCREVE,MASCULINO,60 a 64 anos,457,447,"0,9781",0,18,2022-07-11 22:32:34
4,LÊ E ESCREVE,MASCULINO,65 a 69 anos,408,397,"0,973",0,18,2022-07-11 22:32:34
4,LÊ E ESCREVE,MASCULINO,70 a 74 anos,347,344,"0,9914",0,15,2022-07-11 22:32:34
4,LÊ E ESCREVE,MASCULINO,75 a 79 anos,131,130,"0,9924",0,10,2022-07-11 22:32:34
4,LÊ E ESCREVE,MASCULINO,80 a 84 anos,63,63,1,0,2,2022-07-11 22:32:34
4,LÊ E ESCREVE,MASCULINO,85 a 89 anos,14,14,1,0,0,2022-07-11 22:32:34
4,LÊ E ESCREVE,MASCULINO,90 a 94 anos,4,4,1,0,1,2022-07-11 22:32:34
4,LÊ E ESCREVE,MASCULINO,95 a 99 anos,4,4,1,0,0,2022-07-11 22:32:34
4,SUPERIOR COMPLETO,FEMININO,20 anos,1,0,0,0,0,2022-07-11 22:32:34
4,SUPERIOR COMPLETO,FEMININO,21 a 24 anos,19,16,"0,8421",0,0,2022-07-11 22:32:34
4,SUPERIOR COMPLETO,FEMININO,25 a 29 anos,243,240,"0,9877",0,0,2022-07-11 22:32:34
4,SUPERIOR COMPLETO,FEMININO,30 a 34 anos,552,543,"0,9837",0,5,2022-07-11 22:32:34
4,SUPERIOR COMPLETO,FEMININO,35 a 39 anos,779,769,"0,9872",0,2,2022-07-11 22:32:34
4,SUPERIOR COMPLETO,FEMININO,40 a 44 anos,705,701,"0,9943",0,1,2022-07-11 22:32:34
4,SUPERIOR COMPLETO,FEMININO,45 a 49 anos,429,425,"0,9907",0,0,2022-07-11 22:32:34
4,SUPERIOR COMPLETO,FEMININO,50 a 54 anos,314,312,"0,9936",0,2,2022-07-11 22:32:34
4,SUPERIOR COMPLETO,FEMININO,55 a 59 anos,229,228,"0,9956",1,0,2022-07-11 22:32:34
4,SUPERIOR COMPLETO,FEMININO,60 a 64 anos,150,149,"0,9933",0,0,2022-07-11 22:32:34
4,SUPERIOR COMPLETO,FEMININO,65 a 69 anos,93,92,"0,9892",0,1,2022-07-11 22:32:34
4,SUPERIOR COMPLETO,FEMININO,70 a 74 anos,48,48,1,0,0,2022-07-11 22:32:34
4,SUPERIOR COMPLETO,FEMININO,75 a 79 anos,17,17,1,0,0,2022-07-11 22:32:34
4,SUPERIOR COMPLETO,FEMININO,80 a 84 anos,6,6,1,0,0,2022-07-11 22:32:34
4,SUPERIOR COMPLETO,FEMININO,85 a 89 anos,2,2,1,0,0,2022-07-11 22:32:34
4,SUPERIOR COMPLETO,MASCULINO,18 anos,1,0,0,0,0,2022-07-11 22:32:34
4,SUPERIOR COMPLETO,MASCULINO,20 anos,1,0,0,0,0,2022-07-11 22:32:34
4,SUPERIOR COMPLETO,MASCULINO,21 a 24 anos,6,5,"0,8333",0,0,2022-07-11 22:32:34
4,SUPERIOR COMPLETO,MASCULINO,25 a 29 anos,103,100,"0,9709",0,0,2022-07-11 22:32:34
4,SUPERIOR COMPLETO,MASCULINO,30 a 34 anos,267,258,"0,9663",0,0,2022-07-11 22:32:34
4,SUPERIOR COMPLETO,MASCULINO,35 a 39 anos,344,338,"0,9826",0,1,2022-07-11 22:32:34
4,SUPERIOR COMPLETO,MASCULINO,40 a 44 anos,348,344,"0,9885",0,1,2022-07-11 22:32:34
4,SUPERIOR COMPLETO,MASCULINO,45 a 49 anos,257,253,"0,9844",1,1,2022-07-11 22:32:34
4,SUPERIOR COMPLETO,MASCULINO,50 a 54 anos,158,155,"0,981",0,1,2022-07-11 22:32:34
4,SUPERIOR COMPLETO,MASCULINO,55 a 59 anos,119,116,"0,9748",0,1,2022-07-11 22:32:34
4,SUPERIOR COMPLETO,MASCULINO,60 a 64 anos,78,76,"0,9744",0,3,2022-07-11 22:32:34
4,SUPERIOR COMPLETO,MASCULINO,65 a 69 anos,43,42,"0,9767",0,0,2022-07-11 22:32:34
4,SUPERIOR COMPLETO,MASCULINO,70 a 74 anos,29,29,1,0,2,2022-07-11 22:32:34
4,SUPERIOR COMPLETO,MASCULINO,75 a 79 anos,9,9,1,0,0,2022-07-11 22:32:34
4,SUPERIOR COMPLETO,MASCULINO,80 a 84 anos,2,2,1,0,0,2022-07-11 22:32:34
4,SUPERIOR COMPLETO,MASCULINO,85 a 89 anos,2,2,1,0,0,2022-07-11 22:32:34
4,SUPERIOR COMPLETO,MASCULINO,90 a 94 anos,1,1,1,0,0,2022-07-11 22:32:34
4,SUPERIOR INCOMPLETO,FEMININO,17 anos,2,0,0,0,0,2022-07-11 22:32:34
4,SUPERIOR INCOMPLETO,FEMININO,18 anos,17,0,0,0,0,2022-07-11 22:32:34
4,SUPERIOR INCOMPLETO,FEMININO,19 anos,15,1,"0,0667",0,0,2022-07-11 22:32:34
4,SUPERIOR INCOMPLETO,FEMININO,20 anos,31,6,"0,1935",0,0,2022-07-11 22:32:34
4,SUPERIOR INCOMPLETO,FEMININO,21 a 24 anos,194,172,"0,8866",2,0,2022-07-11 22:32:34
4,SUPERIOR INCOMPLETO,FEMININO,25 a 29 anos,604,598,"0,9901",0,0,2022-07-11 22:32:34
4,SUPERIOR INCOMPLETO,FEMININO,30 a 34 anos,455,450,"0,989",0,1,2022-07-11 22:32:34
4,SUPERIOR INCOMPLETO,FEMININO,35 a 39 anos,440,435,"0,9886",0,0,2022-07-11 22:32:34
4,SUPERIOR INCOMPLETO,FEMININO,40 a 44 anos,319,318,"0,9969",0,0,2022-07-11 22:32:34
4,SUPERIOR INCOMPLETO,FEMININO,45 a 49 anos,198,195,"0,9848",0,0,2022-07-11 22:32:34
4,SUPERIOR INCOMPLETO,FEMININO,50 a 54 anos,114,113,"0,9912",0,0,2022-07-11 22:32:34
4,SUPERIOR INCOMPLETO,FEMININO,55 a 59 anos,87,86,"0,9885",0,1,2022-07-11 22:32:34
4,SUPERIOR INCOMPLETO,FEMININO,60 a 64 anos,44,43,"0,9773",0,1,2022-07-11 22:32:34
4,SUPERIOR INCOMPLETO,FEMININO,65 a 69 anos,30,30,1,0,1,2022-07-11 22:32:34
4,SUPERIOR INCOMPLETO,FEMININO,70 a 74 anos,7,7,1,0,0,2022-07-11 22:32:34
4,SUPERIOR INCOMPLETO,FEMININO,75 a 79 anos,3,3,1,0,0,2022-07-11 22:32:34
4,SUPERIOR INCOMPLETO,FEMININO,85 a 89 anos,2,2,1,0,0,2022-07-11 22:32:34
4,SUPERIOR INCOMPLETO,MASCULINO,16 anos,1,0,0,0,0,2022-07-11 22:32:34
4,SUPERIOR INCOMPLETO,MASCULINO,17 anos,2,0,0,0,0,2022-07-11 22:32:34
4,SUPERIOR INCOMPLETO,MASCULINO,18 anos,9,0,0,0,0,2022-07-11 22:32:34
4,SUPERIOR INCOMPLETO,MASCULINO,19 anos,13,1,"0,0769",0,0,2022-07-11 22:32:34
4,SUPERIOR INCOMPLETO,MASCULINO,20 anos,17,5,"0,2941",0,0,2022-07-11 22:32:34
4,SUPERIOR INCOMPLETO,MASCULINO,21 a 24 anos,133,116,"0,8722",0,0,2022-07-11 22:32:34
4,SUPERIOR INCOMPLETO,MASCULINO,25 a 29 anos,395,387,"0,9797",0,1,2022-07-11 22:32:34
4,SUPERIOR INCOMPLETO,MASCULINO,30 a 34 anos,355,342,"0,9634",0,0,2022-07-11 22:32:34
4,SUPERIOR INCOMPLETO,MASCULINO,35 a 39 anos,314,307,"0,9777",0,0,2022-07-11 22:32:34
4,SUPERIOR INCOMPLETO,MASCULINO,40 a 44 anos,265,258,"0,9736",0,1,2022-07-11 22:32:34
4,SUPERIOR INCOMPLETO,MASCULINO,45 a 49 anos,162,159,"0,9815",0,1,2022-07-11 22:32:34
4,SUPERIOR INCOMPLETO,MASCULINO,50 a 54 anos,103,101,"0,9806",0,0,2022-07-11 22:32:34
4,SUPERIOR INCOMPLETO,MASCULINO,55 a 59 anos,47,46,"0,9787",0,1,2022-07-11 22:32:34
4,SUPERIOR INCOMPLETO,MASCULINO,60 a 64 anos,50,50,1,0,0,2022-07-11 22:32:34
4,SUPERIOR INCOMPLETO,MASCULINO,65 a 69 anos,30,30,1,0,1,2022-07-11 22:32:34
4,SUPERIOR INCOMPLETO,MASCULINO,70 a 74 anos,10,10,1,0,0,2022-07-11 22:32:34
4,SUPERIOR INCOMPLETO,MASCULINO,75 a 79 anos,1,1,1,0,0,2022-07-11 22:32:34
4,SUPERIOR INCOMPLETO,MASCULINO,85 a 89 anos,1,1,1,0,0,2022-07-11 22:32:34
5,ANALFABETO,FEMININO,18 anos,2,0,0,0,2,2022-07-11 22:32:34
5,ANALFABETO,FEMININO,20 anos,1,0,0,0,1,2022-07-11 22:32:34
5,ANALFABETO,FEMININO,21 a 24 anos,2,1,"0,5",0,2,2022-07-11 22:32:34
5,ANALFABETO,FEMININO,25 a 29 anos,7,5,"0,7143",0,2,2022-07-11 22:32:34
5,ANALFABETO,FEMININO,30 a 34 anos,7,7,1,0,5,2022-07-11 22:32:34
5,ANALFABETO,FEMININO,35 a 39 anos,9,9,1,0,3,2022-07-11 22:32:34
5,ANALFABETO,FEMININO,40 a 44 anos,6,5,"0,8333",0,2,2022-07-11 22:32:34
5,ANALFABETO,FEMININO,45 a 49 anos,17,17,1,0,4,2022-07-11 22:32:34
5,ANALFABETO,FEMININO,50 a 54 anos,24,22,"0,9167",0,2,2022-07-11 22:32:34
5,ANALFABETO,FEMININO,55 a 59 anos,40,39,"0,975",0,2,2022-07-11 22:32:34
5,ANALFABETO,FEMININO,60 a 64 anos,51,47,"0,9216",0,2,2022-07-11 22:32:34
5,ANALFABETO,FEMININO,65 a 69 anos,55,51,"0,9273",0,6,2022-07-11 22:32:34
5,ANALFABETO,FEMININO,70 a 74 anos,67,64,"0,9552",0,15,2022-07-11 22:32:34
5,ANALFABETO,FEMININO,75 a 79 anos,41,41,1,0,3,2022-07-11 22:32:34
5,ANALFABETO,FEMININO,80 a 84 anos,18,18,1,0,0,2022-07-11 22:32:34
5,ANALFABETO,FEMININO,85 a 89 anos,11,11,1,0,1,2022-07-11 22:32:34
5,ANALFABETO,FEMININO,90 a 94 anos,2,2,1,0,0,2022-07-11 22:32:34
5,ANALFABETO,MASCULINO,19 anos,2,0,0,0,2,2022-07-11 22:32:34
5,ANALFABETO,MASCULINO,20 anos,1,0,0,0,1,2022-07-11 22:32:34
5,ANALFABETO,MASCULINO,21 a 24 anos,13,12,"0,9231",0,5,2022-07-11 22:32:34
5,ANALFABETO,MASCULINO,25 a 29 anos,6,6,1,0,1,2022-07-11 22:32:34
5,ANALFABETO,MASCULINO,30 a 34 anos,6,5,"0,8333",0,2,2022-07-11 22:32:34
5,ANALFABETO,MASCULINO,35 a 39 anos,10,9,"0,9",0,2,2022-07-11 22:32:34
5,ANALFABETO,MASCULINO,40 a 44 anos,16,11,"0,6875",0,2,2022-07-11 22:32:34
5,ANALFABETO,MASCULINO,45 a 49 anos,17,12,"0,7059",0,3,2022-07-11 22:32:34
5,ANALFABETO,MASCULINO,50 a 54 anos,22,22,1,0,2,2022-07-11 22:32:34
5,ANALFABETO,MASCULINO,55 a 59 anos,22,19,"0,8636",0,1,2022-07-11 22:32:34
5,ANALFABETO,MASCULINO,60 a 64 anos,30,26,"0,8667",0,3,2022-07-11 22:32:34
5,ANALFABETO,MASCULINO,65 a 69 anos,25,22,"0,88",0,2,2022-07-11 22:32:34
5,ANALFABETO,MASCULINO,70 a 74 anos,23,18,"0,7826",0,3,2022-07-11 22:32:34
5,ANALFABETO,MASCULINO,75 a 79 anos,9,8,"0,8889",0,0,2022-07-11 22:32:34
5,ANALFABETO,MASCULINO,80 a 84 anos,4,4,1,0,0,2022-07-11 22:32:34
5,ANALFABETO,MASCULINO,85 a 89 anos,3,3,1,0,0,2022-07-11 22:32:34
5,ANALFABETO,MASCULINO,90 a 94 anos,1,0,0,0,0,2022-07-11 22:32:34
5,ENSINO FUNDAMENTAL COMPLETO,FEMININO,16 anos,10,0,0,0,0,2022-07-11 22:32:34
5,ENSINO FUNDAMENTAL COMPLETO,FEMININO,17 anos,21,0,0,0,0,2022-07-11 22:32:34
5,ENSINO FUNDAMENTAL COMPLETO,FEMININO,18 anos,13,0,0,0,0,2022-07-11 22:32:34
5,ENSINO FUNDAMENTAL COMPLETO,FEMININO,19 anos,13,2,"0,1538",0,0,2022-07-11 22:32:34
5,ENSINO FUNDAMENTAL COMPLETO,FEMININO,20 anos,10,6,"0,6",0,0,2022-07-11 22:32:34
5,ENSINO FUNDAMENTAL COMPLETO,FEMININO,21 a 24 anos,60,48,"0,8",0,0,2022-07-11 22:32:34
5,ENSINO FUNDAMENTAL COMPLETO,FEMININO,25 a 29 anos,98,91,"0,9286",0,1,2022-07-11 22:32:34
5,ENSINO FUNDAMENTAL COMPLETO,FEMININO,30 a 34 anos,97,96,"0,9897",0,0,2022-07-11 22:32:34
5,ENSINO FUNDAMENTAL COMPLETO,FEMININO,35 a 39 anos,147,146,"0,9932",0,0,2022-07-11 22:32:34
5,ENSINO FUNDAMENTAL COMPLETO,FEMININO,40 a 44 anos,155,153,"0,9871",0,1,2022-07-11 22:32:34
5,ENSINO FUNDAMENTAL COMPLETO,FEMININO,45 a 49 anos,192,189,"0,9844",0,2,2022-07-11 22:32:34
5,ENSINO FUNDAMENTAL COMPLETO,FEMININO,50 a 54 anos,220,214,"0,9727",0,3,2022-07-11 22:32:34
5,ENSINO FUNDAMENTAL COMPLETO,FEMININO,55 a 59 anos,217,214,"0,9862",0,6,2022-07-11 22:32:34
5,ENSINO FUNDAMENTAL COMPLETO,FEMININO,60 a 64 anos,243,243,1,0,8,2022-07-11 22:32:34
5,ENSINO FUNDAMENTAL COMPLETO,FEMININO,65 a 69 anos,191,190,"0,9948",0,6,2022-07-11 22:32:34
5,ENSINO FUNDAMENTAL COMPLETO,FEMININO,70 a 74 anos,152,152,1,0,7,2022-07-11 22:32:34
5,ENSINO FUNDAMENTAL COMPLETO,FEMININO,75 a 79 anos,78,78,1,0,5,2022-07-11 22:32:34
5,ENSINO FUNDAMENTAL COMPLETO,FEMININO,80 a 84 anos,39,37,"0,9487",0,2,2022-07-11 22:32:34
5,ENSINO FUNDAMENTAL COMPLETO,FEMININO,85 a 89 anos,13,13,1,0,1,2022-07-11 22:32:34
5,ENSINO FUNDAMENTAL COMPLETO,FEMININO,90 a 94 anos,5,5,1,0,0,2022-07-11 22:32:34
5,ENSINO FUNDAMENTAL COMPLETO,FEMININO,95 a 99 anos,1,1,1,0,0,2022-07-11 22:32:34
5,ENSINO FUNDAMENTAL COMPLETO,MASCULINO,16 anos,6,0,0,0,0,2022-07-11 22:32:34
5,ENSINO FUNDAMENTAL COMPLETO,MASCULINO,17 anos,14,0,0,0,0,2022-07-11 22:32:34
5,ENSINO FUNDAMENTAL COMPLETO,MASCULINO,18 anos,15,2,"0,1333",1,0,2022-07-11 22:32:34
5,ENSINO FUNDAMENTAL COMPLETO,MASCULINO,19 anos,23,4,"0,1739",0,0,2022-07-11 22:32:34
5,ENSINO FUNDAMENTAL COMPLETO,MASCULINO,20 anos,15,5,"0,3333",0,0,2022-07-11 22:32:34
5,ENSINO FUNDAMENTAL COMPLETO,MASCULINO,21 a 24 anos,79,65,"0,8228",0,1,2022-07-11 22:32:34
5,ENSINO FUNDAMENTAL COMPLETO,MASCULINO,25 a 29 anos,147,135,"0,9184",0,0,2022-07-11 22:32:34
5,ENSINO FUNDAMENTAL COMPLETO,MASCULINO,30 a 34 anos,117,111,"0,9487",0,2,2022-07-11 22:32:34
5,ENSINO FUNDAMENTAL COMPLETO,MASCULINO,35 a 39 anos,168,162,"0,9643",0,2,2022-07-11 22:32:34
5,ENSINO FUNDAMENTAL COMPLETO,MASCULINO,40 a 44 anos,199,188,"0,9447",0,2,2022-07-11 22:32:34
5,ENSINO FUNDAMENTAL COMPLETO,MASCULINO,45 a 49 anos,196,190,"0,9694",0,1,2022-07-11 22:32:34
5,ENSINO FUNDAMENTAL COMPLETO,MASCULINO,50 a 54 anos,210,202,"0,9619",0,2,2022-07-11 22:32:34
5,ENSINO FUNDAMENTAL COMPLETO,MASCULINO,55 a 59 anos,234,234,1,0,4,2022-07-11 22:32:34
5,ENSINO FUNDAMENTAL COMPLETO,MASCULINO,60 a 64 anos,226,222,"0,9823",0,4,2022-07-11 22:32:34
5,ENSINO FUNDAMENTAL COMPLETO,MASCULINO,65 a 69 anos,196,194,"0,9898",0,6,2022-07-11 22:32:34
5,ENSINO FUNDAMENTAL COMPLETO,MASCULINO,70 a 74 anos,123,122,"0,9919",0,9,2022-07-11 22:32:34
5,ENSINO FUNDAMENTAL COMPLETO,MASCULINO,75 a 79 anos,54,52,"0,963",0,1,2022-07-11 22:32:34
5,ENSINO FUNDAMENTAL COMPLETO,MASCULINO,80 a 84 anos,22,21,"0,9545",0,1,2022-07-11 22:32:34
5,ENSINO FUNDAMENTAL COMPLETO,MASCULINO,85 a 89 anos,3,3,1,0,0,2022-07-11 22:32:34
5,ENSINO FUNDAMENTAL COMPLETO,MASCULINO,90 a 94 anos,2,2,1,0,0,2022-07-11 22:32:34
5,ENSINO FUNDAMENTAL COMPLETO,MASCULINO,95 a 99 anos,1,1,1,0,0,2022-07-11 22:32:34
5,ENSINO FUNDAMENTAL INCOMPLETO,FEMININO,16 anos,23,0,0,0,0,2022-07-11 22:32:34
5,ENSINO FUNDAMENTAL INCOMPLETO,FEMININO,17 anos,26,0,0,1,0,2022-07-11 22:32:34
5,ENSINO FUNDAMENTAL INCOMPLETO,FEMININO,18 anos,23,0,0,0,0,2022-07-11 22:32:34
5,ENSINO FUNDAMENTAL INCOMPLETO,FEMININO,19 anos,45,6,"0,1333",2,1,2022-07-11 22:32:34
5,ENSINO FUNDAMENTAL INCOMPLETO,FEMININO,20 anos,55,32,"0,5818",0,0,2022-07-11 22:32:34
5,ENSINO FUNDAMENTAL INCOMPLETO,FEMININO,21 a 24 anos,376,329,"0,875",0,4,2022-07-11 22:32:34
5,ENSINO FUNDAMENTAL INCOMPLETO,FEMININO,25 a 29 anos,451,441,"0,9778",0,6,2022-07-11 22:32:34
5,ENSINO FUNDAMENTAL INCOMPLETO,FEMININO,30 a 34 anos,375,365,"0,9733",0,7,2022-07-11 22:32:34
5,ENSINO FUNDAMENTAL INCOMPLETO,FEMININO,35 a 39 anos,475,467,"0,9832",1,3,2022-07-11 22:32:34
5,ENSINO FUNDAMENTAL INCOMPLETO,FEMININO,40 a 44 anos,673,664,"0,9866",0,3,2022-07-11 22:32:34
5,ENSINO FUNDAMENTAL INCOMPLETO,FEMININO,45 a 49 anos,839,825,"0,9833",0,7,2022-07-11 22:32:34
5,ENSINO FUNDAMENTAL INCOMPLETO,FEMININO,50 a 54 anos,876,866,"0,9886",0,4,2022-07-11 22:32:34
5,ENSINO FUNDAMENTAL INCOMPLETO,FEMININO,55 a 59 anos,823,818,"0,9939",0,13,2022-07-11 22:32:34
5,ENSINO FUNDAMENTAL INCOMPLETO,FEMININO,60 a 64 anos,753,748,"0,9934",0,14,2022-07-11 22:32:34
5,ENSINO FUNDAMENTAL INCOMPLETO,FEMININO,65 a 69 anos,603,598,"0,9917",0,23,2022-07-11 22:32:34
5,ENSINO FUNDAMENTAL INCOMPLETO,FEMININO,70 a 74 anos,493,491,"0,9959",0,24,2022-07-11 22:32:34
5,ENSINO FUNDAMENTAL INCOMPLETO,FEMININO,75 a 79 anos,213,212,"0,9953",0,14,2022-07-11 22:32:34
5,ENSINO FUNDAMENTAL INCOMPLETO,FEMININO,80 a 84 anos,93,92,"0,9892",0,4,2022-07-11 22:32:34
5,ENSINO FUNDAMENTAL INCOMPLETO,FEMININO,85 a 89 anos,31,31,1,0,0,2022-07-11 22:32:34
5,ENSINO FUNDAMENTAL INCOMPLETO,FEMININO,90 a 94 anos,8,8,1,0,0,2022-07-11 22:32:34
5,ENSINO FUNDAMENTAL INCOMPLETO,FEMININO,95 a 99 anos,1,1,1,0,0,2022-07-11 22:32:34
5,ENSINO FUNDAMENTAL INCOMPLETO,FEMININO,Inválido,1,1,1,0,0,2022-07-11 22:32:34
5,ENSINO FUNDAMENTAL INCOMPLETO,MASCULINO,16 anos,30,0,0,0,1,2022-07-11 22:32:34
5,ENSINO FUNDAMENTAL INCOMPLETO,MASCULINO,17 anos,24,0,0,0,1,2022-07-11 22:32:34
5,ENSINO FUNDAMENTAL INCOMPLETO,MASCULINO,18 anos,44,2,"0,0455",0,0,2022-07-11 22:32:34
5,ENSINO FUNDAMENTAL INCOMPLETO,MASCULINO,19 anos,51,14,"0,2745",0,0,2022-07-11 22:32:34
5,ENSINO FUNDAMENTAL INCOMPLETO,MASCULINO,20 anos,79,31,"0,3924",0,1,2022-07-11 22:32:34
5,ENSINO FUNDAMENTAL INCOMPLETO,MASCULINO,21 a 24 anos,563,446,"0,7922",1,7,2022-07-11 22:32:34
5,ENSINO FUNDAMENTAL INCOMPLETO,MASCULINO,25 a 29 anos,704,615,"0,8736",0,5,2022-07-11 22:32:34
5,ENSINO FUNDAMENTAL INCOMPLETO,MASCULINO,30 a 34 anos,525,470,"0,8952",0,10,2022-07-11 22:32:34
5,ENSINO FUNDAMENTAL INCOMPLETO,MASCULINO,35 a 39 anos,599,571,"0,9533",0,10,2022-07-11 22:32:34
5,ENSINO FUNDAMENTAL INCOMPLETO,MASCULINO,40 a 44 anos,739,705,"0,954",0,4,2022-07-11 22:32:34
5,ENSINO FUNDAMENTAL INCOMPLETO,MASCULINO,45 a 49 anos,743,725,"0,9758",0,10,2022-07-11 22:32:34
5,ENSINO FUNDAMENTAL INCOMPLETO,MASCULINO,50 a 54 anos,818,797,"0,9743",0,10,2022-07-11 22:32:34
5,ENSINO FUNDAMENTAL INCOMPLETO,MASCULINO,55 a 59 anos,670,651,"0,9716",0,8,2022-07-11 22:32:34
5,ENSINO FUNDAMENTAL INCOMPLETO,MASCULINO,60 a 64 anos,518,508,"0,9807",0,12,2022-07-11 22:32:34
5,ENSINO FUNDAMENTAL INCOMPLETO,MASCULINO,65 a 69 anos,419,412,"0,9833",0,16,2022-07-11 22:32:34
5,ENSINO FUNDAMENTAL INCOMPLETO,MASCULINO,70 a 74 anos,277,275,"0,9928",0,11,2022-07-11 22:32:34
5,ENSINO FUNDAMENTAL INCOMPLETO,MASCULINO,75 a 79 anos,133,132,"0,9925",0,8,2022-07-11 22:32:34
5,ENSINO FUNDAMENTAL INCOMPLETO,MASCULINO,80 a 84 anos,40,39,"0,975",0,2,2022-07-11 22:32:34
5,ENSINO FUNDAMENTAL INCOMPLETO,MASCULINO,85 a 89 anos,16,16,1,0,1,2022-07-11 22:32:34
5,ENSINO FUNDAMENTAL INCOMPLETO,MASCULINO,90 a 94 anos,4,3,"0,75",0,0,2022-07-11 22:32:34
5,ENSINO MÉDIO COMPLETO,FEMININO,16 anos,7,0,0,0,0,2022-07-11 22:32:34
5,ENSINO MÉDIO COMPLETO,FEMININO,17 anos,26,0,0,0,0,2022-07-11 22:32:34
5,ENSINO MÉDIO COMPLETO,FEMININO,18 anos,184,0,0,0,0,2022-07-11 22:32:34
5,ENSINO MÉDIO COMPLETO,FEMININO,19 anos,209,4,"0,0191",3,0,2022-07-11 22:32:34
5,ENSINO MÉDIO COMPLETO,FEMININO,20 anos,274,68,"0,2482",0,1,2022-07-11 22:32:34
5,ENSINO MÉDIO COMPLETO,FEMININO,21 a 24 anos,1104,972,"0,8804",1,3,2022-07-11 22:32:34
5,ENSINO MÉDIO COMPLETO,FEMININO,25 a 29 anos,1959,1929,"0,9847",2,5,2022-07-11 22:32:34
5,ENSINO MÉDIO COMPLETO,FEMININO,30 a 34 anos,1826,1794,"0,9825",0,2,2022-07-11 22:32:34
5,ENSINO MÉDIO COMPLETO,FEMININO,35 a 39 anos,2290,2262,"0,9878",0,8,2022-07-11 22:32:34
5,ENSINO MÉDIO COMPLETO,FEMININO,40 a 44 anos,2551,2520,"0,9878",1,11,2022-07-11 22:32:34
5,ENSINO MÉDIO COMPLETO,FEMININO,45 a 49 anos,1921,1895,"0,9865",0,13,2022-07-11 22:32:34
5,ENSINO MÉDIO COMPLETO,FEMININO,50 a 54 anos,1582,1563,"0,988",1,15,2022-07-11 22:32:34
5,ENSINO MÉDIO COMPLETO,FEMININO,55 a 59 anos,1458,1447,"0,9925",0,6,2022-07-11 22:32:34
5,ENSINO MÉDIO COMPLETO,FEMININO,60 a 64 anos,1184,1170,"0,9882",0,11,2022-07-11 22:32:34
5,ENSINO MÉDIO COMPLETO,FEMININO,65 a 69 anos,953,950,"0,9969",0,34,2022-07-11 22:32:34
5,ENSINO MÉDIO COMPLETO,FEMININO,70 a 74 anos,610,608,"0,9967",0,19,2022-07-11 22:32:34
5,ENSINO MÉDIO COMPLETO,FEMININO,75 a 79 anos,246,243,"0,9878",0,10,2022-07-11 22:32:34
5,ENSINO MÉDIO COMPLETO,FEMININO,80 a 84 anos,88,85,"0,9659",0,3,2022-07-11 22:32:34
5,ENSINO MÉDIO COMPLETO,FEMININO,85 a 89 anos,24,23,"0,9583",0,4,2022-07-11 22:32:34
5,ENSINO MÉDIO COMPLETO,FEMININO,90 a 94 anos,5,5,1,0,0,2022-07-11 22:32:34
5,ENSINO MÉDIO COMPLETO,MASCULINO,17 anos,17,0,0,0,0,2022-07-11 22:32:34
5,ENSINO MÉDIO COMPLETO,MASCULINO,18 anos,131,0,0,0,1,2022-07-11 22:32:34
5,ENSINO MÉDIO COMPLETO,MASCULINO,19 anos,186,4,"0,0215",1,3,2022-07-11 22:32:34
5,ENSINO MÉDIO COMPLETO,MASCULINO,20 anos,189,50,"0,2646",1,3,2022-07-11 22:32:34
5,ENSINO MÉDIO COMPLETO,MASCULINO,21 a 24 anos,830,715,"0,8614",2,0,2022-07-11 22:32:34
5,ENSINO MÉDIO COMPLETO,MASCULINO,25 a 29 anos,1588,1555,"0,9792",0,4,2022-07-11 22:32:34
5,ENSINO MÉDIO COMPLETO,MASCULINO,30 a 34 anos,1493,1453,"0,9732",2,5,2022-07-11 22:32:34
5,ENSINO MÉDIO COMPLETO,MASCULINO,35 a 39 anos,1960,1922,"0,9806",1,4,2022-07-11 22:32:34
5,ENSINO MÉDIO COMPLETO,MASCULINO,40 a 44 anos,2011,1967,"0,9781",0,5,2022-07-11 22:32:34
5,ENSINO MÉDIO COMPLETO,MASCULINO,45 a 49 anos,1491,1466,"0,9832",0,4,2022-07-11 22:32:34
5,ENSINO MÉDIO COMPLETO,MASCULINO,50 a 54 anos,1217,1195,"0,9819",0,3,2022-07-11 22:32:34
5,ENSINO MÉDIO COMPLETO,MASCULINO,55 a 59 anos,996,983,"0,9869",0,6,2022-07-11 22:32:34
5,ENSINO MÉDIO COMPLETO,MASCULINO,60 a 64 anos,815,808,"0,9914",0,9,2022-07-11 22:32:34
5,ENSINO MÉDIO COMPLETO,MASCULINO,65 a 69 anos,613,608,"0,9918",0,10,2022-07-11 22:32:34
5,ENSINO MÉDIO COMPLETO,MASCULINO,70 a 74 anos,368,365,"0,9918",0,10,2022-07-11 22:32:34
5,ENSINO MÉDIO COMPLETO,MASCULINO,75 a 79 anos,175,172,"0,9829",0,6,2022-07-11 22:32:34
5,ENSINO MÉDIO COMPLETO,MASCULINO,80 a 84 anos,55,54,"0,9818",0,3,2022-07-11 22:32:34
5,ENSINO MÉDIO COMPLETO,MASCULINO,85 a 89 anos,21,21,1,0,0,2022-07-11 22:32:34
5,ENSINO MÉDIO COMPLETO,MASCULINO,90 a 94 anos,6,6,1,0,0,2022-07-11 22:32:34
5,ENSINO MÉDIO INCOMPLETO,FEMININO,16 anos,175,0,0,0,0,2022-07-11 22:32:34
5,ENSINO MÉDIO INCOMPLETO,FEMININO,17 anos,270,0,0,2,1,2022-07-11 22:32:34
5,ENSINO MÉDIO INCOMPLETO,FEMININO,18 anos,266,9,"0,0338",1,2,2022-07-11 22:32:34
5,ENSINO MÉDIO INCOMPLETO,FEMININO,19 anos,242,61,"0,2521",1,2,2022-07-11 22:32:34
5,ENSINO MÉDIO INCOMPLETO,FEMININO,20 anos,270,138,"0,5111",1,4,2022-07-11 22:32:34
5,ENSINO MÉDIO INCOMPLETO,FEMININO,21 a 24 anos,1329,1224,"0,921",2,3,2022-07-11 22:32:34
5,ENSINO MÉDIO INCOMPLETO,FEMININO,25 a 29 anos,739,728,"0,9851",0,4,2022-07-11 22:32:34
5,ENSINO MÉDIO INCOMPLETO,FEMININO,30 a 34 anos,431,423,"0,9814",0,2,2022-07-11 22:32:34
5,ENSINO MÉDIO INCOMPLETO,FEMININO,35 a 39 anos,492,486,"0,9878",0,0,2022-07-11 22:32:34
5,ENSINO MÉDIO INCOMPLETO,FEMININO,40 a 44 anos,466,456,"0,9785",0,2,2022-07-11 22:32:34
5,ENSINO MÉDIO INCOMPLETO,FEMININO,45 a 49 anos,363,356,"0,9807",0,4,2022-07-11 22:32:34
5,ENSINO MÉDIO INCOMPLETO,FEMININO,50 a 54 anos,351,345,"0,9829",0,2,2022-07-11 22:32:34
5,ENSINO MÉDIO INCOMPLETO,FEMININO,55 a 59 anos,302,296,"0,9801",0,6,2022-07-11 22:32:34
5,ENSINO MÉDIO INCOMPLETO,FEMININO,60 a 64 anos,184,182,"0,9891",0,1,2022-07-11 22:32:34
5,ENSINO MÉDIO INCOMPLETO,FEMININO,65 a 69 anos,128,128,1,0,8,2022-07-11 22:32:34
5,ENSINO MÉDIO INCOMPLETO,FEMININO,70 a 74 anos,98,98,1,0,6,2022-07-11 22:32:34
5,ENSINO MÉDIO INCOMPLETO,FEMININO,75 a 79 anos,34,33,"0,9706",0,3,2022-07-11 22:32:34
5,ENSINO MÉDIO INCOMPLETO,FEMININO,80 a 84 anos,21,21,1,0,0,2022-07-11 22:32:34
5,ENSINO MÉDIO INCOMPLETO,FEMININO,85 a 89 anos,2,2,1,0,0,2022-07-11 22:32:34
5,ENSINO MÉDIO INCOMPLETO,MASCULINO,16 anos,110,0,0,0,0,2022-07-11 22:32:34
5,ENSINO MÉDIO INCOMPLETO,MASCULINO,17 anos,248,0,0,1,2,2022-07-11 22:32:34
5,ENSINO MÉDIO INCOMPLETO,MASCULINO,18 anos,292,7,"0,024",0,2,2022-07-11 22:32:34
5,ENSINO MÉDIO INCOMPLETO,MASCULINO,19 anos,242,43,"0,1777",0,1,2022-07-11 22:32:34
5,ENSINO MÉDIO INCOMPLETO,MASCULINO,20 anos,284,141,"0,4965",1,0,2022-07-11 22:32:34
5,ENSINO MÉDIO INCOMPLETO,MASCULINO,21 a 24 anos,1360,1247,"0,9169",0,2,2022-07-11 22:32:34
5,ENSINO MÉDIO INCOMPLETO,MASCULINO,25 a 29 anos,817,789,"0,9657",0,3,2022-07-11 22:32:34
5,ENSINO MÉDIO INCOMPLETO,MASCULINO,30 a 34 anos,444,424,"0,955",0,1,2022-07-11 22:32:34
5,ENSINO MÉDIO INCOMPLETO,MASCULINO,35 a 39 anos,493,473,"0,9594",0,4,2022-07-11 22:32:34
5,ENSINO MÉDIO INCOMPLETO,MASCULINO,40 a 44 anos,433,415,"0,9584",0,2,2022-07-11 22:32:34
5,ENSINO MÉDIO INCOMPLETO,MASCULINO,45 a 49 anos,333,321,"0,964",0,5,2022-07-11 22:32:34
5,ENSINO MÉDIO INCOMPLETO,MASCULINO,50 a 54 anos,255,245,"0,9608",0,2,2022-07-11 22:32:34
5,ENSINO MÉDIO INCOMPLETO,MASCULINO,55 a 59 anos,205,201,"0,9805",0,0,2022-07-11 22:32:34
5,ENSINO MÉDIO INCOMPLETO,MASCULINO,60 a 64 anos,136,131,"0,9632",0,4,2022-07-11 22:32:34
5,ENSINO MÉDIO INCOMPLETO,MASCULINO,65 a 69 anos,118,115,"0,9746",0,5,2022-07-11 22:32:34
5,ENSINO MÉDIO INCOMPLETO,MASCULINO,70 a 74 anos,86,86,1,0,5,2022-07-11 22:32:34
5,ENSINO MÉDIO INCOMPLETO,MASCULINO,75 a 79 anos,37,37,1,0,0,2022-07-11 22:32:34
5,ENSINO MÉDIO INCOMPLETO,MASCULINO,80 a 84 anos,16,15,"0,9375",0,2,2022-07-11 22:32:34
5,ENSINO MÉDIO INCOMPLETO,MASCULINO,85 a 89 anos,2,2,1,0,0,2022-07-11 22:32:34
5,ENSINO MÉDIO INCOMPLETO,MASCULINO,90 a 94 anos,1,1,1,0,0,2022-07-11 22:32:34
5,LÊ E ESCREVE,FEMININO,17 anos,3,0,0,0,0,2022-07-11 22:32:34
5,LÊ E ESCREVE,FEMININO,18 anos,1,0,0,0,0,2022-07-11 22:32:34
5,LÊ E ESCREVE,FEMININO,19 anos,2,0,0,0,0,2022-07-11 22:32:34
5,LÊ E ESCREVE,FEMININO,20 anos,1,0,0,0,0,2022-07-11 22:32:34
5,LÊ E ESCREVE,FEMININO,21 a 24 anos,10,7,"0,7",0,0,2022-07-11 22:32:34
5,LÊ E ESCREVE,FEMININO,25 a 29 anos,11,10,"0,9091",0,0,2022-07-11 22:32:34
5,LÊ E ESCREVE,FEMININO,30 a 34 anos,9,9,1,0,1,2022-07-11 22:32:34
5,LÊ E ESCREVE,FEMININO,35 a 39 anos,25,24,"0,96",0,5,2022-07-11 22:32:34
5,LÊ E ESCREVE,FEMININO,40 a 44 anos,44,42,"0,9545",0,3,2022-07-11 22:32:34
5,LÊ E ESCREVE,FEMININO,45 a 49 anos,109,107,"0,9817",0,4,2022-07-11 22:32:34
5,LÊ E ESCREVE,FEMININO,50 a 54 anos,144,142,"0,9861",0,2,2022-07-11 22:32:34
5,LÊ E ESCREVE,FEMININO,55 a 59 anos,210,207,"0,9857",0,7,2022-07-11 22:32:34
5,LÊ E ESCREVE,FEMININO,60 a 64 anos,210,208,"0,9905",0,6,2022-07-11 22:32:34
5,LÊ E ESCREVE,FEMININO,65 a 69 anos,233,231,"0,9914",0,12,2022-07-11 22:32:34
5,LÊ E ESCREVE,FEMININO,70 a 74 anos,242,242,1,0,12,2022-07-11 22:32:34
5,LÊ E ESCREVE,FEMININO,75 a 79 anos,121,120,"0,9917",0,5,2022-07-11 22:32:34
5,LÊ E ESCREVE,FEMININO,80 a 84 anos,53,53,1,0,2,2022-07-11 22:32:34
5,LÊ E ESCREVE,FEMININO,85 a 89 anos,24,24,1,0,2,2022-07-11 22:32:34
5,LÊ E ESCREVE,FEMININO,90 a 94 anos,6,5,"0,8333",0,1,2022-07-11 22:32:34
5,LÊ E ESCREVE,FEMININO,95 a 99 anos,3,3,1,0,0,2022-07-11 22:32:34
5,LÊ E ESCREVE,MASCULINO,16 anos,1,0,0,0,0,2022-07-11 22:32:34
5,LÊ E ESCREVE,MASCULINO,17 anos,3,0,0,0,0,2022-07-11 22:32:34
5,LÊ E ESCREVE,MASCULINO,18 anos,2,0,0,0,0,2022-07-11 22:32:34
5,LÊ E ESCREVE,MASCULINO,19 anos,1,0,0,0,0,2022-07-11 22:32:34
5,LÊ E ESCREVE,MASCULINO,20 anos,2,0,0,0,0,2022-07-11 22:32:34
5,LÊ E ESCREVE,MASCULINO,21 a 24 anos,13,7,"0,5385",0,0,2022-07-11 22:32:34
5,LÊ E ESCREVE,MASCULINO,25 a 29 anos,14,11,"0,7857",0,0,2022-07-11 22:32:34
5,LÊ E ESCREVE,MASCULINO,30 a 34 anos,20,14,"0,7",0,0,2022-07-11 22:32:34
5,LÊ E ESCREVE,MASCULINO,35 a 39 anos,38,34,"0,8947",0,2,2022-07-11 22:32:34
5,LÊ E ESCREVE,MASCULINO,40 a 44 anos,63,58,"0,9206",0,2,2022-07-11 22:32:34
5,LÊ E ESCREVE,MASCULINO,45 a 49 anos,77,77,1,0,7,2022-07-11 22:32:34
5,LÊ E ESCREVE,MASCULINO,50 a 54 anos,124,118,"0,9516",0,3,2022-07-11 22:32:34
5,LÊ E ESCREVE,MASCULINO,55 a 59 anos,152,145,"0,9539",0,5,2022-07-11 22:32:34
5,LÊ E ESCREVE,MASCULINO,60 a 64 anos,174,171,"0,9828",0,8,2022-07-11 22:32:34
5,LÊ E ESCREVE,MASCULINO,65 a 69 anos,166,160,"0,9639",0,8,2022-07-11 22:32:34
5,LÊ E ESCREVE,MASCULINO,70 a 74 anos,166,166,1,0,13,2022-07-11 22:32:34
5,LÊ E ESCREVE,MASCULINO,75 a 79 anos,62,62,1,0,2,2022-07-11 22:32:34
5,LÊ E ESCREVE,MASCULINO,80 a 84 anos,23,23,1,0,1,2022-07-11 22:32:34
5,LÊ E ESCREVE,MASCULINO,85 a 89 anos,8,6,"0,75",0,2,2022-07-11 22:32:34
5,LÊ E ESCREVE,MASCULINO,90 a 94 anos,3,3,1,0,0,2022-07-11 22:32:34
5,SUPERIOR COMPLETO,FEMININO,19 anos,2,0,0,0,0,2022-07-11 22:32:34
5,SUPERIOR COMPLETO,FEMININO,21 a 24 anos,16,11,"0,6875",0,0,2022-07-11 22:32:34
5,SUPERIOR COMPLETO,FEMININO,25 a 29 anos,354,345,"0,9746",0,1,2022-07-11 22:32:34
5,SUPERIOR COMPLETO,FEMININO,30 a 34 anos,1007,992,"0,9851",0,3,2022-07-11 22:32:34
5,SUPERIOR COMPLETO,FEMININO,35 a 39 anos,1514,1495,"0,9875",0,2,2022-07-11 22:32:34
5,SUPERIOR COMPLETO,FEMININO,40 a 44 anos,1706,1684,"0,9871",0,5,2022-07-11 22:32:34
5,SUPERIOR COMPLETO,FEMININO,45 a 49 anos,1130,1122,"0,9929",0,4,2022-07-11 22:32:34
5,SUPERIOR COMPLETO,FEMININO,50 a 54 anos,750,746,"0,9947",0,2,2022-07-11 22:32:34
5,SUPERIOR COMPLETO,FEMININO,55 a 59 anos,514,513,"0,9981",0,0,2022-07-11 22:32:34
5,SUPERIOR COMPLETO,FEMININO,60 a 64 anos,365,364,"0,9973",0,3,2022-07-11 22:32:34
5,SUPERIOR COMPLETO,FEMININO,65 a 69 anos,269,269,1,0,7,2022-07-11 22:32:34
5,SUPERIOR COMPLETO,FEMININO,70 a 74 anos,181,181,1,0,8,2022-07-11 22:32:34
5,SUPERIOR COMPLETO,FEMININO,75 a 79 anos,96,95,"0,9896",0,6,2022-07-11 22:32:34
5,SUPERIOR COMPLETO,FEMININO,80 a 84 anos,22,21,"0,9545",0,0,2022-07-11 22:32:34
5,SUPERIOR COMPLETO,FEMININO,85 a 89 anos,8,8,1,0,0,2022-07-11 22:32:34
5,SUPERIOR COMPLETO,FEMININO,90 a 94 anos,2,2,1,0,1,2022-07-11 22:32:34
5,SUPERIOR COMPLETO,FEMININO,95 a 99 anos,1,1,1,0,0,2022-07-11 22:32:34
5,SUPERIOR COMPLETO,MASCULINO,18 anos,2,0,0,0,0,2022-07-11 22:32:34
5,SUPERIOR COMPLETO,MASCULINO,19 anos,1,0,0,0,0,2022-07-11 22:32:34
5,SUPERIOR COMPLETO,MASCULINO,20 anos,1,0,0,0,0,2022-07-11 22:32:34
5,SUPERIOR COMPLETO,MASCULINO,21 a 24 anos,9,4,"0,4444",0,0,2022-07-11 22:32:34
5,SUPERIOR COMPLETO,MASCULINO,25 a 29 anos,188,185,"0,984",0,0,2022-07-11 22:32:34
5,SUPERIOR COMPLETO,MASCULINO,30 a 34 anos,629,620,"0,9857",0,0,2022-07-11 22:32:34
5,SUPERIOR COMPLETO,MASCULINO,35 a 39 anos,895,884,"0,9877",0,1,2022-07-11 22:32:34
5,SUPERIOR COMPLETO,MASCULINO,40 a 44 anos,951,936,"0,9842",0,1,2022-07-11 22:32:34
5,SUPERIOR COMPLETO,MASCULINO,45 a 49 anos,695,685,"0,9856",0,6,2022-07-11 22:32:34
5,SUPERIOR COMPLETO,MASCULINO,50 a 54 anos,452,448,"0,9912",0,4,2022-07-11 22:32:34
5,SUPERIOR COMPLETO,MASCULINO,55 a 59 anos,300,299,"0,9967",0,4,2022-07-11 22:32:34
5,SUPERIOR COMPLETO,MASCULINO,60 a 64 anos,206,205,"0,9951",0,0,2022-07-11 22:32:34
5,SUPERIOR COMPLETO,MASCULINO,65 a 69 anos,130,130,1,0,1,2022-07-11 22:32:34
5,SUPERIOR COMPLETO,MASCULINO,70 a 74 anos,115,113,"0,9826",0,3,2022-07-11 22:32:34
5,SUPERIOR COMPLETO,MASCULINO,75 a 79 anos,56,55,"0,9821",0,1,2022-07-11 22:32:34
5,SUPERIOR COMPLETO,MASCULINO,80 a 84 anos,24,24,1,0,1,2022-07-11 22:32:34
5,SUPERIOR COMPLETO,MASCULINO,85 a 89 anos,11,10,"0,9091",0,0,2022-07-11 22:32:34
5,SUPERIOR COMPLETO,MASCULINO,90 a 94 anos,3,3,1,0,1,2022-07-11 22:32:34
5,SUPERIOR INCOMPLETO,FEMININO,17 anos,3,0,0,0,0,2022-07-11 22:32:34
5,SUPERIOR INCOMPLETO,FEMININO,18 anos,11,0,0,0,0,2022-07-11 22:32:34
5,SUPERIOR INCOMPLETO,FEMININO,19 anos,31,1,"0,0323",0,0,2022-07-11 22:32:34
5,SUPERIOR INCOMPLETO,FEMININO,20 anos,31,7,"0,2258",0,0,2022-07-11 22:32:34
5,SUPERIOR INCOMPLETO,FEMININO,21 a 24 anos,272,259,"0,9522",1,1,2022-07-11 22:32:34
5,SUPERIOR INCOMPLETO,FEMININO,25 a 29 anos,954,946,"0,9916",1,4,2022-07-11 22:32:34
5,SUPERIOR INCOMPLETO,FEMININO,30 a 34 anos,600,583,"0,9717",0,2,2022-07-11 22:32:34
5,SUPERIOR INCOMPLETO,FEMININO,35 a 39 anos,497,490,"0,9859",0,3,2022-07-11 22:32:34
5,SUPERIOR INCOMPLETO,FEMININO,40 a 44 anos,380,372,"0,9789",0,0,2022-07-11 22:32:34
5,SUPERIOR INCOMPLETO,FEMININO,45 a 49 anos,261,260,"0,9962",0,0,2022-07-11 22:32:34
5,SUPERIOR INCOMPLETO,FEMININO,50 a 54 anos,162,161,"0,9938",0,1,2022-07-11 22:32:34
5,SUPERIOR INCOMPLETO,FEMININO,55 a 59 anos,109,107,"0,9817",0,1,2022-07-11 22:32:34
5,SUPERIOR INCOMPLETO,FEMININO,60 a 64 anos,78,77,"0,9872",0,1,2022-07-11 22:32:34
5,SUPERIOR INCOMPLETO,FEMININO,65 a 69 anos,64,64,1,0,2,2022-07-11 22:32:34
5,SUPERIOR INCOMPLETO,FEMININO,70 a 74 anos,36,36,1,0,0,2022-07-11 22:32:34
5,SUPERIOR INCOMPLETO,FEMININO,75 a 79 anos,12,12,1,0,0,2022-07-11 22:32:34
5,SUPERIOR INCOMPLETO,FEMININO,80 a 84 anos,3,3,1,0,0,2022-07-11 22:32:34
5,SUPERIOR INCOMPLETO,MASCULINO,17 anos,3,0,0,0,0,2022-07-11 22:32:34
5,SUPERIOR INCOMPLETO,MASCULINO,18 anos,11,0,0,0,0,2022-07-11 22:32:34
5,SUPERIOR INCOMPLETO,MASCULINO,19 anos,15,0,0,0,0,2022-07-11 22:32:34
5,SUPERIOR INCOMPLETO,MASCULINO,20 anos,37,10,"0,2703",0,0,2022-07-11 22:32:34
5,SUPERIOR INCOMPLETO,MASCULINO,21 a 24 anos,188,172,"0,9149",0,1,2022-07-11 22:32:34
5,SUPERIOR INCOMPLETO,MASCULINO,25 a 29 anos,681,666,"0,978",1,1,2022-07-11 22:32:34
5,SUPERIOR INCOMPLETO,MASCULINO,30 a 34 anos,520,511,"0,9827",0,1,2022-07-11 22:32:34
5,SUPERIOR INCOMPLETO,MASCULINO,35 a 39 anos,396,388,"0,9798",0,2,2022-07-11 22:32:34
5,SUPERIOR INCOMPLETO,MASCULINO,40 a 44 anos,348,334,"0,9598",1,1,2022-07-11 22:32:34
5,SUPERIOR INCOMPLETO,MASCULINO,45 a 49 anos,209,204,"0,9761",0,0,2022-07-11 22:32:34
5,SUPERIOR INCOMPLETO,MASCULINO,50 a 54 anos,131,125,"0,9542",0,2,2022-07-11 22:32:34
5,SUPERIOR INCOMPLETO,MASCULINO,55 a 59 anos,100,96,"0,96",0,1,2022-07-11 22:32:34
5,SUPERIOR INCOMPLETO,MASCULINO,60 a 64 anos,57,56,"0,9825",0,0,2022-07-11 22:32:34
5,SUPERIOR INCOMPLETO,MASCULINO,65 a 69 anos,44,44,1,0,0,2022-07-11 22:32:34
5,SUPERIOR INCOMPLETO,MASCULINO,70 a 74 anos,39,39,1,0,3,2022-07-11 22:32:34
5,SUPERIOR INCOMPLETO,MASCULINO,75 a 79 anos,11,11,1,0,0,2022-07-11 22:32:34
5,SUPERIOR INCOMPLETO,MASCULINO,80 a 84 anos,3,3,1,0,0,2022-07-11 22:32:34
5,SUPERIOR INCOMPLETO,MASCULINO,90 a 94 anos,2,2,1,0,0,2022-07-11 22:32:34
6,ANALFABETO,FEMININO,20 anos,1,0,0,0,0,2022-07-11 22:32:34
6,ANALFABETO,FEMININO,21 a 24 anos,4,1,"0,25",0,1,2022-07-11 22:32:34
6,ANALFABETO,FEMININO,25 a 29 anos,8,7,"0,875",0,7,2022-07-11 22:32:34
6,ANALFABETO,FEMININO,30 a 34 anos,3,2,"0,6667",0,1,2022-07-11 22:32:34
6,ANALFABETO,FEMININO,35 a 39 anos,2,2,1,0,0,2022-07-11 22:32:34
6,ANALFABETO,FEMININO,40 a 44 anos,7,5,"0,7143",0,3,2022-07-11 22:32:34
6,ANALFABETO,FEMININO,45 a 49 anos,4,4,1,0,0,2022-07-11 22:32:34
6,ANALFABETO,FEMININO,50 a 54 anos,12,11,"0,9167",0,1,2022-07-11 22:32:34
6,ANALFABETO,FEMININO,55 a 59 anos,22,20,"0,9091",0,1,2022-07-11 22:32:34
6,ANALFABETO,FEMININO,60 a 64 anos,30,28,"0,9333",0,3,2022-07-11 22:32:34
6,ANALFABETO,FEMININO,65 a 69 anos,51,47,"0,9216",0,3,2022-07-11 22:32:34
6,ANALFABETO,FEMININO,70 a 74 anos,32,32,1,0,2,2022-07-11 22:32:34
6,ANALFABETO,FEMININO,75 a 79 anos,22,22,1,0,0,2022-07-11 22:32:34
6,ANALFABETO,FEMININO,80 a 84 anos,18,18,1,0,1,2022-07-11 22:32:34
6,ANALFABETO,FEMININO,85 a 89 anos,7,7,1,0,0,2022-07-11 22:32:34
6,ANALFABETO,FEMININO,95 a 99 anos,1,1,1,0,0,2022-07-11 22:32:34
6,ANALFABETO,MASCULINO,21 a 24 anos,7,7,1,0,5,2022-07-11 22:32:34
6,ANALFABETO,MASCULINO,25 a 29 anos,3,2,"0,6667",0,2,2022-07-11 22:32:34
6,ANALFABETO,MASCULINO,30 a 34 anos,5,4,"0,8",0,2,2022-07-11 22:32:34
6,ANALFABETO,MASCULINO,35 a 39 anos,9,8,"0,8889",0,1,2022-07-11 22:32:34
6,ANALFABETO,MASCULINO,40 a 44 anos,11,8,"0,7273",0,2,2022-07-11 22:32:34
6,ANALFABETO,MASCULINO,45 a 49 anos,14,12,"0,8571",0,4,2022-07-11 22:32:34
6,ANALFABETO,MASCULINO,50 a 54 anos,14,11,"0,7857",0,5,2022-07-11 22:32:34
6,ANALFABETO,MASCULINO,55 a 59 anos,15,14,"0,9333",0,4,2022-07-11 22:32:34
6,ANALFABETO,MASCULINO,60 a 64 anos,23,22,"0,9565",0,1,2022-07-11 22:32:34
6,ANALFABETO,MASCULINO,65 a 69 anos,20,12,"0,6",0,3,2022-07-11 22:32:34
6,ANALFABETO,MASCULINO,70 a 74 anos,13,11,"0,8462",0,2,2022-07-11 22:32:34
6,ANALFABETO,MASCULINO,75 a 79 anos,3,3,1,0,0,2022-07-11 22:32:34
6,ANALFABETO,MASCULINO,80 a 84 anos,2,2,1,0,0,2022-07-11 22:32:34
6,ANALFABETO,MASCULINO,85 a 89 anos,2,2,1,0,0,2022-07-11 22:32:34
6,ANALFABETO,MASCULINO,90 a 94 anos,2,2,1,0,0,2022-07-11 22:32:34
6,ANALFABETO,MASCULINO,95 a 99 anos,1,1,1,0,0,2022-07-11 22:32:34
6,ENSINO FUNDAMENTAL COMPLETO,FEMININO,100 anos ou mais,1,1,1,0,0,2022-07-11 22:32:34
6,ENSINO FUNDAMENTAL COMPLETO,FEMININO,16 anos,17,0,0,0,0,2022-07-11 22:32:34
6,ENSINO FUNDAMENTAL COMPLETO,FEMININO,17 anos,29,0,0,0,0,2022-07-11 22:32:34
6,ENSINO FUNDAMENTAL COMPLETO,FEMININO,18 anos,17,0,0,1,0,2022-07-11 22:32:34
6,ENSINO FUNDAMENTAL COMPLETO,FEMININO,19 anos,11,1,"0,0909",0,0,2022-07-11 22:32:34
6,ENSINO FUNDAMENTAL COMPLETO,FEMININO,20 anos,9,2,"0,2222",0,0,2022-07-11 22:32:34
6,ENSINO FUNDAMENTAL COMPLETO,FEMININO,21 a 24 anos,79,66,"0,8354",0,1,2022-07-11 22:32:34
6,ENSINO FUNDAMENTAL COMPLETO,FEMININO,25 a 29 anos,81,79,"0,9753",0,1,2022-07-11 22:32:34
6,ENSINO FUNDAMENTAL COMPLETO,FEMININO,30 a 34 anos,82,81,"0,9878",0,1,2022-07-11 22:32:34
6,ENSINO FUNDAMENTAL COMPLETO,FEMININO,35 a 39 anos,85,83,"0,9765",0,1,2022-07-11 22:32:34
6,ENSINO FUNDAMENTAL COMPLETO,FEMININO,40 a 44 anos,133,130,"0,9774",0,0,2022-07-11 22:32:34
6,ENSINO FUNDAMENTAL COMPLETO,FEMININO,45 a 49 anos,145,143,"0,9862",0,2,2022-07-11 22:32:34
6,ENSINO FUNDAMENTAL COMPLETO,FEMININO,50 a 54 anos,176,173,"0,983",0,1,2022-07-11 22:32:34
6,ENSINO FUNDAMENTAL COMPLETO,FEMININO,55 a 59 anos,206,202,"0,9806",0,2,2022-07-11 22:32:34
6,ENSINO FUNDAMENTAL COMPLETO,FEMININO,60 a 64 anos,248,244,"0,9839",0,5,2022-07-11 22:32:34
6,ENSINO FUNDAMENTAL COMPLETO,FEMININO,65 a 69 anos,175,175,1,0,4,2022-07-11 22:32:34
6,ENSINO FUNDAMENTAL COMPLETO,FEMININO,70 a 74 anos,140,138,"0,9857",0,5,2022-07-11 22:32:34
6,ENSINO FUNDAMENTAL COMPLETO,FEMININO,75 a 79 anos,98,98,1,0,1,2022-07-11 22:32:34
6,ENSINO FUNDAMENTAL COMPLETO,FEMININO,80 a 84 anos,53,52,"0,9811",0,1,2022-07-11 22:32:34
6,ENSINO FUNDAMENTAL COMPLETO,FEMININO,85 a 89 anos,56,56,1,0,1,2022-07-11 22:32:34
6,ENSINO FUNDAMENTAL COMPLETO,FEMININO,90 a 94 anos,14,11,"0,7857",0,2,2022-07-11 22:32:34
6,ENSINO FUNDAMENTAL COMPLETO,FEMININO,95 a 99 anos,3,3,1,0,0,2022-07-11 22:32:34
6,ENSINO FUNDAMENTAL COMPLETO,MASCULINO,16 anos,9,0,0,0,0,2022-07-11 22:32:34
6,ENSINO FUNDAMENTAL COMPLETO,MASCULINO,17 anos,12,0,0,0,0,2022-07-11 22:32:34
6,ENSINO FUNDAMENTAL COMPLETO,MASCULINO,18 anos,5,0,0,0,0,2022-07-11 22:32:34
6,ENSINO FUNDAMENTAL COMPLETO,MASCULINO,19 anos,6,1,"0,1667",0,0,2022-07-11 22:32:34
6,ENSINO FUNDAMENTAL COMPLETO,MASCULINO,20 anos,13,7,"0,5385",0,0,2022-07-11 22:32:34
6,ENSINO FUNDAMENTAL COMPLETO,MASCULINO,21 a 24 anos,71,63,"0,8873",1,0,2022-07-11 22:32:34
6,ENSINO FUNDAMENTAL COMPLETO,MASCULINO,25 a 29 anos,85,80,"0,9412",0,1,2022-07-11 22:32:34
6,ENSINO FUNDAMENTAL COMPLETO,MASCULINO,30 a 34 anos,76,75,"0,9868",0,0,2022-07-11 22:32:34
6,ENSINO FUNDAMENTAL COMPLETO,MASCULINO,35 a 39 anos,110,108,"0,9818",0,1,2022-07-11 22:32:34
6,ENSINO FUNDAMENTAL COMPLETO,MASCULINO,40 a 44 anos,138,132,"0,9565",0,0,2022-07-11 22:32:34
6,ENSINO FUNDAMENTAL COMPLETO,MASCULINO,45 a 49 anos,184,180,"0,9783",0,2,2022-07-11 22:32:34
6,ENSINO FUNDAMENTAL COMPLETO,MASCULINO,50 a 54 anos,201,194,"0,9652",0,2,2022-07-11 22:32:34
6,ENSINO FUNDAMENTAL COMPLETO,MASCULINO,55 a 59 anos,212,209,"0,9858",0,0,2022-07-11 22:32:34
6,ENSINO FUNDAMENTAL COMPLETO,MASCULINO,60 a 64 anos,219,214,"0,9772",0,1,2022-07-11 22:32:34
6,ENSINO FUNDAMENTAL COMPLETO,MASCULINO,65 a 69 anos,160,157,"0,9813",0,5,2022-07-11 22:32:34
6,ENSINO FUNDAMENTAL COMPLETO,MASCULINO,70 a 74 anos,107,106,"0,9907",0,5,2022-07-11 22:32:34
6,ENSINO FUNDAMENTAL COMPLETO,MASCULINO,75 a 79 anos,56,56,1,0,2,2022-07-11 22:32:34
6,ENSINO FUNDAMENTAL COMPLETO,MASCULINO,80 a 84 anos,31,29,"0,9355",0,2,2022-07-11 22:32:34
6,ENSINO FUNDAMENTAL COMPLETO,MASCULINO,85 a 89 anos,22,22,1,0,0,2022-07-11 22:32:34
6,ENSINO FUNDAMENTAL COMPLETO,MASCULINO,90 a 94 anos,5,5,1,0,1,2022-07-11 22:32:34
6,ENSINO FUNDAMENTAL COMPLETO,MASCULINO,95 a 99 anos,1,1,1,0,0,2022-07-11 22:32:34
6,ENSINO FUNDAMENTAL INCOMPLETO,FEMININO,16 anos,14,0,0,0,0,2022-07-11 22:32:34
6,ENSINO FUNDAMENTAL INCOMPLETO,FEMININO,17 anos,16,0,0,0,0,2022-07-11 22:32:34
6,ENSINO FUNDAMENTAL INCOMPLETO,FEMININO,18 anos,25,0,0,0,0,2022-07-11 22:32:34
6,ENSINO FUNDAMENTAL INCOMPLETO,FEMININO,19 anos,27,10,"0,3704",0,0,2022-07-11 22:32:34
6,ENSINO FUNDAMENTAL INCOMPLETO,FEMININO,20 anos,35,18,"0,5143",0,0,2022-07-11 22:32:34
6,ENSINO FUNDAMENTAL INCOMPLETO,FEMININO,21 a 24 anos,265,232,"0,8755",0,3,2022-07-11 22:32:34
6,ENSINO FUNDAMENTAL INCOMPLETO,FEMININO,25 a 29 anos,314,301,"0,9586",0,3,2022-07-11 22:32:34
6,ENSINO FUNDAMENTAL INCOMPLETO,FEMININO,30 a 34 anos,246,241,"0,9797",0,7,2022-07-11 22:32:34
6,ENSINO FUNDAMENTAL INCOMPLETO,FEMININO,35 a 39 anos,374,358,"0,9572",0,6,2022-07-11 22:32:34
6,ENSINO FUNDAMENTAL INCOMPLETO,FEMININO,40 a 44 anos,531,522,"0,9831",0,3,2022-07-11 22:32:34
6,ENSINO FUNDAMENTAL INCOMPLETO,FEMININO,45 a 49 anos,568,558,"0,9824",0,3,2022-07-11 22:32:34
6,ENSINO FUNDAMENTAL INCOMPLETO,FEMININO,50 a 54 anos,689,677,"0,9826",0,9,2022-07-11 22:32:34
6,ENSINO FUNDAMENTAL INCOMPLETO,FEMININO,55 a 59 anos,683,665,"0,9736",0,8,2022-07-11 22:32:34
6,ENSINO FUNDAMENTAL INCOMPLETO,FEMININO,60 a 64 anos,603,596,"0,9884",0,12,2022-07-11 22:32:34
6,ENSINO FUNDAMENTAL INCOMPLETO,FEMININO,65 a 69 anos,444,440,"0,991",0,17,2022-07-11 22:32:34
6,ENSINO FUNDAMENTAL INCOMPLETO,FEMININO,70 a 74 anos,366,366,1,0,14,2022-07-11 22:32:34
6,ENSINO FUNDAMENTAL INCOMPLETO,FEMININO,75 a 79 anos,204,199,"0,9755",0,12,2022-07-11 22:32:34
6,ENSINO FUNDAMENTAL INCOMPLETO,FEMININO,80 a 84 anos,131,130,"0,9924",0,3,2022-07-11 22:32:34
6,ENSINO FUNDAMENTAL INCOMPLETO,FEMININO,85 a 89 anos,69,68,"0,9855",0,5,2022-07-11 22:32:34
6,ENSINO FUNDAMENTAL INCOMPLETO,FEMININO,90 a 94 anos,14,13,"0,9286",0,1,2022-07-11 22:32:34
6,ENSINO FUNDAMENTAL INCOMPLETO,FEMININO,95 a 99 anos,4,4,1,0,0,2022-07-11 22:32:34
6,ENSINO FUNDAMENTAL INCOMPLETO,MASCULINO,100 anos ou mais,1,1,1,0,0,2022-07-11 22:32:34
6,ENSINO FUNDAMENTAL INCOMPLETO,MASCULINO,16 anos,19,0,0,1,0,2022-07-11 22:32:34
6,ENSINO FUNDAMENTAL INCOMPLETO,MASCULINO,17 anos,26,0,0,0,1,2022-07-11 22:32:34
6,ENSINO FUNDAMENTAL INCOMPLETO,MASCULINO,18 anos,27,3,"0,1111",0,0,2022-07-11 22:32:34
6,ENSINO FUNDAMENTAL INCOMPLETO,MASCULINO,19 anos,29,8,"0,2759",0,2,2022-07-11 22:32:34
6,ENSINO FUNDAMENTAL INCOMPLETO,MASCULINO,20 anos,42,21,"0,5",0,0,2022-07-11 22:32:34
6,ENSINO FUNDAMENTAL INCOMPLETO,MASCULINO,21 a 24 anos,356,324,"0,9101",0,3,2022-07-11 22:32:34
6,ENSINO FUNDAMENTAL INCOMPLETO,MASCULINO,25 a 29 anos,425,401,"0,9435",0,8,2022-07-11 22:32:34
6,ENSINO FUNDAMENTAL INCOMPLETO,MASCULINO,30 a 34 anos,337,327,"0,9703",0,4,2022-07-11 22:32:34
6,ENSINO FUNDAMENTAL INCOMPLETO,MASCULINO,35 a 39 anos,418,395,"0,945",0,5,2022-07-11 22:32:34
6,ENSINO FUNDAMENTAL INCOMPLETO,MASCULINO,40 a 44 anos,504,483,"0,9583",0,3,2022-07-11 22:32:34
6,ENSINO FUNDAMENTAL INCOMPLETO,MASCULINO,45 a 49 anos,527,495,"0,9393",0,7,2022-07-11 22:32:34
6,ENSINO FUNDAMENTAL INCOMPLETO,MASCULINO,50 a 54 anos,590,572,"0,9695",0,1,2022-07-11 22:32:34
6,ENSINO FUNDAMENTAL INCOMPLETO,MASCULINO,55 a 59 anos,528,509,"0,964",0,3,2022-07-11 22:32:34
6,ENSINO FUNDAMENTAL INCOMPLETO,MASCULINO,60 a 64 anos,446,432,"0,9686",0,6,2022-07-11 22:32:34
6,ENSINO FUNDAMENTAL INCOMPLETO,MASCULINO,65 a 69 anos,285,277,"0,9719",0,17,2022-07-11 22:32:34
6,ENSINO FUNDAMENTAL INCOMPLETO,MASCULINO,70 a 74 anos,196,193,"0,9847",0,9,2022-07-11 22:32:34
6,ENSINO FUNDAMENTAL INCOMPLETO,MASCULINO,75 a 79 anos,87,86,"0,9885",0,2,2022-07-11 22:32:34
6,ENSINO FUNDAMENTAL INCOMPLETO,MASCULINO,80 a 84 anos,57,57,1,0,0,2022-07-11 22:32:34
6,ENSINO FUNDAMENTAL INCOMPLETO,MASCULINO,85 a 89 anos,24,24,1,0,2,2022-07-11 22:32:34
6,ENSINO FUNDAMENTAL INCOMPLETO,MASCULINO,90 a 94 anos,11,11,1,0,1,2022-07-11 22:32:34
6,ENSINO FUNDAMENTAL INCOMPLETO,MASCULINO,95 a 99 anos,2,2,1,0,0,2022-07-11 22:32:34
6,ENSINO MÉDIO COMPLETO,FEMININO,100 anos ou mais,2,2,1,0,0,2022-07-11 22:32:34
6,ENSINO MÉDIO COMPLETO,FEMININO,16 anos,3,0,0,0,0,2022-07-11 22:32:34
6,ENSINO MÉDIO COMPLETO,FEMININO,17 anos,26,0,0,0,0,2022-07-11 22:32:34
6,ENSINO MÉDIO COMPLETO,FEMININO,18 anos,193,0,0,2,2,2022-07-11 22:32:34
6,ENSINO MÉDIO COMPLETO,FEMININO,19 anos,268,9,"0,0336",1,3,2022-07-11 22:32:34
6,ENSINO MÉDIO COMPLETO,FEMININO,20 anos,248,65,"0,2621",0,1,2022-07-11 22:32:34
6,ENSINO MÉDIO COMPLETO,FEMININO,21 a 24 anos,1022,893,"0,8738",0,1,2022-07-11 22:32:34
6,ENSINO MÉDIO COMPLETO,FEMININO,25 a 29 anos,1647,1613,"0,9794",1,5,2022-07-11 22:32:34
6,ENSINO MÉDIO COMPLETO,FEMININO,30 a 34 anos,1536,1511,"0,9837",0,5,2022-07-11 22:32:34
6,ENSINO MÉDIO COMPLETO,FEMININO,35 a 39 anos,1810,1789,"0,9884",1,3,2022-07-11 22:32:34
6,ENSINO MÉDIO COMPLETO,FEMININO,40 a 44 anos,2052,2025,"0,9868",0,7,2022-07-11 22:32:34
6,ENSINO MÉDIO COMPLETO,FEMININO,45 a 49 anos,1814,1793,"0,9884",0,11,2022-07-11 22:32:34
6,ENSINO MÉDIO COMPLETO,FEMININO,50 a 54 anos,1767,1753,"0,9921",0,7,2022-07-11 22:32:34
6,ENSINO MÉDIO COMPLETO,FEMININO,55 a 59 anos,1807,1787,"0,9889",0,8,2022-07-11 22:32:34
6,ENSINO MÉDIO COMPLETO,FEMININO,60 a 64 anos,1657,1642,"0,9909",1,11,2022-07-11 22:32:34
6,ENSINO MÉDIO COMPLETO,FEMININO,65 a 69 anos,1293,1281,"0,9907",0,25,2022-07-11 22:32:34
6,ENSINO MÉDIO COMPLETO,FEMININO,70 a 74 anos,808,803,"0,9938",0,25,2022-07-11 22:32:34
6,ENSINO MÉDIO COMPLETO,FEMININO,75 a 79 anos,496,493,"0,994",0,18,2022-07-11 22:32:34
6,ENSINO MÉDIO COMPLETO,FEMININO,80 a 84 anos,247,241,"0,9757",0,12,2022-07-11 22:32:34
6,ENSINO MÉDIO COMPLETO,FEMININO,85 a 89 anos,93,91,"0,9785",0,5,2022-07-11 22:32:34
6,ENSINO MÉDIO COMPLETO,FEMININO,90 a 94 anos,39,39,1,0,2,2022-07-11 22:32:34
6,ENSINO MÉDIO COMPLETO,FEMININO,95 a 99 anos,5,5,1,0,2,2022-07-11 22:32:34
6,ENSINO MÉDIO COMPLETO,MASCULINO,16 anos,2,0,0,0,0,2022-07-11 22:32:34
6,ENSINO MÉDIO COMPLETO,MASCULINO,17 anos,12,0,0,0,0,2022-07-11 22:32:34
6,ENSINO MÉDIO COMPLETO,MASCULINO,18 anos,141,0,0,0,0,2022-07-11 22:32:34
6,ENSINO MÉDIO COMPLETO,MASCULINO,19 anos,189,4,"0,0212",0,3,2022-07-11 22:32:34
6,ENSINO MÉDIO COMPLETO,MASCULINO,20 anos,221,59,"0,267",1,1,2022-07-11 22:32:34
6,ENSINO MÉDIO COMPLETO,MASCULINO,21 a 24 anos,816,702,"0,8603",1,1,2022-07-11 22:32:34
6,ENSINO MÉDIO COMPLETO,MASCULINO,25 a 29 anos,1486,1449,"0,9751",0,4,2022-07-11 22:32:34
6,ENSINO MÉDIO COMPLETO,MASCULINO,30 a 34 anos,1436,1398,"0,9735",1,3,2022-07-11 22:32:34
6,ENSINO MÉDIO COMPLETO,MASCULINO,35 a 39 anos,1638,1618,"0,9878",0,2,2022-07-11 22:32:34
6,ENSINO MÉDIO COMPLETO,MASCULINO,40 a 44 anos,1732,1694,"0,9781",0,5,2022-07-11 22:32:34
6,ENSINO MÉDIO COMPLETO,MASCULINO,45 a 49 anos,1341,1308,"0,9754",1,3,2022-07-11 22:32:34
6,ENSINO MÉDIO COMPLETO,MASCULINO,50 a 54 anos,1347,1325,"0,9837",1,4,2022-07-11 22:32:34
6,ENSINO MÉDIO COMPLETO,MASCULINO,55 a 59 anos,1355,1342,"0,9904",0,11,2022-07-11 22:32:34
6,ENSINO MÉDIO COMPLETO,MASCULINO,60 a 64 anos,1165,1144,"0,982",0,13,2022-07-11 22:32:34
6,ENSINO MÉDIO COMPLETO,MASCULINO,65 a 69 anos,831,820,"0,9868",0,25,2022-07-11 22:32:34
6,ENSINO MÉDIO COMPLETO,MASCULINO,70 a 74 anos,545,544,"0,9982",0,19,2022-07-11 22:32:34
6,ENSINO MÉDIO COMPLETO,MASCULINO,75 a 79 anos,228,222,"0,9737",0,10,2022-07-11 22:32:34
6,ENSINO MÉDIO COMPLETO,MASCULINO,80 a 84 anos,138,135,"0,9783",0,7,2022-07-11 22:32:34
6,ENSINO MÉDIO COMPLETO,MASCULINO,85 a 89 anos,47,46,"0,9787",0,3,2022-07-11 22:32:34
6,ENSINO MÉDIO COMPLETO,MASCULINO,90 a 94 anos,14,14,1,0,0,2022-07-11 22:32:34
6,ENSINO MÉDIO COMPLETO,MASCULINO,95 a 99 anos,4,4,1,0,0,2022-07-11 22:32:34
6,ENSINO MÉDIO INCOMPLETO,FEMININO,16 anos,236,0,0,1,1,2022-07-11 22:32:34
6,ENSINO MÉDIO INCOMPLETO,FEMININO,17 anos,296,0,0,0,1,2022-07-11 22:32:34
6,ENSINO MÉDIO INCOMPLETO,FEMININO,18 anos,264,8,"0,0303",2,4,2022-07-11 22:32:34
6,ENSINO MÉDIO INCOMPLETO,FEMININO,19 anos,204,40,"0,1961",1,0,2022-07-11 22:32:34
6,ENSINO MÉDIO INCOMPLETO,FEMININO,20 anos,220,99,"0,45",0,2,2022-07-11 22:32:34
6,ENSINO MÉDIO INCOMPLETO,FEMININO,21 a 24 anos,1330,1236,"0,9293",1,2,2022-07-11 22:32:34
6,ENSINO MÉDIO INCOMPLETO,FEMININO,25 a 29 anos,637,626,"0,9827",0,1,2022-07-11 22:32:34
6,ENSINO MÉDIO INCOMPLETO,FEMININO,30 a 34 anos,383,374,"0,9765",0,3,2022-07-11 22:32:34
6,ENSINO MÉDIO INCOMPLETO,FEMININO,35 a 39 anos,432,421,"0,9745",0,1,2022-07-11 22:32:34
6,ENSINO MÉDIO INCOMPLETO,FEMININO,40 a 44 anos,363,352,"0,9697",0,2,2022-07-11 22:32:34
6,ENSINO MÉDIO INCOMPLETO,FEMININO,45 a 49 anos,325,318,"0,9785",0,0,2022-07-11 22:32:34
6,ENSINO MÉDIO INCOMPLETO,FEMININO,50 a 54 anos,347,339,"0,9769",0,4,2022-07-11 22:32:34
6,ENSINO MÉDIO INCOMPLETO,FEMININO,55 a 59 anos,274,265,"0,9672",0,2,2022-07-11 22:32:34
6,ENSINO MÉDIO INCOMPLETO,FEMININO,60 a 64 anos,227,224,"0,9868",0,2,2022-07-11 22:32:34
6,ENSINO MÉDIO INCOMPLETO,FEMININO,65 a 69 anos,159,158,"0,9937",0,6,2022-07-11 22:32:34
6,ENSINO MÉDIO INCOMPLETO,FEMININO,70 a 74 anos,94,93,"0,9894",0,3,2022-07-11 22:32:34
6,ENSINO MÉDIO INCOMPLETO,FEMININO,75 a 79 anos,42,41,"0,9762",0,1,2022-07-11 22:32:34
6,ENSINO MÉDIO INCOMPLETO,FEMININO,80 a 84 anos,26,25,"0,9615",0,0,2022-07-11 22:32:34
6,ENSINO MÉDIO INCOMPLETO,FEMININO,85 a 89 anos,9,9,1,0,1,2022-07-11 22:32:34
6,ENSINO MÉDIO INCOMPLETO,FEMININO,90 a 94 anos,6,6,1,0,0,2022-07-11 22:32:34
6,ENSINO MÉDIO INCOMPLETO,MASCULINO,16 anos,174,0,0,1,0,2022-07-11 22:32:34
6,ENSINO MÉDIO INCOMPLETO,MASCULINO,17 anos,219,0,0,0,3,2022-07-11 22:32:34
6,ENSINO MÉDIO INCOMPLETO,MASCULINO,18 anos,286,12,"0,042",0,2,2022-07-11 22:32:34
6,ENSINO MÉDIO INCOMPLETO,MASCULINO,19 anos,227,42,"0,185",2,0,2022-07-11 22:32:34
6,ENSINO MÉDIO INCOMPLETO,MASCULINO,20 anos,227,121,"0,533",0,2,2022-07-11 22:32:34
6,ENSINO MÉDIO INCOMPLETO,MASCULINO,21 a 24 anos,1220,1128,"0,9246",0,1,2022-07-11 22:32:34
6,ENSINO MÉDIO INCOMPLETO,MASCULINO,25 a 29 anos,745,722,"0,9691",0,1,2022-07-11 22:32:34
6,ENSINO MÉDIO INCOMPLETO,MASCULINO,30 a 34 anos,380,369,"0,9711",0,2,2022-07-11 22:32:34
6,ENSINO MÉDIO INCOMPLETO,MASCULINO,35 a 39 anos,396,382,"0,9646",0,3,2022-07-11 22:32:34
6,ENSINO MÉDIO INCOMPLETO,MASCULINO,40 a 44 anos,373,361,"0,9678",0,1,2022-07-11 22:32:34
6,ENSINO MÉDIO INCOMPLETO,MASCULINO,45 a 49 anos,278,268,"0,964",0,6,2022-07-11 22:32:34
6,ENSINO MÉDIO INCOMPLETO,MASCULINO,50 a 54 anos,274,266,"0,9708",0,4,2022-07-11 22:32:34
6,ENSINO MÉDIO INCOMPLETO,MASCULINO,55 a 59 anos,230,223,"0,9696",0,2,2022-07-11 22:32:34
6,ENSINO MÉDIO INCOMPLETO,MASCULINO,60 a 64 anos,181,176,"0,9724",0,4,2022-07-11 22:32:34
6,ENSINO MÉDIO INCOMPLETO,MASCULINO,65 a 69 anos,125,122,"0,976",0,8,2022-07-11 22:32:34
6,ENSINO MÉDIO INCOMPLETO,MASCULINO,70 a 74 anos,76,76,1,0,0,2022-07-11 22:32:34
6,ENSINO MÉDIO INCOMPLETO,MASCULINO,75 a 79 anos,31,30,"0,9677",0,1,2022-07-11 22:32:34
6,ENSINO MÉDIO INCOMPLETO,MASCULINO,80 a 84 anos,19,18,"0,9474",0,1,2022-07-11 22:32:34
6,ENSINO MÉDIO INCOMPLETO,MASCULINO,85 a 89 anos,4,3,"0,75",0,1,2022-07-11 22:32:34
6,ENSINO MÉDIO INCOMPLETO,MASCULINO,90 a 94 anos,3,2,"0,6667",0,0,2022-07-11 22:32:34
6,LÊ E ESCREVE,FEMININO,16 anos,1,0,0,0,0,2022-07-11 22:32:34
6,LÊ E ESCREVE,FEMININO,20 anos,1,0,0,0,0,2022-07-11 22:32:34
6,LÊ E ESCREVE,FEMININO,21 a 24 anos,8,7,"0,875",0,0,2022-07-11 22:32:34
6,LÊ E ESCREVE,FEMININO,25 a 29 anos,14,11,"0,7857",0,2,2022-07-11 22:32:34
6,LÊ E ESCREVE,FEMININO,30 a 34 anos,16,15,"0,9375",0,0,2022-07-11 22:32:34
6,LÊ E ESCREVE,FEMININO,35 a 39 anos,35,34,"0,9714",0,2,2022-07-11 22:32:34
6,LÊ E ESCREVE,FEMININO,40 a 44 anos,50,50,1,0,0,2022-07-11 22:32:34
6,LÊ E ESCREVE,FEMININO,45 a 49 anos,71,70,"0,9859",0,5,2022-07-11 22:32:34
6,LÊ E ESCREVE,FEMININO,50 a 54 anos,96,93,"0,9688",0,1,2022-07-11 22:32:34
6,LÊ E ESCREVE,FEMININO,55 a 59 anos,171,166,"0,9708",0,8,2022-07-11 22:32:34
6,LÊ E ESCREVE,FEMININO,60 a 64 anos,198,194,"0,9798",0,6,2022-07-11 22:32:34
6,LÊ E ESCREVE,FEMININO,65 a 69 anos,193,190,"0,9845",0,11,2022-07-11 22:32:34
6,LÊ E ESCREVE,FEMININO,70 a 74 anos,174,172,"0,9885",0,11,2022-07-11 22:32:34
6,LÊ E ESCREVE,FEMININO,75 a 79 anos,108,106,"0,9815",0,4,2022-07-11 22:32:34
6,LÊ E ESCREVE,FEMININO,80 a 84 anos,62,60,"0,9677",0,1,2022-07-11 22:32:34
6,LÊ E ESCREVE,FEMININO,85 a 89 anos,34,34,1,0,0,2022-07-11 22:32:34
6,LÊ E ESCREVE,FEMININO,90 a 94 anos,11,11,1,0,0,2022-07-11 22:32:34
6,LÊ E ESCREVE,FEMININO,95 a 99 anos,1,1,1,0,0,2022-07-11 22:32:34
6,LÊ E ESCREVE,MASCULINO,17 anos,2,0,0,0,0,2022-07-11 22:32:34
6,LÊ E ESCREVE,MASCULINO,19 anos,3,0,0,0,0,2022-07-11 22:32:34
6,LÊ E ESCREVE,MASCULINO,21 a 24 anos,8,6,"0,75",0,1,2022-07-11 22:32:34
6,LÊ E ESCREVE,MASCULINO,25 a 29 anos,19,16,"0,8421",0,1,2022-07-11 22:32:34
6,LÊ E ESCREVE,MASCULINO,30 a 34 anos,17,17,1,0,0,2022-07-11 22:32:34
6,LÊ E ESCREVE,MASCULINO,35 a 39 anos,34,32,"0,9412",0,0,2022-07-11 22:32:34
6,LÊ E ESCREVE,MASCULINO,40 a 44 anos,58,54,"0,931",0,0,2022-07-11 22:32:34
6,LÊ E ESCREVE,MASCULINO,45 a 49 anos,69,66,"0,9565",0,4,2022-07-11 22:32:34
6,LÊ E ESCREVE,MASCULINO,50 a 54 anos,114,108,"0,9474",0,2,2022-07-11 22:32:34
6,LÊ E ESCREVE,MASCULINO,55 a 59 anos,135,132,"0,9778",0,4,2022-07-11 22:32:34
6,LÊ E ESCREVE,MASCULINO,60 a 64 anos,137,136,"0,9927",0,9,2022-07-11 22:32:34
6,LÊ E ESCREVE,MASCULINO,65 a 69 anos,120,116,"0,9667",0,5,2022-07-11 22:32:34
6,LÊ E ESCREVE,MASCULINO,70 a 74 anos,104,104,1,0,11,2022-07-11 22:32:34
6,LÊ E ESCREVE,MASCULINO,75 a 79 anos,47,46,"0,9787",0,1,2022-07-11 22:32:34
6,LÊ E ESCREVE,MASCULINO,80 a 84 anos,32,29,"0,9063",0,1,2022-07-11 22:32:34
6,LÊ E ESCREVE,MASCULINO,85 a 89 anos,13,13,1,0,3,2022-07-11 22:32:34
6,LÊ E ESCREVE,MASCULINO,90 a 94 anos,4,4,1,0,0,2022-07-11 22:32:34
6,SUPERIOR COMPLETO,FEMININO,18 anos,1,0,0,0,0,2022-07-11 22:32:34
6,SUPERIOR COMPLETO,FEMININO,21 a 24 anos,14,11,"0,7857",0,0,2022-07-11 22:32:34
6,SUPERIOR COMPLETO,FEMININO,25 a 29 anos,444,426,"0,9595",0,1,2022-07-11 22:32:34
6,SUPERIOR COMPLETO,FEMININO,30 a 34 anos,1647,1620,"0,9836",0,1,2022-07-11 22:32:34
6,SUPERIOR COMPLETO,FEMININO,35 a 39 anos,2336,2307,"0,9876",0,5,2022-07-11 22:32:34
6,SUPERIOR COMPLETO,FEMININO,40 a 44 anos,2627,2590,"0,9859",0,2,2022-07-11 22:32:34
6,SUPERIOR COMPLETO,FEMININO,45 a 49 anos,1987,1968,"0,9904",1,5,2022-07-11 22:32:34
6,SUPERIOR COMPLETO,FEMININO,50 a 54 anos,1558,1543,"0,9904",0,6,2022-07-11 22:32:34
6,SUPERIOR COMPLETO,FEMININO,55 a 59 anos,1423,1417,"0,9958",0,6,2022-07-11 22:32:34
6,SUPERIOR COMPLETO,FEMININO,60 a 64 anos,1144,1140,"0,9965",0,6,2022-07-11 22:32:34
6,SUPERIOR COMPLETO,FEMININO,65 a 69 anos,932,929,"0,9968",0,21,2022-07-11 22:32:34
6,SUPERIOR COMPLETO,FEMININO,70 a 74 anos,664,663,"0,9985",0,22,2022-07-11 22:32:34
6,SUPERIOR COMPLETO,FEMININO,75 a 79 anos,388,384,"0,9897",0,15,2022-07-11 22:32:34
6,SUPERIOR COMPLETO,FEMININO,80 a 84 anos,191,187,"0,9791",0,8,2022-07-11 22:32:34
6,SUPERIOR COMPLETO,FEMININO,85 a 89 anos,54,53,"0,9815",0,1,2022-07-11 22:32:34
6,SUPERIOR COMPLETO,FEMININO,90 a 94 anos,14,14,1,0,1,2022-07-11 22:32:34
6,SUPERIOR COMPLETO,FEMININO,95 a 99 anos,3,3,1,0,0,2022-07-11 22:32:34
6,SUPERIOR COMPLETO,MASCULINO,100 anos ou mais,1,1,1,0,0,2022-07-11 22:32:34
6,SUPERIOR COMPLETO,MASCULINO,18 anos,1,0,0,0,0,2022-07-11 22:32:34
6,SUPERIOR COMPLETO,MASCULINO,19 anos,1,0,0,0,0,2022-07-11 22:32:34
6,SUPERIOR COMPLETO,MASCULINO,20 anos,1,0,0,0,0,2022-07-11 22:32:34
6,SUPERIOR COMPLETO,MASCULINO,21 a 24 anos,10,10,1,0,0,2022-07-11 22:32:34
6,SUPERIOR COMPLETO,MASCULINO,25 a 29 anos,252,240,"0,9524",0,0,2022-07-11 22:32:34
6,SUPERIOR COMPLETO,MASCULINO,30 a 34 anos,1088,1064,"0,9779",0,2,2022-07-11 22:32:34
6,SUPERIOR COMPLETO,MASCULINO,35 a 39 anos,1607,1571,"0,9776",0,0,2022-07-11 22:32:34
6,SUPERIOR COMPLETO,MASCULINO,40 a 44 anos,1749,1725,"0,9863",0,6,2022-07-11 22:32:34
6,SUPERIOR COMPLETO,MASCULINO,45 a 49 anos,1254,1233,"0,9833",0,5,2022-07-11 22:32:34
6,SUPERIOR COMPLETO,MASCULINO,50 a 54 anos,956,939,"0,9822",0,6,2022-07-11 22:32:34
6,SUPERIOR COMPLETO,MASCULINO,55 a 59 anos,884,876,"0,991",0,2,2022-07-11 22:32:34
6,SUPERIOR COMPLETO,MASCULINO,60 a 64 anos,777,769,"0,9897",0,4,2022-07-11 22:32:34
6,SUPERIOR COMPLETO,MASCULINO,65 a 69 anos,618,616,"0,9968",0,15,2022-07-11 22:32:34
6,SUPERIOR COMPLETO,MASCULINO,70 a 74 anos,442,439,"0,9932",0,13,2022-07-11 22:32:34
6,SUPERIOR COMPLETO,MASCULINO,75 a 79 anos,230,226,"0,9826",0,8,2022-07-11 22:32:34
6,SUPERIOR COMPLETO,MASCULINO,80 a 84 anos,109,105,"0,9633",0,1,2022-07-11 22:32:34
6,SUPERIOR COMPLETO,MASCULINO,85 a 89 anos,49,49,1,0,0,2022-07-11 22:32:34
6,SUPERIOR COMPLETO,MASCULINO,90 a 94 anos,17,15,"0,8824",0,2,2022-07-11 22:32:34
6,SUPERIOR COMPLETO,MASCULINO,95 a 99 anos,4,4,1,0,0,2022-07-11 22:32:34
6,SUPERIOR INCOMPLETO,FEMININO,17 anos,2,0,0,0,0,2022-07-11 22:32:34
6,SUPERIOR INCOMPLETO,FEMININO,18 anos,26,1,"0,0385",0,0,2022-07-11 22:32:34
6,SUPERIOR INCOMPLETO,FEMININO,19 anos,51,2,"0,0392",0,1,2022-07-11 22:32:34
6,SUPERIOR INCOMPLETO,FEMININO,20 anos,75,14,"0,1867",0,1,2022-07-11 22:32:34
6,SUPERIOR INCOMPLETO,FEMININO,21 a 24 anos,409,359,"0,8778",2,1,2022-07-11 22:32:34
6,SUPERIOR INCOMPLETO,FEMININO,25 a 29 anos,1200,1183,"0,9858",0,1,2022-07-11 22:32:34
6,SUPERIOR INCOMPLETO,FEMININO,30 a 34 anos,671,654,"0,9747",0,2,2022-07-11 22:32:34
6,SUPERIOR INCOMPLETO,FEMININO,35 a 39 anos,516,503,"0,9748",0,2,2022-07-11 22:32:34
6,SUPERIOR INCOMPLETO,FEMININO,40 a 44 anos,436,429,"0,9839",0,1,2022-07-11 22:32:34
6,SUPERIOR INCOMPLETO,FEMININO,45 a 49 anos,273,269,"0,9853",0,0,2022-07-11 22:32:34
6,SUPERIOR INCOMPLETO,FEMININO,50 a 54 anos,236,234,"0,9915",0,1,2022-07-11 22:32:34
6,SUPERIOR INCOMPLETO,FEMININO,55 a 59 anos,184,182,"0,9891",0,2,2022-07-11 22:32:34
6,SUPERIOR INCOMPLETO,FEMININO,60 a 64 anos,151,149,"0,9868",0,2,2022-07-11 22:32:34
6,SUPERIOR INCOMPLETO,FEMININO,65 a 69 anos,120,117,"0,975",0,0,2022-07-11 22:32:34
6,SUPERIOR INCOMPLETO,FEMININO,70 a 74 anos,93,93,1,0,1,2022-07-11 22:32:34
6,SUPERIOR INCOMPLETO,FEMININO,75 a 79 anos,20,20,1,0,2,2022-07-11 22:32:34
6,SUPERIOR INCOMPLETO,FEMININO,80 a 84 anos,6,6,1,0,0,2022-07-11 22:32:34
6,SUPERIOR INCOMPLETO,FEMININO,85 a 89 anos,5,5,1,0,0,2022-07-11 22:32:34
6,SUPERIOR INCOMPLETO,MASCULINO,18 anos,29,0,0,0,1,2022-07-11 22:32:34
6,SUPERIOR INCOMPLETO,MASCULINO,19 anos,56,0,0,0,0,2022-07-11 22:32:34
6,SUPERIOR INCOMPLETO,MASCULINO,20 anos,64,15,"0,2344",0,0,2022-07-11 22:32:34
6,SUPERIOR INCOMPLETO,MASCULINO,21 a 24 anos,315,283,"0,8984",0,0,2022-07-11 22:32:34
6,SUPERIOR INCOMPLETO,MASCULINO,25 a 29 anos,1002,991,"0,989",1,2,2022-07-11 22:32:34
6,SUPERIOR INCOMPLETO,MASCULINO,30 a 34 anos,651,632,"0,9708",0,0,2022-07-11 22:32:34
6,SUPERIOR INCOMPLETO,MASCULINO,35 a 39 anos,490,476,"0,9714",0,1,2022-07-11 22:32:34
6,SUPERIOR INCOMPLETO,MASCULINO,40 a 44 anos,369,353,"0,9566",0,1,2022-07-11 22:32:34
6,SUPERIOR INCOMPLETO,MASCULINO,45 a 49 anos,253,243,"0,9605",0,0,2022-07-11 22:32:34
6,SUPERIOR INCOMPLETO,MASCULINO,50 a 54 anos,198,190,"0,9596",0,0,2022-07-11 22:32:34
6,SUPERIOR INCOMPLETO,MASCULINO,55 a 59 anos,173,171,"0,9884",0,1,2022-07-11 22:32:34
6,SUPERIOR INCOMPLETO,MASCULINO,60 a 64 anos,160,155,"0,9688",0,1,2022-07-11 22:32:34
6,SUPERIOR INCOMPLETO,MASCULINO,65 a 69 anos,103,100,"0,9709",0,3,2022-07-11 22:32:34
6,SUPERIOR INCOMPLETO,MASCULINO,70 a 74 anos,78,78,1,0,1,2022-07-11 22:32:34
6,SUPERIOR INCOMPLETO,MASCULINO,75 a 79 anos,38,37,"0,9737",0,1,2022-07-11 22:32:34
6,SUPERIOR INCOMPLETO,MASCULINO,80 a 84 anos,15,15,1,0,0,2022-07-11 22:32:34
6,SUPERIOR INCOMPLETO,MASCULINO,85 a 89 anos,5,5,1,0,0,2022-07-11 22:32:34
7,ANALFABETO,FEMININO,21 a 24 anos,2,2,1,0,1,2022-07-11 22:32:34
7,ANALFABETO,FEMININO,25 a 29 anos,4,3,"0,75",0,3,2022-07-11 22:32:34
7,ANALFABETO,FEMININO,30 a 34 anos,3,3,1,0,0,2022-07-11 22:32:34
7,ANALFABETO,FEMININO,35 a 39 anos,9,7,"0,7778",0,4,2022-07-11 22:32:34
7,ANALFABETO,FEMININO,40 a 44 anos,13,12,"0,9231",0,4,2022-07-11 22:32:34
7,ANALFABETO,FEMININO,45 a 49 anos,13,11,"0,8462",0,0,2022-07-11 22:32:34
7,ANALFABETO,FEMININO,50 a 54 anos,17,17,1,0,3,2022-07-11 22:32:34
7,ANALFABETO,FEMININO,55 a 59 anos,23,21,"0,913",0,2,2022-07-11 22:32:34
7,ANALFABETO,FEMININO,60 a 64 anos,34,31,"0,9118",0,2,2022-07-11 22:32:34
7,ANALFABETO,FEMININO,65 a 69 anos,41,37,"0,9024",0,2,2022-07-11 22:32:34
7,ANALFABETO,FEMININO,70 a 74 anos,38,37,"0,9737",0,3,2022-07-11 22:32:34
7,ANALFABETO,FEMININO,75 a 79 anos,16,16,1,0,2,2022-07-11 22:32:34
7,ANALFABETO,FEMININO,80 a 84 anos,12,12,1,0,0,2022-07-11 22:32:34
7,ANALFABETO,FEMININO,85 a 89 anos,5,4,"0,8",0,1,2022-07-11 22:32:34
7,ANALFABETO,FEMININO,90 a 94 anos,1,1,1,0,0,2022-07-11 22:32:34
7,ANALFABETO,MASCULINO,19 anos,1,0,0,0,0,2022-07-11 22:32:34
7,ANALFABETO,MASCULINO,21 a 24 anos,3,2,"0,6667",0,2,2022-07-11 22:32:34
7,ANALFABETO,MASCULINO,25 a 29 anos,5,5,1,0,1,2022-07-11 22:32:34
7,ANALFABETO,MASCULINO,30 a 34 anos,5,3,"0,6",0,3,2022-07-11 22:32:34
7,ANALFABETO,MASCULINO,35 a 39 anos,11,11,1,0,3,2022-07-11 22:32:34
7,ANALFABETO,MASCULINO,40 a 44 anos,17,14,"0,8235",0,4,2022-07-11 22:32:34
7,ANALFABETO,MASCULINO,45 a 49 anos,25,19,"0,76",0,1,2022-07-11 22:32:34
7,ANALFABETO,MASCULINO,50 a 54 anos,23,17,"0,7391",1,4,2022-07-11 22:32:34
7,ANALFABETO,MASCULINO,55 a 59 anos,22,22,1,0,5,2022-07-11 22:32:34
7,ANALFABETO,MASCULINO,60 a 64 anos,20,20,1,0,5,2022-07-11 22:32:34
7,ANALFABETO,MASCULINO,65 a 69 anos,21,15,"0,7143",0,2,2022-07-11 22:32:34
7,ANALFABETO,MASCULINO,70 a 74 anos,18,16,"0,8889",0,5,2022-07-11 22:32:34
7,ANALFABETO,MASCULINO,75 a 79 anos,5,5,1,0,0,2022-07-11 22:32:34
7,ANALFABETO,MASCULINO,80 a 84 anos,5,5,1,0,0,2022-07-11 22:32:34
7,ANALFABETO,MASCULINO,85 a 89 anos,1,1,1,0,1,2022-07-11 22:32:34
7,ENSINO FUNDAMENTAL COMPLETO,FEMININO,100 anos ou mais,2,2,1,0,0,2022-07-11 22:32:34
7,ENSINO FUNDAMENTAL COMPLETO,FEMININO,16 anos,17,0,0,0,1,2022-07-11 22:32:34
7,ENSINO FUNDAMENTAL COMPLETO,FEMININO,17 anos,16,0,0,0,0,2022-07-11 22:32:34
7,ENSINO FUNDAMENTAL COMPLETO,FEMININO,18 anos,18,0,0,0,0,2022-07-11 22:32:34
7,ENSINO FUNDAMENTAL COMPLETO,FEMININO,19 anos,16,3,"0,1875",0,0,2022-07-11 22:32:34
7,ENSINO FUNDAMENTAL COMPLETO,FEMININO,20 anos,9,1,"0,1111",0,0,2022-07-11 22:32:34
7,ENSINO FUNDAMENTAL COMPLETO,FEMININO,21 a 24 anos,66,62,"0,9394",1,0,2022-07-11 22:32:34
7,ENSINO FUNDAMENTAL COMPLETO,FEMININO,25 a 29 anos,75,73,"0,9733",0,0,2022-07-11 22:32:34
7,ENSINO FUNDAMENTAL COMPLETO,FEMININO,30 a 34 anos,84,78,"0,9286",1,0,2022-07-11 22:32:34
7,ENSINO FUNDAMENTAL COMPLETO,FEMININO,35 a 39 anos,112,110,"0,9821",0,1,2022-07-11 22:32:34
7,ENSINO FUNDAMENTAL COMPLETO,FEMININO,40 a 44 anos,137,136,"0,9927",0,0,2022-07-11 22:32:34
7,ENSINO FUNDAMENTAL COMPLETO,FEMININO,45 a 49 anos,170,167,"0,9824",0,2,2022-07-11 22:32:34
7,ENSINO FUNDAMENTAL COMPLETO,FEMININO,50 a 54 anos,164,160,"0,9756",0,3,2022-07-11 22:32:34
7,ENSINO FUNDAMENTAL COMPLETO,FEMININO,55 a 59 anos,228,226,"0,9912",0,0,2022-07-11 22:32:34
7,ENSINO FUNDAMENTAL COMPLETO,FEMININO,60 a 64 anos,232,229,"0,9871",0,3,2022-07-11 22:32:34
7,ENSINO FUNDAMENTAL COMPLETO,FEMININO,65 a 69 anos,222,218,"0,982",0,7,2022-07-11 22:32:34
7,ENSINO FUNDAMENTAL COMPLETO,FEMININO,70 a 74 anos,185,185,1,0,3,2022-07-11 22:32:34
7,ENSINO FUNDAMENTAL COMPLETO,FEMININO,75 a 79 anos,99,98,"0,9899",0,4,2022-07-11 22:32:34
7,ENSINO FUNDAMENTAL COMPLETO,FEMININO,80 a 84 anos,74,73,"0,9865",0,2,2022-07-11 22:32:34
7,ENSINO FUNDAMENTAL COMPLETO,FEMININO,85 a 89 anos,46,46,1,0,1,2022-07-11 22:32:34
7,ENSINO FUNDAMENTAL COMPLETO,FEMININO,90 a 94 anos,23,22,"0,9565",0,3,2022-07-11 22:32:34
7,ENSINO FUNDAMENTAL COMPLETO,FEMININO,95 a 99 anos,6,6,1,0,1,2022-07-11 22:32:34
7,ENSINO FUNDAMENTAL COMPLETO,MASCULINO,16 anos,8,0,0,0,0,2022-07-11 22:32:34
7,ENSINO FUNDAMENTAL COMPLETO,MASCULINO,17 anos,11,0,0,0,0,2022-07-11 22:32:34
7,ENSINO FUNDAMENTAL COMPLETO,MASCULINO,18 anos,12,0,0,0,0,2022-07-11 22:32:34
7,ENSINO FUNDAMENTAL COMPLETO,MASCULINO,19 anos,15,5,"0,3333",0,0,2022-07-11 22:32:34
7,ENSINO FUNDAMENTAL COMPLETO,MASCULINO,20 anos,20,12,"0,6",0,0,2022-07-11 22:32:34
7,ENSINO FUNDAMENTAL COMPLETO,MASCULINO,21 a 24 anos,83,72,"0,8675",0,0,2022-07-11 22:32:34
7,ENSINO FUNDAMENTAL COMPLETO,MASCULINO,25 a 29 anos,90,84,"0,9333",0,0,2022-07-11 22:32:34
7,ENSINO FUNDAMENTAL COMPLETO,MASCULINO,30 a 34 anos,78,76,"0,9744",0,1,2022-07-11 22:32:34
7,ENSINO FUNDAMENTAL COMPLETO,MASCULINO,35 a 39 anos,134,124,"0,9254",0,1,2022-07-11 22:32:34
7,ENSINO FUNDAMENTAL COMPLETO,MASCULINO,40 a 44 anos,167,158,"0,9461",0,1,2022-07-11 22:32:34
7,ENSINO FUNDAMENTAL COMPLETO,MASCULINO,45 a 49 anos,177,176,"0,9944",0,0,2022-07-11 22:32:34
7,ENSINO FUNDAMENTAL COMPLETO,MASCULINO,50 a 54 anos,200,195,"0,975",0,1,2022-07-11 22:32:34
7,ENSINO FUNDAMENTAL COMPLETO,MASCULINO,55 a 59 anos,224,218,"0,9732",0,2,2022-07-11 22:32:34
7,ENSINO FUNDAMENTAL COMPLETO,MASCULINO,60 a 64 anos,221,214,"0,9683",0,5,2022-07-11 22:32:34
7,ENSINO FUNDAMENTAL COMPLETO,MASCULINO,65 a 69 anos,199,191,"0,9598",0,6,2022-07-11 22:32:34
7,ENSINO FUNDAMENTAL COMPLETO,MASCULINO,70 a 74 anos,145,143,"0,9862",0,10,2022-07-11 22:32:34
7,ENSINO FUNDAMENTAL COMPLETO,MASCULINO,75 a 79 anos,65,64,"0,9846",0,1,2022-07-11 22:32:34
7,ENSINO FUNDAMENTAL COMPLETO,MASCULINO,80 a 84 anos,43,43,1,0,1,2022-07-11 22:32:34
7,ENSINO FUNDAMENTAL COMPLETO,MASCULINO,85 a 89 anos,12,12,1,0,0,2022-07-11 22:32:34
7,ENSINO FUNDAMENTAL COMPLETO,MASCULINO,90 a 94 anos,8,8,1,0,0,2022-07-11 22:32:34
7,ENSINO FUNDAMENTAL COMPLETO,MASCULINO,95 a 99 anos,3,3,1,0,0,2022-07-11 22:32:34
7,ENSINO FUNDAMENTAL INCOMPLETO,FEMININO,16 anos,21,0,0,0,0,2022-07-11 22:32:34
7,ENSINO FUNDAMENTAL INCOMPLETO,FEMININO,17 anos,30,0,0,0,0,2022-07-11 22:32:34
7,ENSINO FUNDAMENTAL INCOMPLETO,FEMININO,18 anos,30,1,"0,0333",1,0,2022-07-11 22:32:34
7,ENSINO FUNDAMENTAL INCOMPLETO,FEMININO,19 anos,40,5,"0,125",0,0,2022-07-11 22:32:34
7,ENSINO FUNDAMENTAL INCOMPLETO,FEMININO,20 anos,49,21,"0,4286",0,1,2022-07-11 22:32:34
7,ENSINO FUNDAMENTAL INCOMPLETO,FEMININO,21 a 24 anos,315,274,"0,8698",0,3,2022-07-11 22:32:34
7,ENSINO FUNDAMENTAL INCOMPLETO,FEMININO,25 a 29 anos,289,279,"0,9654",0,1,2022-07-11 22:32:34
7,ENSINO FUNDAMENTAL INCOMPLETO,FEMININO,30 a 34 anos,264,256,"0,9697",0,4,2022-07-11 22:32:34
7,ENSINO FUNDAMENTAL INCOMPLETO,FEMININO,35 a 39 anos,399,393,"0,985",0,4,2022-07-11 22:32:34
7,ENSINO FUNDAMENTAL INCOMPLETO,FEMININO,40 a 44 anos,521,513,"0,9846",0,3,2022-07-11 22:32:34
7,ENSINO FUNDAMENTAL INCOMPLETO,FEMININO,45 a 49 anos,549,540,"0,9836",0,2,2022-07-11 22:32:34
7,ENSINO FUNDAMENTAL INCOMPLETO,FEMININO,50 a 54 anos,649,645,"0,9938",0,5,2022-07-11 22:32:34
7,ENSINO FUNDAMENTAL INCOMPLETO,FEMININO,55 a 59 anos,651,636,"0,977",0,11,2022-07-11 22:32:34
7,ENSINO FUNDAMENTAL INCOMPLETO,FEMININO,60 a 64 anos,511,506,"0,9902",0,8,2022-07-11 22:32:34
7,ENSINO FUNDAMENTAL INCOMPLETO,FEMININO,65 a 69 anos,459,456,"0,9935",0,12,2022-07-11 22:32:34
7,ENSINO FUNDAMENTAL INCOMPLETO,FEMININO,70 a 74 anos,389,387,"0,9949",0,22,2022-07-11 22:32:34
7,ENSINO FUNDAMENTAL INCOMPLETO,FEMININO,75 a 79 anos,204,202,"0,9902",0,11,2022-07-11 22:32:34
7,ENSINO FUNDAMENTAL INCOMPLETO,FEMININO,80 a 84 anos,148,144,"0,973",0,2,2022-07-11 22:32:34
7,ENSINO FUNDAMENTAL INCOMPLETO,FEMININO,85 a 89 anos,82,82,1,0,4,2022-07-11 22:32:34
7,ENSINO FUNDAMENTAL INCOMPLETO,FEMININO,90 a 94 anos,32,32,1,0,1,2022-07-11 22:32:34
7,ENSINO FUNDAMENTAL INCOMPLETO,FEMININO,95 a 99 anos,8,6,"0,75",0,1,2022-07-11 22:32:34
7,ENSINO FUNDAMENTAL INCOMPLETO,MASCULINO,16 anos,30,0,0,0,1,2022-07-11 22:32:34
7,ENSINO FUNDAMENTAL INCOMPLETO,MASCULINO,17 anos,27,0,0,0,0,2022-07-11 22:32:34
7,ENSINO FUNDAMENTAL INCOMPLETO,MASCULINO,18 anos,34,1,"0,0294",0,3,2022-07-11 22:32:34
7,ENSINO FUNDAMENTAL INCOMPLETO,MASCULINO,19 anos,45,13,"0,2889",1,2,2022-07-11 22:32:34
7,ENSINO FUNDAMENTAL INCOMPLETO,MASCULINO,20 anos,56,38,"0,6786",0,2,2022-07-11 22:32:34
7,ENSINO FUNDAMENTAL INCOMPLETO,MASCULINO,21 a 24 anos,409,369,"0,9022",0,4,2022-07-11 22:32:34
7,ENSINO FUNDAMENTAL INCOMPLETO,MASCULINO,25 a 29 anos,421,395,"0,9382",1,2,2022-07-11 22:32:34
7,ENSINO FUNDAMENTAL INCOMPLETO,MASCULINO,30 a 34 anos,391,369,"0,9437",0,8,2022-07-11 22:32:34
7,ENSINO FUNDAMENTAL INCOMPLETO,MASCULINO,35 a 39 anos,464,440,"0,9483",0,5,2022-07-11 22:32:34
7,ENSINO FUNDAMENTAL INCOMPLETO,MASCULINO,40 a 44 anos,602,582,"0,9668",0,7,2022-07-11 22:32:34
7,ENSINO FUNDAMENTAL INCOMPLETO,MASCULINO,45 a 49 anos,590,564,"0,9559",0,10,2022-07-11 22:32:34
7,ENSINO FUNDAMENTAL INCOMPLETO,MASCULINO,50 a 54 anos,602,585,"0,9718",0,9,2022-07-11 22:32:34
7,ENSINO FUNDAMENTAL INCOMPLETO,MASCULINO,55 a 59 anos,525,505,"0,9619",0,10,2022-07-11 22:32:34
7,ENSINO FUNDAMENTAL INCOMPLETO,MASCULINO,60 a 64 anos,458,450,"0,9825",0,8,2022-07-11 22:32:34
7,ENSINO FUNDAMENTAL INCOMPLETO,MASCULINO,65 a 69 anos,324,318,"0,9815",0,10,2022-07-11 22:32:34
7,ENSINO FUNDAMENTAL INCOMPLETO,MASCULINO,70 a 74 anos,221,220,"0,9955",0,8,2022-07-11 22:32:34
7,ENSINO FUNDAMENTAL INCOMPLETO,MASCULINO,75 a 79 anos,91,90,"0,989",0,3,2022-07-11 22:32:34
7,ENSINO FUNDAMENTAL INCOMPLETO,MASCULINO,80 a 84 anos,57,55,"0,9649",0,1,2022-07-11 22:32:34
7,ENSINO FUNDAMENTAL INCOMPLETO,MASCULINO,85 a 89 anos,21,20,"0,9524",0,1,2022-07-11 22:32:34
7,ENSINO FUNDAMENTAL INCOMPLETO,MASCULINO,90 a 94 anos,9,9,1,0,0,2022-07-11 22:32:34
7,ENSINO FUNDAMENTAL INCOMPLETO,MASCULINO,95 a 99 anos,2,1,"0,5",0,2,2022-07-11 22:32:34
7,ENSINO MÉDIO COMPLETO,FEMININO,16 anos,10,0,0,0,0,2022-07-11 22:32:34
7,ENSINO MÉDIO COMPLETO,FEMININO,17 anos,18,0,0,0,0,2022-07-11 22:32:34
7,ENSINO MÉDIO COMPLETO,FEMININO,18 anos,190,0,0,1,0,2022-07-11 22:32:34
7,ENSINO MÉDIO COMPLETO,FEMININO,19 anos,223,2,"0,009",0,0,2022-07-11 22:32:34
7,ENSINO MÉDIO COMPLETO,FEMININO,20 anos,275,82,"0,2982",0,0,2022-07-11 22:32:34
7,ENSINO MÉDIO COMPLETO,FEMININO,21 a 24 anos,1046,912,"0,8719",0,1,2022-07-11 22:32:34
7,ENSINO MÉDIO COMPLETO,FEMININO,25 a 29 anos,1418,1393,"0,9824",0,3,2022-07-11 22:32:34
7,ENSINO MÉDIO COMPLETO,FEMININO,30 a 34 anos,1379,1344,"0,9746",1,2,2022-07-11 22:32:34
7,ENSINO MÉDIO COMPLETO,FEMININO,35 a 39 anos,1882,1858,"0,9872",0,5,2022-07-11 22:32:34
7,ENSINO MÉDIO COMPLETO,FEMININO,40 a 44 anos,2114,2081,"0,9844",0,5,2022-07-11 22:32:34
7,ENSINO MÉDIO COMPLETO,FEMININO,45 a 49 anos,1760,1733,"0,9847",0,9,2022-07-11 22:32:34
7,ENSINO MÉDIO COMPLETO,FEMININO,50 a 54 anos,1700,1681,"0,9888",0,8,2022-07-11 22:32:34
7,ENSINO MÉDIO COMPLETO,FEMININO,55 a 59 anos,1902,1885,"0,9911",1,11,2022-07-11 22:32:34
7,ENSINO MÉDIO COMPLETO,FEMININO,60 a 64 anos,1734,1720,"0,9919",0,14,2022-07-11 22:32:34
7,ENSINO MÉDIO COMPLETO,FEMININO,65 a 69 anos,1348,1339,"0,9933",0,36,2022-07-11 22:32:34
7,ENSINO MÉDIO COMPLETO,FEMININO,70 a 74 anos,855,851,"0,9953",1,25,2022-07-11 22:32:34
7,ENSINO MÉDIO COMPLETO,FEMININO,75 a 79 anos,438,433,"0,9886",0,14,2022-07-11 22:32:34
7,ENSINO MÉDIO COMPLETO,FEMININO,80 a 84 anos,217,214,"0,9862",0,8,2022-07-11 22:32:34
7,ENSINO MÉDIO COMPLETO,FEMININO,85 a 89 anos,112,111,"0,9911",0,4,2022-07-11 22:32:34
7,ENSINO MÉDIO COMPLETO,FEMININO,90 a 94 anos,44,43,"0,9773",0,3,2022-07-11 22:32:34
7,ENSINO MÉDIO COMPLETO,FEMININO,95 a 99 anos,11,9,"0,8182",0,3,2022-07-11 22:32:34
7,ENSINO MÉDIO COMPLETO,MASCULINO,100 anos ou mais,1,1,1,0,0,2022-07-11 22:32:34
7,ENSINO MÉDIO COMPLETO,MASCULINO,16 anos,3,0,0,0,0,2022-07-11 22:32:34
7,ENSINO MÉDIO COMPLETO,MASCULINO,17 anos,8,0,0,0,0,2022-07-11 22:32:34
7,ENSINO MÉDIO COMPLETO,MASCULINO,18 anos,142,0,0,2,1,2022-07-11 22:32:34
7,ENSINO MÉDIO COMPLETO,MASCULINO,19 anos,154,1,"0,0065",1,4,2022-07-11 22:32:34
7,ENSINO MÉDIO COMPLETO,MASCULINO,20 anos,169,45,"0,2663",0,2,2022-07-11 22:32:34
7,ENSINO MÉDIO COMPLETO,MASCULINO,21 a 24 anos,822,717,"0,8723",1,5,2022-07-11 22:32:34
7,ENSINO MÉDIO COMPLETO,MASCULINO,25 a 29 anos,1419,1386,"0,9767",2,1,2022-07-11 22:32:34
7,ENSINO MÉDIO COMPLETO,MASCULINO,30 a 34 anos,1337,1300,"0,9723",2,0,2022-07-11 22:32:34
7,ENSINO MÉDIO COMPLETO,MASCULINO,35 a 39 anos,1647,1619,"0,983",1,5,2022-07-11 22:32:34
7,ENSINO MÉDIO COMPLETO,MASCULINO,40 a 44 anos,1739,1700,"0,9776",0,6,2022-07-11 22:32:34
7,ENSINO MÉDIO COMPLETO,MASCULINO,45 a 49 anos,1393,1361,"0,977",0,7,2022-07-11 22:32:34
7,ENSINO MÉDIO COMPLETO,MASCULINO,50 a 54 anos,1338,1316,"0,9836",1,4,2022-07-11 22:32:34
7,ENSINO MÉDIO COMPLETO,MASCULINO,55 a 59 anos,1484,1458,"0,9825",0,10,2022-07-11 22:32:34
7,ENSINO MÉDIO COMPLETO,MASCULINO,60 a 64 anos,1340,1316,"0,9821",0,14,2022-07-11 22:32:34
7,ENSINO MÉDIO COMPLETO,MASCULINO,65 a 69 anos,987,976,"0,9889",0,22,2022-07-11 22:32:34
7,ENSINO MÉDIO COMPLETO,MASCULINO,70 a 74 anos,575,570,"0,9913",0,23,2022-07-11 22:32:34
7,ENSINO MÉDIO COMPLETO,MASCULINO,75 a 79 anos,243,242,"0,9959",0,4,2022-07-11 22:32:34
7,ENSINO MÉDIO COMPLETO,MASCULINO,80 a 84 anos,119,117,"0,9832",0,2,2022-07-11 22:32:34
7,ENSINO MÉDIO COMPLETO,MASCULINO,85 a 89 anos,64,64,1,0,2,2022-07-11 22:32:34
7,ENSINO MÉDIO COMPLETO,MASCULINO,90 a 94 anos,25,25,1,0,3,2022-07-11 22:32:34
7,ENSINO MÉDIO COMPLETO,MASCULINO,95 a 99 anos,4,4,1,0,0,2022-07-11 22:32:34
7,ENSINO MÉDIO INCOMPLETO,FEMININO,16 anos,208,0,0,0,0,2022-07-11 22:32:34
7,ENSINO MÉDIO INCOMPLETO,FEMININO,17 anos,280,0,0,1,2,2022-07-11 22:32:34
7,ENSINO MÉDIO INCOMPLETO,FEMININO,18 anos,278,9,"0,0324",0,1,2022-07-11 22:32:34
7,ENSINO MÉDIO INCOMPLETO,FEMININO,19 anos,216,35,"0,162",3,0,2022-07-11 22:32:34
7,ENSINO MÉDIO INCOMPLETO,FEMININO,20 anos,248,112,"0,4516",0,2,2022-07-11 22:32:34
7,ENSINO MÉDIO INCOMPLETO,FEMININO,21 a 24 anos,1219,1139,"0,9344",1,7,2022-07-11 22:32:34
7,ENSINO MÉDIO INCOMPLETO,FEMININO,25 a 29 anos,648,635,"0,9799",0,2,2022-07-11 22:32:34
7,ENSINO MÉDIO INCOMPLETO,FEMININO,30 a 34 anos,386,383,"0,9922",0,0,2022-07-11 22:32:34
7,ENSINO MÉDIO INCOMPLETO,FEMININO,35 a 39 anos,406,400,"0,9852",0,3,2022-07-11 22:32:34
7,ENSINO MÉDIO INCOMPLETO,FEMININO,40 a 44 anos,381,377,"0,9895",0,1,2022-07-11 22:32:34
7,ENSINO MÉDIO INCOMPLETO,FEMININO,45 a 49 anos,335,329,"0,9821",0,2,2022-07-11 22:32:34
7,ENSINO MÉDIO INCOMPLETO,FEMININO,50 a 54 anos,319,315,"0,9875",0,3,2022-07-11 22:32:34
7,ENSINO MÉDIO INCOMPLETO,FEMININO,55 a 59 anos,304,299,"0,9836",0,3,2022-07-11 22:32:34
7,ENSINO MÉDIO INCOMPLETO,FEMININO,60 a 64 anos,209,205,"0,9809",0,2,2022-07-11 22:32:34
7,ENSINO MÉDIO INCOMPLETO,FEMININO,65 a 69 anos,158,154,"0,9747",0,2,2022-07-11 22:32:34
7,ENSINO MÉDIO INCOMPLETO,FEMININO,70 a 74 anos,99,97,"0,9798",0,6,2022-07-11 22:32:34
7,ENSINO MÉDIO INCOMPLETO,FEMININO,75 a 79 anos,44,42,"0,9545",0,2,2022-07-11 22:32:34
7,ENSINO MÉDIO INCOMPLETO,FEMININO,80 a 84 anos,26,26,1,0,0,2022-07-11 22:32:34
7,ENSINO MÉDIO INCOMPLETO,FEMININO,85 a 89 anos,16,15,"0,9375",0,0,2022-07-11 22:32:34
7,ENSINO MÉDIO INCOMPLETO,FEMININO,90 a 94 anos,7,7,1,0,0,2022-07-11 22:32:34
7,ENSINO MÉDIO INCOMPLETO,FEMININO,95 a 99 anos,2,2,1,0,0,2022-07-11 22:32:34
7,ENSINO MÉDIO INCOMPLETO,MASCULINO,16 anos,149,0,0,0,3,2022-07-11 22:32:34
7,ENSINO MÉDIO INCOMPLETO,MASCULINO,17 anos,238,0,0,1,1,2022-07-11 22:32:34
7,ENSINO MÉDIO INCOMPLETO,MASCULINO,18 anos,280,8,"0,0286",3,3,2022-07-11 22:32:34
7,ENSINO MÉDIO INCOMPLETO,MASCULINO,19 anos,257,49,"0,1907",1,3,2022-07-11 22:32:34
7,ENSINO MÉDIO INCOMPLETO,MASCULINO,20 anos,254,137,"0,5394",0,2,2022-07-11 22:32:34
7,ENSINO MÉDIO INCOMPLETO,MASCULINO,21 a 24 anos,1275,1210,"0,949",0,2,2022-07-11 22:32:34
7,ENSINO MÉDIO INCOMPLETO,MASCULINO,25 a 29 anos,657,639,"0,9726",1,3,2022-07-11 22:32:34
7,ENSINO MÉDIO INCOMPLETO,MASCULINO,30 a 34 anos,340,328,"0,9647",0,2,2022-07-11 22:32:34
7,ENSINO MÉDIO INCOMPLETO,MASCULINO,35 a 39 anos,421,404,"0,9596",0,2,2022-07-11 22:32:34
7,ENSINO MÉDIO INCOMPLETO,MASCULINO,40 a 44 anos,352,342,"0,9716",0,2,2022-07-11 22:32:34
7,ENSINO MÉDIO INCOMPLETO,MASCULINO,45 a 49 anos,243,235,"0,9671",0,3,2022-07-11 22:32:34
7,ENSINO MÉDIO INCOMPLETO,MASCULINO,50 a 54 anos,321,318,"0,9907",0,5,2022-07-11 22:32:34
7,ENSINO MÉDIO INCOMPLETO,MASCULINO,55 a 59 anos,265,253,"0,9547",1,0,2022-07-11 22:32:34
7,ENSINO MÉDIO INCOMPLETO,MASCULINO,60 a 64 anos,203,200,"0,9852",0,2,2022-07-11 22:32:34
7,ENSINO MÉDIO INCOMPLETO,MASCULINO,65 a 69 anos,141,135,"0,9574",0,5,2022-07-11 22:32:34
7,ENSINO MÉDIO INCOMPLETO,MASCULINO,70 a 74 anos,100,100,1,0,2,2022-07-11 22:32:34
7,ENSINO MÉDIO INCOMPLETO,MASCULINO,75 a 79 anos,33,32,"0,9697",0,0,2022-07-11 22:32:34
7,ENSINO MÉDIO INCOMPLETO,MASCULINO,80 a 84 anos,14,14,1,0,0,2022-07-11 22:32:34
7,ENSINO MÉDIO INCOMPLETO,MASCULINO,85 a 89 anos,10,10,1,0,0,2022-07-11 22:32:34
7,ENSINO MÉDIO INCOMPLETO,MASCULINO,90 a 94 anos,1,1,1,0,0,2022-07-11 22:32:34
7,ENSINO MÉDIO INCOMPLETO,MASCULINO,95 a 99 anos,1,1,1,0,0,2022-07-11 22:32:34
7,LÊ E ESCREVE,FEMININO,100 anos ou mais,1,1,1,0,0,2022-07-11 22:32:34
7,LÊ E ESCREVE,FEMININO,16 anos,2,0,0,0,0,2022-07-11 22:32:34
7,LÊ E ESCREVE,FEMININO,17 anos,1,0,0,0,0,2022-07-11 22:32:34
7,LÊ E ESCREVE,FEMININO,18 anos,2,0,0,0,1,2022-07-11 22:32:34
7,LÊ E ESCREVE,FEMININO,19 anos,4,0,0,0,0,2022-07-11 22:32:34
7,LÊ E ESCREVE,FEMININO,20 anos,2,1,"0,5",0,0,2022-07-11 22:32:34
7,LÊ E ESCREVE,FEMININO,21 a 24 anos,9,6,"0,6667",0,0,2022-07-11 22:32:34
7,LÊ E ESCREVE,FEMININO,25 a 29 anos,12,10,"0,8333",0,2,2022-07-11 22:32:34
7,LÊ E ESCREVE,FEMININO,30 a 34 anos,23,21,"0,913",0,2,2022-07-11 22:32:34
7,LÊ E ESCREVE,FEMININO,35 a 39 anos,38,36,"0,9474",0,1,2022-07-11 22:32:34
7,LÊ E ESCREVE,FEMININO,40 a 44 anos,62,60,"0,9677",0,3,2022-07-11 22:32:34
7,LÊ E ESCREVE,FEMININO,45 a 49 anos,73,72,"0,9863",0,1,2022-07-11 22:32:34
7,LÊ E ESCREVE,FEMININO,50 a 54 anos,100,98,"0,98",0,1,2022-07-11 22:32:34
7,LÊ E ESCREVE,FEMININO,55 a 59 anos,175,174,"0,9943",0,2,2022-07-11 22:32:34
7,LÊ E ESCREVE,FEMININO,60 a 64 anos,162,160,"0,9877",0,8,2022-07-11 22:32:34
7,LÊ E ESCREVE,FEMININO,65 a 69 anos,186,183,"0,9839",0,7,2022-07-11 22:32:34
7,LÊ E ESCREVE,FEMININO,70 a 74 anos,150,150,1,0,8,2022-07-11 22:32:34
7,LÊ E ESCREVE,FEMININO,75 a 79 anos,102,100,"0,9804",0,4,2022-07-11 22:32:34
7,LÊ E ESCREVE,FEMININO,80 a 84 anos,65,62,"0,9538",0,4,2022-07-11 22:32:34
7,LÊ E ESCREVE,FEMININO,85 a 89 anos,31,30,"0,9677",0,1,2022-07-11 22:32:34
7,LÊ E ESCREVE,FEMININO,90 a 94 anos,14,13,"0,9286",0,4,2022-07-11 22:32:34
7,LÊ E ESCREVE,FEMININO,95 a 99 anos,4,4,1,0,1,2022-07-11 22:32:34
7,LÊ E ESCREVE,MASCULINO,100 anos ou mais,1,1,1,0,1,2022-07-11 22:32:34
7,LÊ E ESCREVE,MASCULINO,16 anos,2,0,0,1,0,2022-07-11 22:32:34
7,LÊ E ESCREVE,MASCULINO,17 anos,2,0,0,0,0,2022-07-11 22:32:34
7,LÊ E ESCREVE,MASCULINO,18 anos,2,0,0,0,0,2022-07-11 22:32:34
7,LÊ E ESCREVE,MASCULINO,19 anos,3,0,0,0,0,2022-07-11 22:32:34
7,LÊ E ESCREVE,MASCULINO,20 anos,3,1,"0,3333",0,0,2022-07-11 22:32:34
7,LÊ E ESCREVE,MASCULINO,21 a 24 anos,19,15,"0,7895",1,2,2022-07-11 22:32:34
7,LÊ E ESCREVE,MASCULINO,25 a 29 anos,30,30,1,0,2,2022-07-11 22:32:34
7,LÊ E ESCREVE,MASCULINO,30 a 34 anos,28,26,"0,9286",0,0,2022-07-11 22:32:34
7,LÊ E ESCREVE,MASCULINO,35 a 39 anos,64,61,"0,9531",0,2,2022-07-11 22:32:34
7,LÊ E ESCREVE,MASCULINO,40 a 44 anos,86,81,"0,9419",0,5,2022-07-11 22:32:34
7,LÊ E ESCREVE,MASCULINO,45 a 49 anos,83,77,"0,9277",0,1,2022-07-11 22:32:34
7,LÊ E ESCREVE,MASCULINO,50 a 54 anos,127,118,"0,9291",1,2,2022-07-11 22:32:34
7,LÊ E ESCREVE,MASCULINO,55 a 59 anos,151,143,"0,947",0,5,2022-07-11 22:32:34
7,LÊ E ESCREVE,MASCULINO,60 a 64 anos,142,135,"0,9507",0,2,2022-07-11 22:32:34
7,LÊ E ESCREVE,MASCULINO,65 a 69 anos,142,135,"0,9507",0,4,2022-07-11 22:32:34
7,LÊ E ESCREVE,MASCULINO,70 a 74 anos,96,96,1,0,5,2022-07-11 22:32:34
7,LÊ E ESCREVE,MASCULINO,75 a 79 anos,54,54,1,0,1,2022-07-11 22:32:34
7,LÊ E ESCREVE,MASCULINO,80 a 84 anos,37,37,1,0,1,2022-07-11 22:32:34
7,LÊ E ESCREVE,MASCULINO,85 a 89 anos,14,14,1,0,0,2022-07-11 22:32:34
7,LÊ E ESCREVE,MASCULINO,90 a 94 anos,4,4,1,0,0,2022-07-11 22:32:34
7,LÊ E ESCREVE,MASCULINO,95 a 99 anos,3,3,1,0,0,2022-07-11 22:32:34
7,SUPERIOR COMPLETO,FEMININO,100 anos ou mais,2,2,1,0,0,2022-07-11 22:32:34
7,SUPERIOR COMPLETO,FEMININO,19 anos,2,0,0,0,0,2022-07-11 22:32:34
7,SUPERIOR COMPLETO,FEMININO,21 a 24 anos,26,25,"0,9615",0,0,2022-07-11 22:32:34
7,SUPERIOR COMPLETO,FEMININO,25 a 29 anos,449,438,"0,9755",0,3,2022-07-11 22:32:34
7,SUPERIOR COMPLETO,FEMININO,30 a 34 anos,1533,1507,"0,983",1,5,2022-07-11 22:32:34
7,SUPERIOR COMPLETO,FEMININO,35 a 39 anos,2242,2205,"0,9835",0,5,2022-07-11 22:32:34
7,SUPERIOR COMPLETO,FEMININO,40 a 44 anos,2244,2218,"0,9884",0,3,2022-07-11 22:32:34
7,SUPERIOR COMPLETO,FEMININO,45 a 49 anos,1663,1644,"0,9886",0,5,2022-07-11 22:32:34
7,SUPERIOR COMPLETO,FEMININO,50 a 54 anos,1350,1341,"0,9933",0,6,2022-07-11 22:32:34
7,SUPERIOR COMPLETO,FEMININO,55 a 59 anos,1337,1329,"0,994",0,9,2022-07-11 22:32:34
7,SUPERIOR COMPLETO,FEMININO,60 a 64 anos,1029,1025,"0,9961",0,8,2022-07-11 22:32:34
7,SUPERIOR COMPLETO,FEMININO,65 a 69 anos,743,740,"0,996",0,14,2022-07-11 22:32:34
7,SUPERIOR COMPLETO,FEMININO,70 a 74 anos,578,574,"0,9931",0,17,2022-07-11 22:32:34
7,SUPERIOR COMPLETO,FEMININO,75 a 79 anos,305,304,"0,9967",0,9,2022-07-11 22:32:34
7,SUPERIOR COMPLETO,FEMININO,80 a 84 anos,149,149,1,0,6,2022-07-11 22:32:34
7,SUPERIOR COMPLETO,FEMININO,85 a 89 anos,70,69,"0,9857",0,3,2022-07-11 22:32:34
7,SUPERIOR COMPLETO,FEMININO,90 a 94 anos,31,29,"0,9355",0,3,2022-07-11 22:32:34
7,SUPERIOR COMPLETO,FEMININO,95 a 99 anos,5,5,1,0,1,2022-07-11 22:32:34
7,SUPERIOR COMPLETO,MASCULINO,100 anos ou mais,1,1,1,0,1,2022-07-11 22:32:34
7,SUPERIOR COMPLETO,MASCULINO,18 anos,1,0,0,0,0,2022-07-11 22:32:34
7,SUPERIOR COMPLETO,MASCULINO,19 anos,1,0,0,0,0,2022-07-11 22:32:34
7,SUPERIOR COMPLETO,MASCULINO,21 a 24 anos,12,9,"0,75",0,0,2022-07-11 22:32:34
7,SUPERIOR COMPLETO,MASCULINO,25 a 29 anos,273,259,"0,9487",1,2,2022-07-11 22:32:34
7,SUPERIOR COMPLETO,MASCULINO,30 a 34 anos,990,966,"0,9758",0,1,2022-07-11 22:32:34
7,SUPERIOR COMPLETO,MASCULINO,35 a 39 anos,1501,1471,"0,98",1,1,2022-07-11 22:32:34
7,SUPERIOR COMPLETO,MASCULINO,40 a 44 anos,1449,1422,"0,9814",0,5,2022-07-11 22:32:34
7,SUPERIOR COMPLETO,MASCULINO,45 a 49 anos,997,984,"0,987",0,0,2022-07-11 22:32:34
7,SUPERIOR COMPLETO,MASCULINO,50 a 54 anos,901,890,"0,9878",0,1,2022-07-11 22:32:34
7,SUPERIOR COMPLETO,MASCULINO,55 a 59 anos,764,752,"0,9843",0,2,2022-07-11 22:32:34
7,SUPERIOR COMPLETO,MASCULINO,60 a 64 anos,623,617,"0,9904",0,6,2022-07-11 22:32:34
7,SUPERIOR COMPLETO,MASCULINO,65 a 69 anos,458,457,"0,9978",0,10,2022-07-11 22:32:34
7,SUPERIOR COMPLETO,MASCULINO,70 a 74 anos,345,343,"0,9942",0,13,2022-07-11 22:32:34
7,SUPERIOR COMPLETO,MASCULINO,75 a 79 anos,171,168,"0,9825",0,4,2022-07-11 22:32:34
7,SUPERIOR COMPLETO,MASCULINO,80 a 84 anos,76,75,"0,9868",0,2,2022-07-11 22:32:34
7,SUPERIOR COMPLETO,MASCULINO,85 a 89 anos,39,39,1,0,2,2022-07-11 22:32:34
7,SUPERIOR COMPLETO,MASCULINO,90 a 94 anos,11,11,1,0,1,2022-07-11 22:32:34
7,SUPERIOR COMPLETO,MASCULINO,95 a 99 anos,2,2,1,0,0,2022-07-11 22:32:34
7,SUPERIOR INCOMPLETO,FEMININO,18 anos,16,0,0,0,1,2022-07-11 22:32:34
7,SUPERIOR INCOMPLETO,FEMININO,19 anos,37,3,"0,0811",0,1,2022-07-11 22:32:34
7,SUPERIOR INCOMPLETO,FEMININO,20 anos,65,18,"0,2769",0,1,2022-07-11 22:32:34
7,SUPERIOR INCOMPLETO,FEMININO,21 a 24 anos,399,356,"0,8922",0,0,2022-07-11 22:32:34
7,SUPERIOR INCOMPLETO,FEMININO,25 a 29 anos,1093,1080,"0,9881",0,2,2022-07-11 22:32:34
7,SUPERIOR INCOMPLETO,FEMININO,30 a 34 anos,680,670,"0,9853",0,1,2022-07-11 22:32:34
7,SUPERIOR INCOMPLETO,FEMININO,35 a 39 anos,605,597,"0,9868",1,3,2022-07-11 22:32:34
7,SUPERIOR INCOMPLETO,FEMININO,40 a 44 anos,433,425,"0,9815",0,3,2022-07-11 22:32:34
7,SUPERIOR INCOMPLETO,FEMININO,45 a 49 anos,290,285,"0,9828",0,0,2022-07-11 22:32:34
7,SUPERIOR INCOMPLETO,FEMININO,50 a 54 anos,263,258,"0,981",0,2,2022-07-11 22:32:34
7,SUPERIOR INCOMPLETO,FEMININO,55 a 59 anos,259,255,"0,9846",0,2,2022-07-11 22:32:34
7,SUPERIOR INCOMPLETO,FEMININO,60 a 64 anos,167,166,"0,994",0,3,2022-07-11 22:32:34
7,SUPERIOR INCOMPLETO,FEMININO,65 a 69 anos,127,126,"0,9921",0,6,2022-07-11 22:32:34
7,SUPERIOR INCOMPLETO,FEMININO,70 a 74 anos,82,82,1,0,1,2022-07-11 22:32:34
7,SUPERIOR INCOMPLETO,FEMININO,75 a 79 anos,28,27,"0,9643",0,0,2022-07-11 22:32:34
7,SUPERIOR INCOMPLETO,FEMININO,80 a 84 anos,10,10,1,0,0,2022-07-11 22:32:34
7,SUPERIOR INCOMPLETO,FEMININO,85 a 89 anos,2,2,1,0,0,2022-07-11 22:32:34
7,SUPERIOR INCOMPLETO,FEMININO,95 a 99 anos,1,1,1,0,0,2022-07-11 22:32:34
7,SUPERIOR INCOMPLETO,MASCULINO,17 anos,2,0,0,0,0,2022-07-11 22:32:34
7,SUPERIOR INCOMPLETO,MASCULINO,18 anos,16,1,"0,0625",0,0,2022-07-11 22:32:34
7,SUPERIOR INCOMPLETO,MASCULINO,19 anos,41,0,0,0,0,2022-07-11 22:32:34
7,SUPERIOR INCOMPLETO,MASCULINO,20 anos,38,16,"0,4211",0,0,2022-07-11 22:32:34
7,SUPERIOR INCOMPLETO,MASCULINO,21 a 24 anos,294,259,"0,881",0,0,2022-07-11 22:32:34
7,SUPERIOR INCOMPLETO,MASCULINO,25 a 29 anos,950,932,"0,9811",2,1,2022-07-11 22:32:34
7,SUPERIOR INCOMPLETO,MASCULINO,30 a 34 anos,648,632,"0,9753",0,1,2022-07-11 22:32:34
7,SUPERIOR INCOMPLETO,MASCULINO,35 a 39 anos,492,474,"0,9634",0,2,2022-07-11 22:32:34
7,SUPERIOR INCOMPLETO,MASCULINO,40 a 44 anos,460,442,"0,9609",0,0,2022-07-11 22:32:34
7,SUPERIOR INCOMPLETO,MASCULINO,45 a 49 anos,282,277,"0,9823",0,0,2022-07-11 22:32:34
7,SUPERIOR INCOMPLETO,MASCULINO,50 a 54 anos,179,178,"0,9944",0,0,2022-07-11 22:32:34
7,SUPERIOR INCOMPLETO,MASCULINO,55 a 59 anos,221,214,"0,9683",0,1,2022-07-11 22:32:34
7,SUPERIOR INCOMPLETO,MASCULINO,60 a 64 anos,165,161,"0,9758",0,2,2022-07-11 22:32:34
7,SUPERIOR INCOMPLETO,MASCULINO,65 a 69 anos,119,116,"0,9748",0,6,2022-07-11 22:32:34
7,SUPERIOR INCOMPLETO,MASCULINO,70 a 74 anos,87,86,"0,9885",0,2,2022-07-11 22:32:34
7,SUPERIOR INCOMPLETO,MASCULINO,75 a 79 anos,29,28,"0,9655",0,1,2022-07-11 22:32:34
7,SUPERIOR INCOMPLETO,MASCULINO,80 a 84 anos,12,12,1,0,0,2022-07-11 22:32:34
7,SUPERIOR INCOMPLETO,MASCULINO,85 a 89 anos,7,7,1,0,0,2022-07-11 22:32:34
7,SUPERIOR INCOMPLETO,MASCULINO,90 a 94 anos,2,2,1,0,0,2022-07-11 22:32:34
8,ANALFABETO,FEMININO,100 anos ou mais,1,1,1,0,0,2022-07-11 22:32:34
8,ANALFABETO,FEMININO,19 anos,1,0,0,0,0,2022-07-11 22:32:34
8,ANALFABETO,FEMININO,20 anos,1,0,0,0,1,2022-07-11 22:32:34
8,ANALFABETO,FEMININO,21 a 24 anos,6,6,1,0,3,2022-07-11 22:32:34
8,ANALFABETO,FEMININO,25 a 29 anos,7,4,"0,5714",0,3,2022-07-11 22:32:34
8,ANALFABETO,FEMININO,30 a 34 anos,9,9,1,0,5,2022-07-11 22:32:34
8,ANALFABETO,FEMININO,35 a 39 anos,22,21,"0,9545",0,4,2022-07-11 22:32:34
8,ANALFABETO,FEMININO,40 a 44 anos,29,28,"0,9655",0,1,2022-07-11 22:32:34
8,ANALFABETO,FEMININO,45 a 49 anos,32,29,"0,9063",0,1,2022-07-11 22:32:34
8,ANALFABETO,FEMININO,50 a 54 anos,47,43,"0,9149",0,2,2022-07-11 22:32:34
8,ANALFABETO,FEMININO,55 a 59 anos,49,45,"0,9184",0,2,2022-07-11 22:32:34
8,ANALFABETO,FEMININO,60 a 64 anos,96,91,"0,9479",0,3,2022-07-11 22:32:34
8,ANALFABETO,FEMININO,65 a 69 anos,99,95,"0,9596",0,10,2022-07-11 22:32:34
8,ANALFABETO,FEMININO,70 a 74 anos,100,99,"0,99",0,4,2022-07-11 22:32:34
8,ANALFABETO,FEMININO,75 a 79 anos,56,55,"0,9821",0,4,2022-07-11 22:32:34
8,ANALFABETO,FEMININO,80 a 84 anos,34,34,1,0,0,2022-07-11 22:32:34
8,ANALFABETO,FEMININO,85 a 89 anos,15,15,1,0,1,2022-07-11 22:32:34
8,ANALFABETO,FEMININO,90 a 94 anos,5,4,"0,8",0,0,2022-07-11 22:32:34
8,ANALFABETO,FEMININO,95 a 99 anos,2,1,"0,5",0,0,2022-07-11 22:32:34
8,ANALFABETO,MASCULINO,17 anos,1,0,0,0,1,2022-07-11 22:32:34
8,ANALFABETO,MASCULINO,19 anos,1,0,0,0,1,2022-07-11 22:32:34
8,ANALFABETO,MASCULINO,21 a 24 anos,10,9,"0,9",0,3,2022-07-11 22:32:34
8,ANALFABETO,MASCULINO,25 a 29 anos,10,10,1,0,3,2022-07-11 22:32:34
8,ANALFABETO,MASCULINO,30 a 34 anos,18,17,"0,9444",0,5,2022-07-11 22:32:34
8,ANALFABETO,MASCULINO,35 a 39 anos,21,16,"0,7619",0,8,2022-07-11 22:32:34
8,ANALFABETO,MASCULINO,40 a 44 anos,34,32,"0,9412",0,4,2022-07-11 22:32:34
8,ANALFABETO,MASCULINO,45 a 49 anos,39,37,"0,9487",0,6,2022-07-11 22:32:34
8,ANALFABETO,MASCULINO,50 a 54 anos,40,37,"0,925",0,0,2022-07-11 22:32:34
8,ANALFABETO,MASCULINO,55 a 59 anos,57,52,"0,9123",0,4,2022-07-11 22:32:34
8,ANALFABETO,MASCULINO,60 a 64 anos,38,37,"0,9737",0,3,2022-07-11 22:32:34
8,ANALFABETO,MASCULINO,65 a 69 anos,42,38,"0,9048",0,3,2022-07-11 22:32:34
8,ANALFABETO,MASCULINO,70 a 74 anos,24,22,"0,9167",0,2,2022-07-11 22:32:34
8,ANALFABETO,MASCULINO,75 a 79 anos,17,16,"0,9412",0,0,2022-07-11 22:32:34
8,ANALFABETO,MASCULINO,80 a 84 anos,13,13,1,0,2,2022-07-11 22:32:34
8,ANALFABETO,MASCULINO,85 a 89 anos,3,3,1,0,1,2022-07-11 22:32:34
8,ENSINO FUNDAMENTAL COMPLETO,FEMININO,16 anos,25,0,0,0,0,2022-07-11 22:32:34
8,ENSINO FUNDAMENTAL COMPLETO,FEMININO,17 anos,29,0,0,0,0,2022-07-11 22:32:34
8,ENSINO FUNDAMENTAL COMPLETO,FEMININO,18 anos,29,0,0,0,1,2022-07-11 22:32:34
8,ENSINO FUNDAMENTAL COMPLETO,FEMININO,19 anos,32,7,"0,2188",1,0,2022-07-11 22:32:34
8,ENSINO FUNDAMENTAL COMPLETO,FEMININO,20 anos,20,5,"0,25",0,0,2022-07-11 22:32:34
8,ENSINO FUNDAMENTAL COMPLETO,FEMININO,21 a 24 anos,117,103,"0,8803",0,0,2022-07-11 22:32:34
8,ENSINO FUNDAMENTAL COMPLETO,FEMININO,25 a 29 anos,177,173,"0,9774",1,1,2022-07-11 22:32:34
8,ENSINO FUNDAMENTAL COMPLETO,FEMININO,30 a 34 anos,198,195,"0,9848",0,0,2022-07-11 22:32:34
8,ENSINO FUNDAMENTAL COMPLETO,FEMININO,35 a 39 anos,231,229,"0,9913",0,0,2022-07-11 22:32:34
8,ENSINO FUNDAMENTAL COMPLETO,FEMININO,40 a 44 anos,293,288,"0,9829",0,0,2022-07-11 22:32:34
8,ENSINO FUNDAMENTAL COMPLETO,FEMININO,45 a 49 anos,330,326,"0,9879",0,1,2022-07-11 22:32:34
8,ENSINO FUNDAMENTAL COMPLETO,FEMININO,50 a 54 anos,332,328,"0,988",0,2,2022-07-11 22:32:34
8,ENSINO FUNDAMENTAL COMPLETO,FEMININO,55 a 59 anos,330,324,"0,9818",0,3,2022-07-11 22:32:34
8,ENSINO FUNDAMENTAL COMPLETO,FEMININO,60 a 64 anos,292,287,"0,9829",0,10,2022-07-11 22:32:34
8,ENSINO FUNDAMENTAL COMPLETO,FEMININO,65 a 69 anos,251,251,1,0,10,2022-07-11 22:32:34
8,ENSINO FUNDAMENTAL COMPLETO,FEMININO,70 a 74 anos,155,155,1,0,5,2022-07-11 22:32:34
8,ENSINO FUNDAMENTAL COMPLETO,FEMININO,75 a 79 anos,51,51,1,0,3,2022-07-11 22:32:34
8,ENSINO FUNDAMENTAL COMPLETO,FEMININO,80 a 84 anos,21,21,1,0,0,2022-07-11 22:32:34
8,ENSINO FUNDAMENTAL COMPLETO,FEMININO,85 a 89 anos,7,7,1,0,1,2022-07-11 22:32:34
8,ENSINO FUNDAMENTAL COMPLETO,FEMININO,90 a 94 anos,3,3,1,0,0,2022-07-11 22:32:34
8,ENSINO FUNDAMENTAL COMPLETO,FEMININO,Inválido,1,1,1,0,0,2022-07-11 22:32:34
8,ENSINO FUNDAMENTAL COMPLETO,MASCULINO,16 anos,14,0,0,0,0,2022-07-11 22:32:34
8,ENSINO FUNDAMENTAL COMPLETO,MASCULINO,17 anos,20,0,0,0,0,2022-07-11 22:32:34
8,ENSINO FUNDAMENTAL COMPLETO,MASCULINO,18 anos,28,0,0,0,0,2022-07-11 22:32:34
8,ENSINO FUNDAMENTAL COMPLETO,MASCULINO,19 anos,19,2,"0,1053",0,0,2022-07-11 22:32:34
8,ENSINO FUNDAMENTAL COMPLETO,MASCULINO,20 anos,28,17,"0,6071",0,1,2022-07-11 22:32:34
8,ENSINO FUNDAMENTAL COMPLETO,MASCULINO,21 a 24 anos,157,142,"0,9045",1,1,2022-07-11 22:32:34
8,ENSINO FUNDAMENTAL COMPLETO,MASCULINO,25 a 29 anos,214,209,"0,9766",0,4,2022-07-11 22:32:34
8,ENSINO FUNDAMENTAL COMPLETO,MASCULINO,30 a 34 anos,240,228,"0,95",0,2,2022-07-11 22:32:34
8,ENSINO FUNDAMENTAL COMPLETO,MASCULINO,35 a 39 anos,260,256,"0,9846",0,3,2022-07-11 22:32:34
8,ENSINO FUNDAMENTAL COMPLETO,MASCULINO,40 a 44 anos,344,340,"0,9884",0,1,2022-07-11 22:32:34
8,ENSINO FUNDAMENTAL COMPLETO,MASCULINO,45 a 49 anos,355,347,"0,9775",0,1,2022-07-11 22:32:34
8,ENSINO FUNDAMENTAL COMPLETO,MASCULINO,50 a 54 anos,389,376,"0,9666",0,1,2022-07-11 22:32:34
8,ENSINO FUNDAMENTAL COMPLETO,MASCULINO,55 a 59 anos,363,351,"0,9669",0,1,2022-07-11 22:32:34
8,ENSINO FUNDAMENTAL COMPLETO,MASCULINO,60 a 64 anos,312,308,"0,9872",0,4,2022-07-11 22:32:34
8,ENSINO FUNDAMENTAL COMPLETO,MASCULINO,65 a 69 anos,267,264,"0,9888",0,15,2022-07-11 22:32:34
8,ENSINO FUNDAMENTAL COMPLETO,MASCULINO,70 a 74 anos,154,153,"0,9935",0,5,2022-07-11 22:32:34
8,ENSINO FUNDAMENTAL COMPLETO,MASCULINO,75 a 79 anos,52,51,"0,9808",0,1,2022-07-11 22:32:34
8,ENSINO FUNDAMENTAL COMPLETO,MASCULINO,80 a 84 anos,27,27,1,0,1,2022-07-11 22:32:34
8,ENSINO FUNDAMENTAL COMPLETO,MASCULINO,85 a 89 anos,14,14,1,0,0,2022-07-11 22:32:34
8,ENSINO FUNDAMENTAL COMPLETO,MASCULINO,90 a 94 anos,2,2,1,0,0,2022-07-11 22:32:34
8,ENSINO FUNDAMENTAL INCOMPLETO,FEMININO,100 anos ou mais,1,1,1,0,0,2022-07-11 22:32:34
8,ENSINO FUNDAMENTAL INCOMPLETO,FEMININO,16 anos,33,0,0,1,1,2022-07-11 22:32:34
8,ENSINO FUNDAMENTAL INCOMPLETO,FEMININO,17 anos,39,0,0,0,0,2022-07-11 22:32:34
8,ENSINO FUNDAMENTAL INCOMPLETO,FEMININO,18 anos,36,1,"0,0278",0,0,2022-07-11 22:32:34
8,ENSINO FUNDAMENTAL INCOMPLETO,FEMININO,19 anos,50,12,"0,24",0,1,2022-07-11 22:32:34
8,ENSINO FUNDAMENTAL INCOMPLETO,FEMININO,20 anos,97,50,"0,5155",0,0,2022-07-11 22:32:34
8,ENSINO FUNDAMENTAL INCOMPLETO,FEMININO,21 a 24 anos,764,705,"0,9228",0,3,2022-07-11 22:32:34
8,ENSINO FUNDAMENTAL INCOMPLETO,FEMININO,25 a 29 anos,859,831,"0,9674",0,6,2022-07-11 22:32:34
8,ENSINO FUNDAMENTAL INCOMPLETO,FEMININO,30 a 34 anos,804,783,"0,9739",0,6,2022-07-11 22:32:34
8,ENSINO FUNDAMENTAL INCOMPLETO,FEMININO,35 a 39 anos,984,973,"0,9888",0,9,2022-07-11 22:32:34
8,ENSINO FUNDAMENTAL INCOMPLETO,FEMININO,40 a 44 anos,1430,1412,"0,9874",0,14,2022-07-11 22:32:34
8,ENSINO FUNDAMENTAL INCOMPLETO,FEMININO,45 a 49 anos,1515,1490,"0,9835",0,10,2022-07-11 22:32:34
8,ENSINO FUNDAMENTAL INCOMPLETO,FEMININO,50 a 54 anos,1558,1540,"0,9884",0,17,2022-07-11 22:32:34
8,ENSINO FUNDAMENTAL INCOMPLETO,FEMININO,55 a 59 anos,1389,1369,"0,9856",0,12,2022-07-11 22:32:34
8,ENSINO FUNDAMENTAL INCOMPLETO,FEMININO,60 a 64 anos,1198,1190,"0,9933",0,15,2022-07-11 22:32:34
8,ENSINO FUNDAMENTAL INCOMPLETO,FEMININO,65 a 69 anos,903,899,"0,9956",0,28,2022-07-11 22:32:34
8,ENSINO FUNDAMENTAL INCOMPLETO,FEMININO,70 a 74 anos,623,621,"0,9968",0,28,2022-07-11 22:32:34
8,ENSINO FUNDAMENTAL INCOMPLETO,FEMININO,75 a 79 anos,290,289,"0,9966",0,13,2022-07-11 22:32:34
8,ENSINO FUNDAMENTAL INCOMPLETO,FEMININO,80 a 84 anos,102,102,1,0,6,2022-07-11 22:32:34
8,ENSINO FUNDAMENTAL INCOMPLETO,FEMININO,85 a 89 anos,29,29,1,0,1,2022-07-11 22:32:34
8,ENSINO FUNDAMENTAL INCOMPLETO,FEMININO,90 a 94 anos,11,11,1,0,0,2022-07-11 22:32:34
8,ENSINO FUNDAMENTAL INCOMPLETO,MASCULINO,16 anos,33,0,0,0,2,2022-07-11 22:32:34
8,ENSINO FUNDAMENTAL INCOMPLETO,MASCULINO,17 anos,37,0,0,0,4,2022-07-11 22:32:34
8,ENSINO FUNDAMENTAL INCOMPLETO,MASCULINO,18 anos,54,0,0,0,2,2022-07-11 22:32:34
8,ENSINO FUNDAMENTAL INCOMPLETO,MASCULINO,19 anos,90,29,"0,3222",0,2,2022-07-11 22:32:34
8,ENSINO FUNDAMENTAL INCOMPLETO,MASCULINO,20 anos,139,74,"0,5324",2,2,2022-07-11 22:32:34
8,ENSINO FUNDAMENTAL INCOMPLETO,MASCULINO,21 a 24 anos,1013,929,"0,9171",2,7,2022-07-11 22:32:34
8,ENSINO FUNDAMENTAL INCOMPLETO,MASCULINO,25 a 29 anos,1173,1116,"0,9514",0,6,2022-07-11 22:32:34
8,ENSINO FUNDAMENTAL INCOMPLETO,MASCULINO,30 a 34 anos,1045,1015,"0,9713",0,13,2022-07-11 22:32:34
8,ENSINO FUNDAMENTAL INCOMPLETO,MASCULINO,35 a 39 anos,1079,1039,"0,9629",0,10,2022-07-11 22:32:34
8,ENSINO FUNDAMENTAL INCOMPLETO,MASCULINO,40 a 44 anos,1445,1386,"0,9592",1,11,2022-07-11 22:32:34
8,ENSINO FUNDAMENTAL INCOMPLETO,MASCULINO,45 a 49 anos,1392,1340,"0,9626",1,12,2022-07-11 22:32:34
8,ENSINO FUNDAMENTAL INCOMPLETO,MASCULINO,50 a 54 anos,1389,1354,"0,9748",0,12,2022-07-11 22:32:34
8,ENSINO FUNDAMENTAL INCOMPLETO,MASCULINO,55 a 59 anos,1159,1132,"0,9767",0,12,2022-07-11 22:32:34
8,ENSINO FUNDAMENTAL INCOMPLETO,MASCULINO,60 a 64 anos,914,889,"0,9726",0,14,2022-07-11 22:32:34
8,ENSINO FUNDAMENTAL INCOMPLETO,MASCULINO,65 a 69 anos,729,712,"0,9767",0,24,2022-07-11 22:32:34
8,ENSINO FUNDAMENTAL INCOMPLETO,MASCULINO,70 a 74 anos,444,442,"0,9955",0,20,2022-07-11 22:32:34
8,ENSINO FUNDAMENTAL INCOMPLETO,MASCULINO,75 a 79 anos,183,181,"0,9891",0,5,2022-07-11 22:32:34
8,ENSINO FUNDAMENTAL INCOMPLETO,MASCULINO,80 a 84 anos,73,72,"0,9863",0,3,2022-07-11 22:32:34
8,ENSINO FUNDAMENTAL INCOMPLETO,MASCULINO,85 a 89 anos,20,20,1,0,0,2022-07-11 22:32:34
8,ENSINO FUNDAMENTAL INCOMPLETO,MASCULINO,90 a 94 anos,8,8,1,0,0,2022-07-11 22:32:34
8,ENSINO FUNDAMENTAL INCOMPLETO,MASCULINO,95 a 99 anos,2,1,"0,5",0,1,2022-07-11 22:32:34
8,ENSINO MÉDIO COMPLETO,FEMININO,16 anos,4,0,0,0,0,2022-07-11 22:32:34
8,ENSINO MÉDIO COMPLETO,FEMININO,17 anos,33,0,0,0,0,2022-07-11 22:32:34
8,ENSINO MÉDIO COMPLETO,FEMININO,18 anos,242,1,"0,0041",1,0,2022-07-11 22:32:34
8,ENSINO MÉDIO COMPLETO,FEMININO,19 anos,282,7,"0,0248",1,1,2022-07-11 22:32:34
8,ENSINO MÉDIO COMPLETO,FEMININO,20 anos,344,93,"0,2703",1,2,2022-07-11 22:32:34
8,ENSINO MÉDIO COMPLETO,FEMININO,21 a 24 anos,1481,1299,"0,8771",3,0,2022-07-11 22:32:34
8,ENSINO MÉDIO COMPLETO,FEMININO,25 a 29 anos,2892,2854,"0,9869",1,4,2022-07-11 22:32:34
8,ENSINO MÉDIO COMPLETO,FEMININO,30 a 34 anos,2758,2720,"0,9862",0,14,2022-07-11 22:32:34
8,ENSINO MÉDIO COMPLETO,FEMININO,35 a 39 anos,3321,3276,"0,9864",1,8,2022-07-11 22:32:34
8,ENSINO MÉDIO COMPLETO,FEMININO,40 a 44 anos,3418,3381,"0,9892",0,11,2022-07-11 22:32:34
8,ENSINO MÉDIO COMPLETO,FEMININO,45 a 49 anos,2659,2635,"0,991",1,12,2022-07-11 22:32:34
8,ENSINO MÉDIO COMPLETO,FEMININO,50 a 54 anos,2007,1993,"0,993",0,11,2022-07-11 22:32:34
8,ENSINO MÉDIO COMPLETO,FEMININO,55 a 59 anos,1471,1460,"0,9925",0,8,2022-07-11 22:32:34
8,ENSINO MÉDIO COMPLETO,FEMININO,60 a 64 anos,989,982,"0,9929",0,7,2022-07-11 22:32:34
8,ENSINO MÉDIO COMPLETO,FEMININO,65 a 69 anos,677,674,"0,9956",1,20,2022-07-11 22:32:34
8,ENSINO MÉDIO COMPLETO,FEMININO,70 a 74 anos,418,417,"0,9976",0,17,2022-07-11 22:32:34
8,ENSINO MÉDIO COMPLETO,FEMININO,75 a 79 anos,152,152,1,0,12,2022-07-11 22:32:34
8,ENSINO MÉDIO COMPLETO,FEMININO,80 a 84 anos,44,44,1,0,2,2022-07-11 22:32:34
8,ENSINO MÉDIO COMPLETO,FEMININO,85 a 89 anos,8,8,1,0,0,2022-07-11 22:32:34
8,ENSINO MÉDIO COMPLETO,FEMININO,90 a 94 anos,1,1,1,0,0,2022-07-11 22:32:34
8,ENSINO MÉDIO COMPLETO,MASCULINO,16 anos,4,0,0,0,0,2022-07-11 22:32:34
8,ENSINO MÉDIO COMPLETO,MASCULINO,17 anos,22,0,0,1,0,2022-07-11 22:32:34
8,ENSINO MÉDIO COMPLETO,MASCULINO,18 anos,133,1,"0,0075",0,0,2022-07-11 22:32:34
8,ENSINO MÉDIO COMPLETO,MASCULINO,19 anos,207,5,"0,0242",4,1,2022-07-11 22:32:34
8,ENSINO MÉDIO COMPLETO,MASCULINO,20 anos,197,40,"0,203",1,4,2022-07-11 22:32:34
8,ENSINO MÉDIO COMPLETO,MASCULINO,21 a 24 anos,1064,911,"0,8562",0,4,2022-07-11 22:32:34
8,ENSINO MÉDIO COMPLETO,MASCULINO,25 a 29 anos,2190,2144,"0,979",1,7,2022-07-11 22:32:34
8,ENSINO MÉDIO COMPLETO,MASCULINO,30 a 34 anos,2115,2072,"0,9797",0,12,2022-07-11 22:32:34
8,ENSINO MÉDIO COMPLETO,MASCULINO,35 a 39 anos,2620,2571,"0,9813",0,7,2022-07-11 22:32:34
8,ENSINO MÉDIO COMPLETO,MASCULINO,40 a 44 anos,2707,2667,"0,9852",0,11,2022-07-11 22:32:34
8,ENSINO MÉDIO COMPLETO,MASCULINO,45 a 49 anos,1906,1874,"0,9832",0,9,2022-07-11 22:32:34
8,ENSINO MÉDIO COMPLETO,MASCULINO,50 a 54 anos,1492,1474,"0,9879",0,6,2022-07-11 22:32:34
8,ENSINO MÉDIO COMPLETO,MASCULINO,55 a 59 anos,1072,1054,"0,9832",1,10,2022-07-11 22:32:34
8,ENSINO MÉDIO COMPLETO,MASCULINO,60 a 64 anos,797,789,"0,99",0,10,2022-07-11 22:32:34
8,ENSINO MÉDIO COMPLETO,MASCULINO,65 a 69 anos,497,494,"0,994",0,18,2022-07-11 22:32:34
8,ENSINO MÉDIO COMPLETO,MASCULINO,70 a 74 anos,268,267,"0,9963",0,16,2022-07-11 22:32:34
8,ENSINO MÉDIO COMPLETO,MASCULINO,75 a 79 anos,109,107,"0,9817",0,2,2022-07-11 22:32:34
8,ENSINO MÉDIO COMPLETO,MASCULINO,80 a 84 anos,35,35,1,0,2,2022-07-11 22:32:34
8,ENSINO MÉDIO COMPLETO,MASCULINO,85 a 89 anos,7,6,"0,8571",0,0,2022-07-11 22:32:34
8,ENSINO MÉDIO COMPLETO,MASCULINO,90 a 94 anos,3,3,1,0,0,2022-07-11 22:32:34
8,ENSINO MÉDIO INCOMPLETO,FEMININO,16 anos,206,0,0,1,0,2022-07-11 22:32:34
8,ENSINO MÉDIO INCOMPLETO,FEMININO,17 anos,351,0,0,2,0,2022-07-11 22:32:34
8,ENSINO MÉDIO INCOMPLETO,FEMININO,18 anos,367,16,"0,0436",0,4,2022-07-11 22:32:34
8,ENSINO MÉDIO INCOMPLETO,FEMININO,19 anos,405,100,"0,2469",2,4,2022-07-11 22:32:34
8,ENSINO MÉDIO INCOMPLETO,FEMININO,20 anos,421,211,"0,5012",0,0,2022-07-11 22:32:34
8,ENSINO MÉDIO INCOMPLETO,FEMININO,21 a 24 anos,2185,2032,"0,93",0,5,2022-07-11 22:32:34
8,ENSINO MÉDIO INCOMPLETO,FEMININO,25 a 29 anos,1217,1195,"0,9819",0,5,2022-07-11 22:32:34
8,ENSINO MÉDIO INCOMPLETO,FEMININO,30 a 34 anos,768,756,"0,9844",0,1,2022-07-11 22:32:34
8,ENSINO MÉDIO INCOMPLETO,FEMININO,35 a 39 anos,880,863,"0,9807",1,2,2022-07-11 22:32:34
8,ENSINO MÉDIO INCOMPLETO,FEMININO,40 a 44 anos,843,834,"0,9893",0,3,2022-07-11 22:32:34
8,ENSINO MÉDIO INCOMPLETO,FEMININO,45 a 49 anos,657,652,"0,9924",0,1,2022-07-11 22:32:34
8,ENSINO MÉDIO INCOMPLETO,FEMININO,50 a 54 anos,524,515,"0,9828",0,0,2022-07-11 22:32:34
8,ENSINO MÉDIO INCOMPLETO,FEMININO,55 a 59 anos,410,406,"0,9902",0,4,2022-07-11 22:32:34
8,ENSINO MÉDIO INCOMPLETO,FEMININO,60 a 64 anos,253,251,"0,9921",0,2,2022-07-11 22:32:34
8,ENSINO MÉDIO INCOMPLETO,FEMININO,65 a 69 anos,185,184,"0,9946",0,9,2022-07-11 22:32:34
8,ENSINO MÉDIO INCOMPLETO,FEMININO,70 a 74 anos,97,97,1,0,1,2022-07-11 22:32:34
8,ENSINO MÉDIO INCOMPLETO,FEMININO,75 a 79 anos,27,26,"0,963",0,0,2022-07-11 22:32:34
8,ENSINO MÉDIO INCOMPLETO,FEMININO,80 a 84 anos,9,9,1,0,3,2022-07-11 22:32:34
8,ENSINO MÉDIO INCOMPLETO,FEMININO,85 a 89 anos,2,2,1,0,0,2022-07-11 22:32:34
8,ENSINO MÉDIO INCOMPLETO,MASCULINO,16 anos,148,0,0,1,3,2022-07-11 22:32:34
8,ENSINO MÉDIO INCOMPLETO,MASCULINO,17 anos,261,0,0,1,2,2022-07-11 22:32:34
8,ENSINO MÉDIO INCOMPLETO,MASCULINO,18 anos,345,4,"0,0116",0,5,2022-07-11 22:32:34
8,ENSINO MÉDIO INCOMPLETO,MASCULINO,19 anos,328,47,"0,1433",2,3,2022-07-11 22:32:34
8,ENSINO MÉDIO INCOMPLETO,MASCULINO,20 anos,371,175,"0,4717",0,2,2022-07-11 22:32:34
8,ENSINO MÉDIO INCOMPLETO,MASCULINO,21 a 24 anos,2091,1932,"0,924",1,6,2022-07-11 22:32:34
8,ENSINO MÉDIO INCOMPLETO,MASCULINO,25 a 29 anos,1386,1358,"0,9798",1,5,2022-07-11 22:32:34
8,ENSINO MÉDIO INCOMPLETO,MASCULINO,30 a 34 anos,851,832,"0,9777",0,2,2022-07-11 22:32:34
8,ENSINO MÉDIO INCOMPLETO,MASCULINO,35 a 39 anos,848,820,"0,967",0,4,2022-07-11 22:32:34
8,ENSINO MÉDIO INCOMPLETO,MASCULINO,40 a 44 anos,750,732,"0,976",0,3,2022-07-11 22:32:34
8,ENSINO MÉDIO INCOMPLETO,MASCULINO,45 a 49 anos,576,564,"0,9792",0,5,2022-07-11 22:32:34
8,ENSINO MÉDIO INCOMPLETO,MASCULINO,50 a 54 anos,459,441,"0,9608",0,3,2022-07-11 22:32:34
8,ENSINO MÉDIO INCOMPLETO,MASCULINO,55 a 59 anos,328,322,"0,9817",0,4,2022-07-11 22:32:34
8,ENSINO MÉDIO INCOMPLETO,MASCULINO,60 a 64 anos,239,239,1,0,1,2022-07-11 22:32:34
8,ENSINO MÉDIO INCOMPLETO,MASCULINO,65 a 69 anos,128,125,"0,9766",0,4,2022-07-11 22:32:34
8,ENSINO MÉDIO INCOMPLETO,MASCULINO,70 a 74 anos,85,85,1,0,2,2022-07-11 22:32:34
8,ENSINO MÉDIO INCOMPLETO,MASCULINO,75 a 79 anos,22,22,1,0,1,2022-07-11 22:32:34
8,ENSINO MÉDIO INCOMPLETO,MASCULINO,80 a 84 anos,13,13,1,0,0,2022-07-11 22:32:34
8,ENSINO MÉDIO INCOMPLETO,MASCULINO,85 a 89 anos,2,2,1,0,0,2022-07-11 22:32:34
8,ENSINO MÉDIO INCOMPLETO,MASCULINO,90 a 94 anos,1,1,1,0,0,2022-07-11 22:32:34
8,LÊ E ESCREVE,FEMININO,100 anos ou mais,3,3,1,0,0,2022-07-11 22:32:34
8,LÊ E ESCREVE,FEMININO,16 anos,3,0,0,0,0,2022-07-11 22:32:34
8,LÊ E ESCREVE,FEMININO,17 anos,4,0,0,0,0,2022-07-11 22:32:34
8,LÊ E ESCREVE,FEMININO,18 anos,4,0,0,0,0,2022-07-11 22:32:34
8,LÊ E ESCREVE,FEMININO,19 anos,3,0,0,0,0,2022-07-11 22:32:34
8,LÊ E ESCREVE,FEMININO,20 anos,3,0,0,0,0,2022-07-11 22:32:34
8,LÊ E ESCREVE,FEMININO,21 a 24 anos,13,9,"0,6923",0,1,2022-07-11 22:32:34
8,LÊ E ESCREVE,FEMININO,25 a 29 anos,28,24,"0,8571",0,0,2022-07-11 22:32:34
8,LÊ E ESCREVE,FEMININO,30 a 34 anos,29,27,"0,931",0,1,2022-07-11 22:32:34
8,LÊ E ESCREVE,FEMININO,35 a 39 anos,47,46,"0,9787",0,3,2022-07-11 22:32:34
8,LÊ E ESCREVE,FEMININO,40 a 44 anos,112,108,"0,9643",0,3,2022-07-11 22:32:34
8,LÊ E ESCREVE,FEMININO,45 a 49 anos,181,177,"0,9779",0,5,2022-07-11 22:32:34
8,LÊ E ESCREVE,FEMININO,50 a 54 anos,204,198,"0,9706",0,4,2022-07-11 22:32:34
8,LÊ E ESCREVE,FEMININO,55 a 59 anos,295,289,"0,9797",0,2,2022-07-11 22:32:34
8,LÊ E ESCREVE,FEMININO,60 a 64 anos,405,403,"0,9951",0,7,2022-07-11 22:32:34
8,LÊ E ESCREVE,FEMININO,65 a 69 anos,446,443,"0,9933",0,26,2022-07-11 22:32:34
8,LÊ E ESCREVE,FEMININO,70 a 74 anos,346,346,1,0,21,2022-07-11 22:32:34
8,LÊ E ESCREVE,FEMININO,75 a 79 anos,180,177,"0,9833",0,9,2022-07-11 22:32:34
8,LÊ E ESCREVE,FEMININO,80 a 84 anos,85,84,"0,9882",0,2,2022-07-11 22:32:34
8,LÊ E ESCREVE,FEMININO,85 a 89 anos,23,23,1,0,3,2022-07-11 22:32:34
8,LÊ E ESCREVE,FEMININO,90 a 94 anos,10,9,"0,9",0,1,2022-07-11 22:32:34
8,LÊ E ESCREVE,FEMININO,95 a 99 anos,2,2,1,0,0,2022-07-11 22:32:34
8,LÊ E ESCREVE,MASCULINO,17 anos,1,0,0,0,0,2022-07-11 22:32:34
8,LÊ E ESCREVE,MASCULINO,18 anos,1,0,0,0,0,2022-07-11 22:32:34
8,LÊ E ESCREVE,MASCULINO,19 anos,1,0,0,0,0,2022-07-11 22:32:34
8,LÊ E ESCREVE,MASCULINO,20 anos,6,2,"0,3333",0,0,2022-07-11 22:32:34
8,LÊ E ESCREVE,MASCULINO,21 a 24 anos,26,16,"0,6154",0,1,2022-07-11 22:32:34
8,LÊ E ESCREVE,MASCULINO,25 a 29 anos,38,37,"0,9737",0,2,2022-07-11 22:32:34
8,LÊ E ESCREVE,MASCULINO,30 a 34 anos,42,39,"0,9286",0,2,2022-07-11 22:32:34
8,LÊ E ESCREVE,MASCULINO,35 a 39 anos,76,71,"0,9342",0,3,2022-07-11 22:32:34
8,LÊ E ESCREVE,MASCULINO,40 a 44 anos,115,105,"0,913",0,4,2022-07-11 22:32:34
8,LÊ E ESCREVE,MASCULINO,45 a 49 anos,194,184,"0,9485",0,2,2022-07-11 22:32:34
8,LÊ E ESCREVE,MASCULINO,50 a 54 anos,221,211,"0,9548",0,3,2022-07-11 22:32:34
8,LÊ E ESCREVE,MASCULINO,55 a 59 anos,286,275,"0,9615",0,4,2022-07-11 22:32:34
8,LÊ E ESCREVE,MASCULINO,60 a 64 anos,272,263,"0,9669",0,9,2022-07-11 22:32:34
8,LÊ E ESCREVE,MASCULINO,65 a 69 anos,303,296,"0,9769",0,11,2022-07-11 22:32:34
8,LÊ E ESCREVE,MASCULINO,70 a 74 anos,259,258,"0,9961",0,15,2022-07-11 22:32:34
8,LÊ E ESCREVE,MASCULINO,75 a 79 anos,121,118,"0,9752",0,7,2022-07-11 22:32:34
8,LÊ E ESCREVE,MASCULINO,80 a 84 anos,59,59,1,0,4,2022-07-11 22:32:34
8,LÊ E ESCREVE,MASCULINO,85 a 89 anos,19,19,1,0,1,2022-07-11 22:32:34
8,LÊ E ESCREVE,MASCULINO,90 a 94 anos,6,6,1,0,1,2022-07-11 22:32:34
8,SUPERIOR COMPLETO,FEMININO,19 anos,1,0,0,0,0,2022-07-11 22:32:34
8,SUPERIOR COMPLETO,FEMININO,20 anos,3,1,"0,3333",0,0,2022-07-11 22:32:34
8,SUPERIOR COMPLETO,FEMININO,21 a 24 anos,10,10,1,0,0,2022-07-11 22:32:34
8,SUPERIOR COMPLETO,FEMININO,25 a 29 anos,229,226,"0,9869",0,0,2022-07-11 22:32:34
8,SUPERIOR COMPLETO,FEMININO,30 a 34 anos,590,587,"0,9949",0,0,2022-07-11 22:32:34
8,SUPERIOR COMPLETO,FEMININO,35 a 39 anos,909,900,"0,9901",1,0,2022-07-11 22:32:34
8,SUPERIOR COMPLETO,FEMININO,40 a 44 anos,774,769,"0,9935",0,0,2022-07-11 22:32:34
8,SUPERIOR COMPLETO,FEMININO,45 a 49 anos,495,493,"0,996",0,0,2022-07-11 22:32:34
8,SUPERIOR COMPLETO,FEMININO,50 a 54 anos,328,326,"0,9939",0,2,2022-07-11 22:32:34
8,SUPERIOR COMPLETO,FEMININO,55 a 59 anos,171,170,"0,9942",0,0,2022-07-11 22:32:34
8,SUPERIOR COMPLETO,FEMININO,60 a 64 anos,116,116,1,0,2,2022-07-11 22:32:34
8,SUPERIOR COMPLETO,FEMININO,65 a 69 anos,64,62,"0,9688",0,2,2022-07-11 22:32:34
8,SUPERIOR COMPLETO,FEMININO,70 a 74 anos,50,50,1,0,3,2022-07-11 22:32:34
8,SUPERIOR COMPLETO,FEMININO,75 a 79 anos,15,15,1,0,1,2022-07-11 22:32:34
8,SUPERIOR COMPLETO,FEMININO,80 a 84 anos,7,7,1,0,0,2022-07-11 22:32:34
8,SUPERIOR COMPLETO,MASCULINO,19 anos,2,0,0,0,0,2022-07-11 22:32:34
8,SUPERIOR COMPLETO,MASCULINO,21 a 24 anos,3,2,"0,6667",0,0,2022-07-11 22:32:34
8,SUPERIOR COMPLETO,MASCULINO,25 a 29 anos,120,116,"0,9667",0,1,2022-07-11 22:32:34
8,SUPERIOR COMPLETO,MASCULINO,30 a 34 anos,267,264,"0,9888",0,0,2022-07-11 22:32:34
8,SUPERIOR COMPLETO,MASCULINO,35 a 39 anos,428,424,"0,9907",0,0,2022-07-11 22:32:34
8,SUPERIOR COMPLETO,MASCULINO,40 a 44 anos,411,407,"0,9903",1,0,2022-07-11 22:32:34
8,SUPERIOR COMPLETO,MASCULINO,45 a 49 anos,233,230,"0,9871",0,0,2022-07-11 22:32:34
8,SUPERIOR COMPLETO,MASCULINO,50 a 54 anos,199,195,"0,9799",1,2,2022-07-11 22:32:34
8,SUPERIOR COMPLETO,MASCULINO,55 a 59 anos,73,73,1,0,0,2022-07-11 22:32:34
8,SUPERIOR COMPLETO,MASCULINO,60 a 64 anos,57,57,1,0,1,2022-07-11 22:32:34
8,SUPERIOR COMPLETO,MASCULINO,65 a 69 anos,42,41,"0,9762",0,2,2022-07-11 22:32:34
8,SUPERIOR COMPLETO,MASCULINO,70 a 74 anos,14,14,1,0,0,2022-07-11 22:32:34
8,SUPERIOR COMPLETO,MASCULINO,75 a 79 anos,7,6,"0,8571",0,0,2022-07-11 22:32:34
8,SUPERIOR COMPLETO,MASCULINO,80 a 84 anos,3,3,1,0,0,2022-07-11 22:32:34
8,SUPERIOR COMPLETO,MASCULINO,85 a 89 anos,1,1,1,0,0,2022-07-11 22:32:34
8,SUPERIOR INCOMPLETO,FEMININO,16 anos,1,0,0,0,0,2022-07-11 22:32:34
8,SUPERIOR INCOMPLETO,FEMININO,17 anos,2,0,0,0,0,2022-07-11 22:32:34
8,SUPERIOR INCOMPLETO,FEMININO,18 anos,14,0,0,0,0,2022-07-11 22:32:34
8,SUPERIOR INCOMPLETO,FEMININO,19 anos,21,0,0,0,0,2022-07-11 22:32:34
8,SUPERIOR INCOMPLETO,FEMININO,20 anos,34,10,"0,2941",0,0,2022-07-11 22:32:34
8,SUPERIOR INCOMPLETO,FEMININO,21 a 24 anos,246,213,"0,8659",1,0,2022-07-11 22:32:34
8,SUPERIOR INCOMPLETO,FEMININO,25 a 29 anos,691,681,"0,9855",0,0,2022-07-11 22:32:34
8,SUPERIOR INCOMPLETO,FEMININO,30 a 34 anos,550,544,"0,9891",0,1,2022-07-11 22:32:34
8,SUPERIOR INCOMPLETO,FEMININO,35 a 39 anos,471,466,"0,9894",0,1,2022-07-11 22:32:34
8,SUPERIOR INCOMPLETO,FEMININO,40 a 44 anos,388,386,"0,9948",0,1,2022-07-11 22:32:34
8,SUPERIOR INCOMPLETO,FEMININO,45 a 49 anos,213,210,"0,9859",0,1,2022-07-11 22:32:34
8,SUPERIOR INCOMPLETO,FEMININO,50 a 54 anos,145,145,1,0,0,2022-07-11 22:32:34
8,SUPERIOR INCOMPLETO,FEMININO,55 a 59 anos,99,99,1,0,1,2022-07-11 22:32:34
8,SUPERIOR INCOMPLETO,FEMININO,60 a 64 anos,40,40,1,0,0,2022-07-11 22:32:34
8,SUPERIOR INCOMPLETO,FEMININO,65 a 69 anos,34,34,1,0,4,2022-07-11 22:32:34
8,SUPERIOR INCOMPLETO,FEMININO,70 a 74 anos,13,13,1,0,2,2022-07-11 22:32:34
8,SUPERIOR INCOMPLETO,FEMININO,75 a 79 anos,2,2,1,0,0,2022-07-11 22:32:34
8,SUPERIOR INCOMPLETO,FEMININO,85 a 89 anos,1,1,1,0,0,2022-07-11 22:32:34
8,SUPERIOR INCOMPLETO,MASCULINO,16 anos,1,0,0,0,0,2022-07-11 22:32:34
8,SUPERIOR INCOMPLETO,MASCULINO,17 anos,3,0,0,0,0,2022-07-11 22:32:34
8,SUPERIOR INCOMPLETO,MASCULINO,18 anos,9,0,0,0,1,2022-07-11 22:32:34
8,SUPERIOR INCOMPLETO,MASCULINO,19 anos,14,0,0,0,0,2022-07-11 22:32:34
8,SUPERIOR INCOMPLETO,MASCULINO,20 anos,19,6,"0,3158",0,0,2022-07-11 22:32:34
8,SUPERIOR INCOMPLETO,MASCULINO,21 a 24 anos,140,117,"0,8357",0,0,2022-07-11 22:32:34
8,SUPERIOR INCOMPLETO,MASCULINO,25 a 29 anos,447,442,"0,9888",0,3,2022-07-11 22:32:34
8,SUPERIOR INCOMPLETO,MASCULINO,30 a 34 anos,337,330,"0,9792",0,0,2022-07-11 22:32:34
8,SUPERIOR INCOMPLETO,MASCULINO,35 a 39 anos,313,309,"0,9872",0,1,2022-07-11 22:32:34
8,SUPERIOR INCOMPLETO,MASCULINO,40 a 44 anos,240,239,"0,9958",0,0,2022-07-11 22:32:34
8,SUPERIOR INCOMPLETO,MASCULINO,45 a 49 anos,120,120,1,0,0,2022-07-11 22:32:34
8,SUPERIOR INCOMPLETO,MASCULINO,50 a 54 anos,72,72,1,0,0,2022-07-11 22:32:34
8,SUPERIOR INCOMPLETO,MASCULINO,55 a 59 anos,50,50,1,0,0,2022-07-11 22:32:34
8,SUPERIOR INCOMPLETO,MASCULINO,60 a 64 anos,29,29,1,0,0,2022-07-11 22:32:34
8,SUPERIOR INCOMPLETO,MASCULINO,65 a 69 anos,14,13,"0,9286",0,1,2022-07-11 22:32:34
8,SUPERIOR INCOMPLETO,MASCULINO,70 a 74 anos,13,13,1,0,0,2022-07-11 22:32:34
8,SUPERIOR INCOMPLETO,MASCULINO,80 a 84 anos,2,2,1,0,0,2022-07-11 22:32:34
9,ANALFABETO,FEMININO,100 anos ou mais,1,1,1,0,0,2022-07-11 22:32:34
9,ANALFABETO,FEMININO,20 anos,1,0,0,0,1,2022-07-11 22:32:34
9,ANALFABETO,FEMININO,21 a 24 anos,4,2,"0,5",0,2,2022-07-11 22:32:34
9,ANALFABETO,FEMININO,25 a 29 anos,5,4,"0,8",0,3,2022-07-11 22:32:34
9,ANALFABETO,FEMININO,30 a 34 anos,5,4,"0,8",0,3,2022-07-11 22:32:34
9,ANALFABETO,FEMININO,35 a 39 anos,5,4,"0,8",0,4,2022-07-11 22:32:34
9,ANALFABETO,FEMININO,40 a 44 anos,11,10,"0,9091",0,0,2022-07-11 22:32:34
9,ANALFABETO,FEMININO,45 a 49 anos,16,16,1,0,3,2022-07-11 22:32:34
9,ANALFABETO,FEMININO,50 a 54 anos,15,11,"0,7333",0,1,2022-07-11 22:32:34
9,ANALFABETO,FEMININO,55 a 59 anos,31,28,"0,9032",0,3,2022-07-11 22:32:34
9,ANALFABETO,FEMININO,60 a 64 anos,38,36,"0,9474",0,3,2022-07-11 22:32:34
9,ANALFABETO,FEMININO,65 a 69 anos,44,42,"0,9545",0,4,2022-07-11 22:32:34
9,ANALFABETO,FEMININO,70 a 74 anos,57,56,"0,9825",0,2,2022-07-11 22:32:34
9,ANALFABETO,FEMININO,75 a 79 anos,40,39,"0,975",0,2,2022-07-11 22:32:34
9,ANALFABETO,FEMININO,80 a 84 anos,23,22,"0,9565",0,5,2022-07-11 22:32:34
9,ANALFABETO,FEMININO,85 a 89 anos,14,14,1,0,1,2022-07-11 22:32:34
9,ANALFABETO,FEMININO,90 a 94 anos,3,3,1,0,0,2022-07-11 22:32:34
9,ANALFABETO,FEMININO,95 a 99 anos,1,1,1,0,0,2022-07-11 22:32:34
9,ANALFABETO,MASCULINO,17 anos,1,0,0,0,1,2022-07-11 22:32:34
9,ANALFABETO,MASCULINO,21 a 24 anos,5,4,"0,8",0,2,2022-07-11 22:32:34
9,ANALFABETO,MASCULINO,25 a 29 anos,3,3,1,0,1,2022-07-11 22:32:34
9,ANALFABETO,MASCULINO,30 a 34 anos,7,6,"0,8571",0,3,2022-07-11 22:32:34
9,ANALFABETO,MASCULINO,35 a 39 anos,12,10,"0,8333",0,4,2022-07-11 22:32:34
9,ANALFABETO,MASCULINO,40 a 44 anos,6,6,1,0,1,2022-07-11 22:32:34
9,ANALFABETO,MASCULINO,45 a 49 anos,18,17,"0,9444",0,1,2022-07-11 22:32:34
9,ANALFABETO,MASCULINO,50 a 54 anos,26,24,"0,9231",0,4,2022-07-11 22:32:34
9,ANALFABETO,MASCULINO,55 a 59 anos,23,21,"0,913",0,3,2022-07-11 22:32:34
9,ANALFABETO,MASCULINO,60 a 64 anos,20,16,"0,8",0,3,2022-07-11 22:32:34
9,ANALFABETO,MASCULINO,65 a 69 anos,16,13,"0,8125",0,1,2022-07-11 22:32:34
9,ANALFABETO,MASCULINO,70 a 74 anos,16,16,1,0,2,2022-07-11 22:32:34
9,ANALFABETO,MASCULINO,75 a 79 anos,4,4,1,0,1,2022-07-11 22:32:34
9,ANALFABETO,MASCULINO,80 a 84 anos,6,6,1,0,1,2022-07-11 22:32:34
9,ANALFABETO,MASCULINO,85 a 89 anos,1,1,1,0,0,2022-07-11 22:32:34
9,ENSINO FUNDAMENTAL COMPLETO,FEMININO,100 anos ou mais,2,1,"0,5",0,1,2022-07-11 22:32:34
9,ENSINO FUNDAMENTAL COMPLETO,FEMININO,16 anos,17,0,0,0,0,2022-07-11 22:32:34
9,ENSINO FUNDAMENTAL COMPLETO,FEMININO,17 anos,18,0,0,0,0,2022-07-11 22:32:34
9,ENSINO FUNDAMENTAL COMPLETO,FEMININO,18 anos,17,1,"0,0588",0,1,2022-07-11 22:32:34
9,ENSINO FUNDAMENTAL COMPLETO,FEMININO,19 anos,13,0,0,0,0,2022-07-11 22:32:34
9,ENSINO FUNDAMENTAL COMPLETO,FEMININO,20 anos,13,3,"0,2308",0,0,2022-07-11 22:32:34
9,ENSINO FUNDAMENTAL COMPLETO,FEMININO,21 a 24 anos,94,81,"0,8617",1,0,2022-07-11 22:32:34
9,ENSINO FUNDAMENTAL COMPLETO,FEMININO,25 a 29 anos,80,76,"0,95",0,0,2022-07-11 22:32:34
9,ENSINO FUNDAMENTAL COMPLETO,FEMININO,30 a 34 anos,79,78,"0,9873",0,0,2022-07-11 22:32:34
9,ENSINO FUNDAMENTAL COMPLETO,FEMININO,35 a 39 anos,134,130,"0,9701",0,2,2022-07-11 22:32:34
9,ENSINO FUNDAMENTAL COMPLETO,FEMININO,40 a 44 anos,160,158,"0,9875",0,1,2022-07-11 22:32:34
9,ENSINO FUNDAMENTAL COMPLETO,FEMININO,45 a 49 anos,190,189,"0,9947",0,1,2022-07-11 22:32:34
9,ENSINO FUNDAMENTAL COMPLETO,FEMININO,50 a 54 anos,239,233,"0,9749",0,1,2022-07-11 22:32:34
9,ENSINO FUNDAMENTAL COMPLETO,FEMININO,55 a 59 anos,269,265,"0,9851",0,4,2022-07-11 22:32:34
9,ENSINO FUNDAMENTAL COMPLETO,FEMININO,60 a 64 anos,304,303,"0,9967",0,6,2022-07-11 22:32:34
9,ENSINO FUNDAMENTAL COMPLETO,FEMININO,65 a 69 anos,237,236,"0,9958",0,6,2022-07-11 22:32:34
9,ENSINO FUNDAMENTAL COMPLETO,FEMININO,70 a 74 anos,190,190,1,0,9,2022-07-11 22:32:34
9,ENSINO FUNDAMENTAL COMPLETO,FEMININO,75 a 79 anos,118,114,"0,9661",0,4,2022-07-11 22:32:34
9,ENSINO FUNDAMENTAL COMPLETO,FEMININO,80 a 84 anos,66,65,"0,9848",0,2,2022-07-11 22:32:34
9,ENSINO FUNDAMENTAL COMPLETO,FEMININO,85 a 89 anos,28,27,"0,9643",0,2,2022-07-11 22:32:34
9,ENSINO FUNDAMENTAL COMPLETO,FEMININO,90 a 94 anos,12,12,1,0,0,2022-07-11 22:32:34
9,ENSINO FUNDAMENTAL COMPLETO,FEMININO,95 a 99 anos,2,2,1,0,0,2022-07-11 22:32:34
9,ENSINO FUNDAMENTAL COMPLETO,MASCULINO,16 anos,8,0,0,0,1,2022-07-11 22:32:34
9,ENSINO FUNDAMENTAL COMPLETO,MASCULINO,17 anos,17,0,0,0,0,2022-07-11 22:32:34
9,ENSINO FUNDAMENTAL COMPLETO,MASCULINO,18 anos,23,0,0,0,2,2022-07-11 22:32:34
9,ENSINO FUNDAMENTAL COMPLETO,MASCULINO,19 anos,11,3,"0,2727",0,0,2022-07-11 22:32:34
9,ENSINO FUNDAMENTAL COMPLETO,MASCULINO,20 anos,20,9,"0,45",0,0,2022-07-11 22:32:34
9,ENSINO FUNDAMENTAL COMPLETO,MASCULINO,21 a 24 anos,117,102,"0,8718",0,1,2022-07-11 22:32:34
9,ENSINO FUNDAMENTAL COMPLETO,MASCULINO,25 a 29 anos,120,118,"0,9833",0,0,2022-07-11 22:32:34
9,ENSINO FUNDAMENTAL COMPLETO,MASCULINO,30 a 34 anos,107,102,"0,9533",0,1,2022-07-11 22:32:34
9,ENSINO FUNDAMENTAL COMPLETO,MASCULINO,35 a 39 anos,136,131,"0,9632",0,1,2022-07-11 22:32:34
9,ENSINO FUNDAMENTAL COMPLETO,MASCULINO,40 a 44 anos,216,212,"0,9815",0,1,2022-07-11 22:32:34
9,ENSINO FUNDAMENTAL COMPLETO,MASCULINO,45 a 49 anos,209,202,"0,9665",0,6,2022-07-11 22:32:34
9,ENSINO FUNDAMENTAL COMPLETO,MASCULINO,50 a 54 anos,262,258,"0,9847",0,9,2022-07-11 22:32:34
9,ENSINO FUNDAMENTAL COMPLETO,MASCULINO,55 a 59 anos,328,323,"0,9848",0,4,2022-07-11 22:32:34
9,ENSINO FUNDAMENTAL COMPLETO,MASCULINO,60 a 64 anos,312,305,"0,9776",0,13,2022-07-11 22:32:34
9,ENSINO FUNDAMENTAL COMPLETO,MASCULINO,65 a 69 anos,259,255,"0,9846",0,16,2022-07-11 22:32:34
9,ENSINO FUNDAMENTAL COMPLETO,MASCULINO,70 a 74 anos,182,179,"0,9835",0,8,2022-07-11 22:32:34
9,ENSINO FUNDAMENTAL COMPLETO,MASCULINO,75 a 79 anos,76,75,"0,9868",0,6,2022-07-11 22:32:34
9,ENSINO FUNDAMENTAL COMPLETO,MASCULINO,80 a 84 anos,40,40,1,0,1,2022-07-11 22:32:34
9,ENSINO FUNDAMENTAL COMPLETO,MASCULINO,85 a 89 anos,13,12,"0,9231",0,2,2022-07-11 22:32:34
9,ENSINO FUNDAMENTAL COMPLETO,MASCULINO,90 a 94 anos,4,3,"0,75",0,1,2022-07-11 22:32:34
9,ENSINO FUNDAMENTAL COMPLETO,MASCULINO,95 a 99 anos,1,1,1,0,0,2022-07-11 22:32:34
9,ENSINO FUNDAMENTAL INCOMPLETO,FEMININO,100 anos ou mais,1,1,1,0,0,2022-07-11 22:32:34
9,ENSINO FUNDAMENTAL INCOMPLETO,FEMININO,16 anos,18,0,0,0,0,2022-07-11 22:32:34
9,ENSINO FUNDAMENTAL INCOMPLETO,FEMININO,17 anos,19,0,0,0,0,2022-07-11 22:32:34
9,ENSINO FUNDAMENTAL INCOMPLETO,FEMININO,18 anos,26,0,0,0,0,2022-07-11 22:32:34
9,ENSINO FUNDAMENTAL INCOMPLETO,FEMININO,19 anos,35,16,"0,4571",0,0,2022-07-11 22:32:34
9,ENSINO FUNDAMENTAL INCOMPLETO,FEMININO,20 anos,54,33,"0,6111",0,0,2022-07-11 22:32:34
9,ENSINO FUNDAMENTAL INCOMPLETO,FEMININO,21 a 24 anos,384,341,"0,888",1,0,2022-07-11 22:32:34
9,ENSINO FUNDAMENTAL INCOMPLETO,FEMININO,25 a 29 anos,380,370,"0,9737",0,2,2022-07-11 22:32:34
9,ENSINO FUNDAMENTAL INCOMPLETO,FEMININO,30 a 34 anos,334,323,"0,9671",0,5,2022-07-11 22:32:34
9,ENSINO FUNDAMENTAL INCOMPLETO,FEMININO,35 a 39 anos,412,406,"0,9854",0,4,2022-07-11 22:32:34
9,ENSINO FUNDAMENTAL INCOMPLETO,FEMININO,40 a 44 anos,628,613,"0,9761",0,1,2022-07-11 22:32:34
9,ENSINO FUNDAMENTAL INCOMPLETO,FEMININO,45 a 49 anos,677,669,"0,9882",0,5,2022-07-11 22:32:34
9,ENSINO FUNDAMENTAL INCOMPLETO,FEMININO,50 a 54 anos,802,792,"0,9875",0,6,2022-07-11 22:32:34
9,ENSINO FUNDAMENTAL INCOMPLETO,FEMININO,55 a 59 anos,933,916,"0,9818",0,17,2022-07-11 22:32:34
9,ENSINO FUNDAMENTAL INCOMPLETO,FEMININO,60 a 64 anos,841,831,"0,9881",0,10,2022-07-11 22:32:34
9,ENSINO FUNDAMENTAL INCOMPLETO,FEMININO,65 a 69 anos,683,678,"0,9927",0,34,2022-07-11 22:32:34
9,ENSINO FUNDAMENTAL INCOMPLETO,FEMININO,70 a 74 anos,557,554,"0,9946",0,20,2022-07-11 22:32:34
9,ENSINO FUNDAMENTAL INCOMPLETO,FEMININO,75 a 79 anos,303,303,1,0,9,2022-07-11 22:32:34
9,ENSINO FUNDAMENTAL INCOMPLETO,FEMININO,80 a 84 anos,197,197,1,0,7,2022-07-11 22:32:34
9,ENSINO FUNDAMENTAL INCOMPLETO,FEMININO,85 a 89 anos,64,63,"0,9844",0,7,2022-07-11 22:32:34
9,ENSINO FUNDAMENTAL INCOMPLETO,FEMININO,90 a 94 anos,29,27,"0,931",0,3,2022-07-11 22:32:34
9,ENSINO FUNDAMENTAL INCOMPLETO,FEMININO,95 a 99 anos,1,1,1,0,0,2022-07-11 22:32:34
9,ENSINO FUNDAMENTAL INCOMPLETO,MASCULINO,16 anos,26,0,0,0,1,2022-07-11 22:32:34
9,ENSINO FUNDAMENTAL INCOMPLETO,MASCULINO,17 anos,22,0,0,0,0,2022-07-11 22:32:34
9,ENSINO FUNDAMENTAL INCOMPLETO,MASCULINO,18 anos,40,4,"0,1",0,0,2022-07-11 22:32:34
9,ENSINO FUNDAMENTAL INCOMPLETO,MASCULINO,19 anos,53,24,"0,4528",0,0,2022-07-11 22:32:34
9,ENSINO FUNDAMENTAL INCOMPLETO,MASCULINO,20 anos,60,37,"0,6167",0,1,2022-07-11 22:32:34
9,ENSINO FUNDAMENTAL INCOMPLETO,MASCULINO,21 a 24 anos,434,392,"0,9032",0,2,2022-07-11 22:32:34
9,ENSINO FUNDAMENTAL INCOMPLETO,MASCULINO,25 a 29 anos,488,457,"0,9365",0,9,2022-07-11 22:32:34
9,ENSINO FUNDAMENTAL INCOMPLETO,MASCULINO,30 a 34 anos,425,412,"0,9694",0,9,2022-07-11 22:32:34
9,ENSINO FUNDAMENTAL INCOMPLETO,MASCULINO,35 a 39 anos,464,441,"0,9504",0,9,2022-07-11 22:32:34
9,ENSINO FUNDAMENTAL INCOMPLETO,MASCULINO,40 a 44 anos,626,592,"0,9457",0,6,2022-07-11 22:32:34
9,ENSINO FUNDAMENTAL INCOMPLETO,MASCULINO,45 a 49 anos,724,697,"0,9627",0,11,2022-07-11 22:32:34
9,ENSINO FUNDAMENTAL INCOMPLETO,MASCULINO,50 a 54 anos,750,725,"0,9667",0,13,2022-07-11 22:32:34
9,ENSINO FUNDAMENTAL INCOMPLETO,MASCULINO,55 a 59 anos,723,702,"0,971",0,14,2022-07-11 22:32:34
9,ENSINO FUNDAMENTAL INCOMPLETO,MASCULINO,60 a 64 anos,621,604,"0,9726",0,10,2022-07-11 22:32:34
9,ENSINO FUNDAMENTAL INCOMPLETO,MASCULINO,65 a 69 anos,451,440,"0,9756",0,20,2022-07-11 22:32:34
9,ENSINO FUNDAMENTAL INCOMPLETO,MASCULINO,70 a 74 anos,327,325,"0,9939",0,13,2022-07-11 22:32:34
9,ENSINO FUNDAMENTAL INCOMPLETO,MASCULINO,75 a 79 anos,140,138,"0,9857",0,3,2022-07-11 22:32:34
9,ENSINO FUNDAMENTAL INCOMPLETO,MASCULINO,80 a 84 anos,67,65,"0,9701",0,2,2022-07-11 22:32:34
9,ENSINO FUNDAMENTAL INCOMPLETO,MASCULINO,85 a 89 anos,28,28,1,0,1,2022-07-11 22:32:34
9,ENSINO FUNDAMENTAL INCOMPLETO,MASCULINO,90 a 94 anos,15,15,1,0,3,2022-07-11 22:32:34
9,ENSINO FUNDAMENTAL INCOMPLETO,MASCULINO,95 a 99 anos,5,5,1,0,0,2022-07-11 22:32:34
9,ENSINO MÉDIO COMPLETO,FEMININO,100 anos ou mais,1,1,1,0,0,2022-07-11 22:32:34
9,ENSINO MÉDIO COMPLETO,FEMININO,16 anos,1,0,0,0,0,2022-07-11 22:32:34
9,ENSINO MÉDIO COMPLETO,FEMININO,17 anos,22,0,0,0,0,2022-07-11 22:32:34
9,ENSINO MÉDIO COMPLETO,FEMININO,18 anos,184,0,0,0,2,2022-07-11 22:32:34
9,ENSINO MÉDIO COMPLETO,FEMININO,19 anos,259,10,"0,0386",3,1,2022-07-11 22:32:34
9,ENSINO MÉDIO COMPLETO,FEMININO,20 anos,284,75,"0,2641",0,2,2022-07-11 22:32:34
9,ENSINO MÉDIO COMPLETO,FEMININO,21 a 24 anos,1243,1071,"0,8616",2,3,2022-07-11 22:32:34
9,ENSINO MÉDIO COMPLETO,FEMININO,25 a 29 anos,2068,2027,"0,9802",1,4,2022-07-11 22:32:34
9,ENSINO MÉDIO COMPLETO,FEMININO,30 a 34 anos,1923,1896,"0,986",1,6,2022-07-11 22:32:34
9,ENSINO MÉDIO COMPLETO,FEMININO,35 a 39 anos,2619,2590,"0,9889",1,4,2022-07-11 22:32:34
9,ENSINO MÉDIO COMPLETO,FEMININO,40 a 44 anos,2880,2854,"0,991",0,14,2022-07-11 22:32:34
9,ENSINO MÉDIO COMPLETO,FEMININO,45 a 49 anos,2310,2290,"0,9913",0,12,2022-07-11 22:32:34
9,ENSINO MÉDIO COMPLETO,FEMININO,50 a 54 anos,2349,2328,"0,9911",0,7,2022-07-11 22:32:34
9,ENSINO MÉDIO COMPLETO,FEMININO,55 a 59 anos,2317,2292,"0,9892",0,13,2022-07-11 22:32:34
9,ENSINO MÉDIO COMPLETO,FEMININO,60 a 64 anos,1813,1799,"0,9923",0,15,2022-07-11 22:32:34
9,ENSINO MÉDIO COMPLETO,FEMININO,65 a 69 anos,1304,1299,"0,9962",0,48,2022-07-11 22:32:34
9,ENSINO MÉDIO COMPLETO,FEMININO,70 a 74 anos,796,794,"0,9975",0,34,2022-07-11 22:32:34
9,ENSINO MÉDIO COMPLETO,FEMININO,75 a 79 anos,319,318,"0,9969",0,12,2022-07-11 22:32:34
9,ENSINO MÉDIO COMPLETO,FEMININO,80 a 84 anos,137,137,1,0,8,2022-07-11 22:32:34
9,ENSINO MÉDIO COMPLETO,FEMININO,85 a 89 anos,44,43,"0,9773",0,7,2022-07-11 22:32:34
9,ENSINO MÉDIO COMPLETO,FEMININO,90 a 94 anos,15,15,1,0,1,2022-07-11 22:32:34
9,ENSINO MÉDIO COMPLETO,FEMININO,95 a 99 anos,3,3,1,0,1,2022-07-11 22:32:34
9,ENSINO MÉDIO COMPLETO,MASCULINO,16 anos,2,0,0,0,0,2022-07-11 22:32:34
9,ENSINO MÉDIO COMPLETO,MASCULINO,17 anos,9,0,0,0,0,2022-07-11 22:32:34
9,ENSINO MÉDIO COMPLETO,MASCULINO,18 anos,120,0,0,1,0,2022-07-11 22:32:34
9,ENSINO MÉDIO COMPLETO,MASCULINO,19 anos,171,4,"0,0234",0,0,2022-07-11 22:32:34
9,ENSINO MÉDIO COMPLETO,MASCULINO,20 anos,205,56,"0,2732",1,4,2022-07-11 22:32:34
9,ENSINO MÉDIO COMPLETO,MASCULINO,21 a 24 anos,911,775,"0,8507",0,2,2022-07-11 22:32:34
9,ENSINO MÉDIO COMPLETO,MASCULINO,25 a 29 anos,1808,1772,"0,9801",2,5,2022-07-11 22:32:34
9,ENSINO MÉDIO COMPLETO,MASCULINO,30 a 34 anos,1704,1682,"0,9871",0,4,2022-07-11 22:32:34
9,ENSINO MÉDIO COMPLETO,MASCULINO,35 a 39 anos,2231,2197,"0,9848",0,3,2022-07-11 22:32:34
9,ENSINO MÉDIO COMPLETO,MASCULINO,40 a 44 anos,2409,2380,"0,988",0,9,2022-07-11 22:32:34
9,ENSINO MÉDIO COMPLETO,MASCULINO,45 a 49 anos,1897,1876,"0,9889",0,11,2022-07-11 22:32:34
9,ENSINO MÉDIO COMPLETO,MASCULINO,50 a 54 anos,1783,1760,"0,9871",0,10,2022-07-11 22:32:34
9,ENSINO MÉDIO COMPLETO,MASCULINO,55 a 59 anos,1781,1755,"0,9854",0,15,2022-07-11 22:32:34
9,ENSINO MÉDIO COMPLETO,MASCULINO,60 a 64 anos,1382,1358,"0,9826",0,17,2022-07-11 22:32:34
9,ENSINO MÉDIO COMPLETO,MASCULINO,65 a 69 anos,941,929,"0,9872",0,30,2022-07-11 22:32:34
9,ENSINO MÉDIO COMPLETO,MASCULINO,70 a 74 anos,548,545,"0,9945",0,19,2022-07-11 22:32:34
9,ENSINO MÉDIO COMPLETO,MASCULINO,75 a 79 anos,209,206,"0,9856",0,9,2022-07-11 22:32:34
9,ENSINO MÉDIO COMPLETO,MASCULINO,80 a 84 anos,107,107,1,0,4,2022-07-11 22:32:34
9,ENSINO MÉDIO COMPLETO,MASCULINO,85 a 89 anos,44,44,1,0,2,2022-07-11 22:32:34
9,ENSINO MÉDIO COMPLETO,MASCULINO,90 a 94 anos,6,6,1,0,0,2022-07-11 22:32:34
9,ENSINO MÉDIO COMPLETO,MASCULINO,95 a 99 anos,1,1,1,0,0,2022-07-11 22:32:34
9,ENSINO MÉDIO INCOMPLETO,FEMININO,16 anos,176,0,0,0,0,2022-07-11 22:32:34
9,ENSINO MÉDIO INCOMPLETO,FEMININO,17 anos,279,0,0,0,2,2022-07-11 22:32:34
9,ENSINO MÉDIO INCOMPLETO,FEMININO,18 anos,277,17,"0,0614",2,0,2022-07-11 22:32:34
9,ENSINO MÉDIO INCOMPLETO,FEMININO,19 anos,278,43,"0,1547",1,1,2022-07-11 22:32:34
9,ENSINO MÉDIO INCOMPLETO,FEMININO,20 anos,270,135,"0,5",0,1,2022-07-11 22:32:34
9,ENSINO MÉDIO INCOMPLETO,FEMININO,21 a 24 anos,1537,1411,"0,918",3,2,2022-07-11 22:32:34
9,ENSINO MÉDIO INCOMPLETO,FEMININO,25 a 29 anos,751,732,"0,9747",0,1,2022-07-11 22:32:34
9,ENSINO MÉDIO INCOMPLETO,FEMININO,30 a 34 anos,498,488,"0,9799",0,0,2022-07-11 22:32:34
9,ENSINO MÉDIO INCOMPLETO,FEMININO,35 a 39 anos,564,551,"0,977",0,3,2022-07-11 22:32:34
9,ENSINO MÉDIO INCOMPLETO,FEMININO,40 a 44 anos,572,564,"0,986",0,4,2022-07-11 22:32:34
9,ENSINO MÉDIO INCOMPLETO,FEMININO,45 a 49 anos,494,487,"0,9858",1,4,2022-07-11 22:32:34
9,ENSINO MÉDIO INCOMPLETO,FEMININO,50 a 54 anos,489,486,"0,9939",0,4,2022-07-11 22:32:34
9,ENSINO MÉDIO INCOMPLETO,FEMININO,55 a 59 anos,442,427,"0,9661",0,3,2022-07-11 22:32:34
9,ENSINO MÉDIO INCOMPLETO,FEMININO,60 a 64 anos,399,391,"0,9799",0,5,2022-07-11 22:32:34
9,ENSINO MÉDIO INCOMPLETO,FEMININO,65 a 69 anos,251,250,"0,996",0,10,2022-07-11 22:32:34
9,ENSINO MÉDIO INCOMPLETO,FEMININO,70 a 74 anos,147,147,1,0,5,2022-07-11 22:32:34
9,ENSINO MÉDIO INCOMPLETO,FEMININO,75 a 79 anos,60,60,1,0,4,2022-07-11 22:32:34
9,ENSINO MÉDIO INCOMPLETO,FEMININO,80 a 84 anos,29,28,"0,9655",0,2,2022-07-11 22:32:34
9,ENSINO MÉDIO INCOMPLETO,FEMININO,85 a 89 anos,17,16,"0,9412",0,0,2022-07-11 22:32:34
9,ENSINO MÉDIO INCOMPLETO,FEMININO,90 a 94 anos,3,3,1,0,0,2022-07-11 22:32:34
9,ENSINO MÉDIO INCOMPLETO,FEMININO,95 a 99 anos,1,1,1,0,0,2022-07-11 22:32:34
9,ENSINO MÉDIO INCOMPLETO,MASCULINO,16 anos,123,0,0,0,0,2022-07-11 22:32:34
9,ENSINO MÉDIO INCOMPLETO,MASCULINO,17 anos,205,0,0,1,3,2022-07-11 22:32:34
9,ENSINO MÉDIO INCOMPLETO,MASCULINO,18 anos,279,7,"0,0251",3,3,2022-07-11 22:32:34
9,ENSINO MÉDIO INCOMPLETO,MASCULINO,19 anos,226,44,"0,1947",2,2,2022-07-11 22:32:34
9,ENSINO MÉDIO INCOMPLETO,MASCULINO,20 anos,341,172,"0,5044",2,3,2022-07-11 22:32:34
9,ENSINO MÉDIO INCOMPLETO,MASCULINO,21 a 24 anos,1645,1519,"0,9234",0,3,2022-07-11 22:32:34
9,ENSINO MÉDIO INCOMPLETO,MASCULINO,25 a 29 anos,904,883,"0,9768",0,2,2022-07-11 22:32:34
9,ENSINO MÉDIO INCOMPLETO,MASCULINO,30 a 34 anos,515,497,"0,965",0,5,2022-07-11 22:32:34
9,ENSINO MÉDIO INCOMPLETO,MASCULINO,35 a 39 anos,505,485,"0,9604",0,5,2022-07-11 22:32:34
9,ENSINO MÉDIO INCOMPLETO,MASCULINO,40 a 44 anos,527,514,"0,9753",0,1,2022-07-11 22:32:34
9,ENSINO MÉDIO INCOMPLETO,MASCULINO,45 a 49 anos,424,415,"0,9788",0,4,2022-07-11 22:32:34
9,ENSINO MÉDIO INCOMPLETO,MASCULINO,50 a 54 anos,399,389,"0,9749",0,6,2022-07-11 22:32:34
9,ENSINO MÉDIO INCOMPLETO,MASCULINO,55 a 59 anos,381,378,"0,9921",0,1,2022-07-11 22:32:34
9,ENSINO MÉDIO INCOMPLETO,MASCULINO,60 a 64 anos,295,291,"0,9864",0,2,2022-07-11 22:32:34
9,ENSINO MÉDIO INCOMPLETO,MASCULINO,65 a 69 anos,188,184,"0,9787",0,3,2022-07-11 22:32:34
9,ENSINO MÉDIO INCOMPLETO,MASCULINO,70 a 74 anos,129,127,"0,9845",0,4,2022-07-11 22:32:34
9,ENSINO MÉDIO INCOMPLETO,MASCULINO,75 a 79 anos,51,50,"0,9804",0,2,2022-07-11 22:32:34
9,ENSINO MÉDIO INCOMPLETO,MASCULINO,80 a 84 anos,17,16,"0,9412",0,0,2022-07-11 22:32:34
9,ENSINO MÉDIO INCOMPLETO,MASCULINO,85 a 89 anos,19,19,1,0,1,2022-07-11 22:32:34
9,ENSINO MÉDIO INCOMPLETO,MASCULINO,90 a 94 anos,2,2,1,0,0,2022-07-11 22:32:34
9,ENSINO MÉDIO INCOMPLETO,MASCULINO,95 a 99 anos,1,1,1,0,0,2022-07-11 22:32:34
9,LÊ E ESCREVE,FEMININO,100 anos ou mais,2,2,1,0,0,2022-07-11 22:32:34
9,LÊ E ESCREVE,FEMININO,16 anos,1,0,0,0,0,2022-07-11 22:32:34
9,LÊ E ESCREVE,FEMININO,17 anos,4,0,0,0,0,2022-07-11 22:32:34
9,LÊ E ESCREVE,FEMININO,18 anos,4,0,0,0,0,2022-07-11 22:32:34
9,LÊ E ESCREVE,FEMININO,19 anos,5,0,0,0,0,2022-07-11 22:32:34
9,LÊ E ESCREVE,FEMININO,20 anos,3,0,0,0,0,2022-07-11 22:32:34
9,LÊ E ESCREVE,FEMININO,21 a 24 anos,9,3,"0,3333",0,0,2022-07-11 22:32:34
9,LÊ E ESCREVE,FEMININO,25 a 29 anos,8,7,"0,875",0,0,2022-07-11 22:32:34
9,LÊ E ESCREVE,FEMININO,30 a 34 anos,10,10,1,0,1,2022-07-11 22:32:34
9,LÊ E ESCREVE,FEMININO,35 a 39 anos,21,21,1,0,4,2022-07-11 22:32:34
9,LÊ E ESCREVE,FEMININO,40 a 44 anos,31,31,1,0,0,2022-07-11 22:32:34
9,LÊ E ESCREVE,FEMININO,45 a 49 anos,68,67,"0,9853",0,3,2022-07-11 22:32:34
9,LÊ E ESCREVE,FEMININO,50 a 54 anos,87,84,"0,9655",0,0,2022-07-11 22:32:34
9,LÊ E ESCREVE,FEMININO,55 a 59 anos,154,154,1,0,2,2022-07-11 22:32:34
9,LÊ E ESCREVE,FEMININO,60 a 64 anos,220,217,"0,9864",0,8,2022-07-11 22:32:34
9,LÊ E ESCREVE,FEMININO,65 a 69 anos,265,261,"0,9849",0,22,2022-07-11 22:32:34
9,LÊ E ESCREVE,FEMININO,70 a 74 anos,251,251,1,0,18,2022-07-11 22:32:34
9,LÊ E ESCREVE,FEMININO,75 a 79 anos,169,169,1,0,20,2022-07-11 22:32:34
9,LÊ E ESCREVE,FEMININO,80 a 84 anos,122,122,1,0,11,2022-07-11 22:32:34
9,LÊ E ESCREVE,FEMININO,85 a 89 anos,41,40,"0,9756",0,8,2022-07-11 22:32:34
9,LÊ E ESCREVE,FEMININO,90 a 94 anos,16,16,1,0,2,2022-07-11 22:32:34
9,LÊ E ESCREVE,FEMININO,95 a 99 anos,6,6,1,0,1,2022-07-11 22:32:34
9,LÊ E ESCREVE,MASCULINO,18 anos,1,0,0,0,0,2022-07-11 22:32:34
9,LÊ E ESCREVE,MASCULINO,19 anos,4,0,0,0,0,2022-07-11 22:32:34
9,LÊ E ESCREVE,MASCULINO,20 anos,4,0,0,0,0,2022-07-11 22:32:34
9,LÊ E ESCREVE,MASCULINO,21 a 24 anos,11,2,"0,1818",0,1,2022-07-11 22:32:34
9,LÊ E ESCREVE,MASCULINO,25 a 29 anos,17,13,"0,7647",0,1,2022-07-11 22:32:34
9,LÊ E ESCREVE,MASCULINO,30 a 34 anos,15,12,"0,8",0,6,2022-07-11 22:32:34
9,LÊ E ESCREVE,MASCULINO,35 a 39 anos,21,18,"0,8571",0,0,2022-07-11 22:32:34
9,LÊ E ESCREVE,MASCULINO,40 a 44 anos,57,54,"0,9474",0,2,2022-07-11 22:32:34
9,LÊ E ESCREVE,MASCULINO,45 a 49 anos,71,65,"0,9155",0,3,2022-07-11 22:32:34
9,LÊ E ESCREVE,MASCULINO,50 a 54 anos,115,107,"0,9304",0,3,2022-07-11 22:32:34
9,LÊ E ESCREVE,MASCULINO,55 a 59 anos,148,140,"0,9459",0,5,2022-07-11 22:32:34
9,LÊ E ESCREVE,MASCULINO,60 a 64 anos,157,155,"0,9873",0,6,2022-07-11 22:32:34
9,LÊ E ESCREVE,MASCULINO,65 a 69 anos,140,132,"0,9429",0,14,2022-07-11 22:32:34
9,LÊ E ESCREVE,MASCULINO,70 a 74 anos,150,149,"0,9933",0,13,2022-07-11 22:32:34
9,LÊ E ESCREVE,MASCULINO,75 a 79 anos,63,62,"0,9841",0,6,2022-07-11 22:32:34
9,LÊ E ESCREVE,MASCULINO,80 a 84 anos,42,42,1,0,0,2022-07-11 22:32:34
9,LÊ E ESCREVE,MASCULINO,85 a 89 anos,17,17,1,0,1,2022-07-11 22:32:34
9,LÊ E ESCREVE,MASCULINO,90 a 94 anos,4,4,1,0,0,2022-07-11 22:32:34
9,LÊ E ESCREVE,MASCULINO,95 a 99 anos,2,1,"0,5",0,1,2022-07-11 22:32:34
9,SUPERIOR COMPLETO,FEMININO,19 anos,1,0,0,0,0,2022-07-11 22:32:34
9,SUPERIOR COMPLETO,FEMININO,20 anos,1,0,0,0,0,2022-07-11 22:32:34
9,SUPERIOR COMPLETO,FEMININO,21 a 24 anos,16,13,"0,8125",0,0,2022-07-11 22:32:34
9,SUPERIOR COMPLETO,FEMININO,25 a 29 anos,281,279,"0,9929",0,3,2022-07-11 22:32:34
9,SUPERIOR COMPLETO,FEMININO,30 a 34 anos,869,865,"0,9954",0,0,2022-07-11 22:32:34
9,SUPERIOR COMPLETO,FEMININO,35 a 39 anos,1354,1347,"0,9948",0,5,2022-07-11 22:32:34
9,SUPERIOR COMPLETO,FEMININO,40 a 44 anos,1325,1318,"0,9947",1,3,2022-07-11 22:32:34
9,SUPERIOR COMPLETO,FEMININO,45 a 49 anos,920,917,"0,9967",0,0,2022-07-11 22:32:34
9,SUPERIOR COMPLETO,FEMININO,50 a 54 anos,734,730,"0,9946",0,3,2022-07-11 22:32:34
9,SUPERIOR COMPLETO,FEMININO,55 a 59 anos,650,646,"0,9938",1,1,2022-07-11 22:32:34
9,SUPERIOR COMPLETO,FEMININO,60 a 64 anos,436,433,"0,9931",0,6,2022-07-11 22:32:34
9,SUPERIOR COMPLETO,FEMININO,65 a 69 anos,298,298,1,0,7,2022-07-11 22:32:34
9,SUPERIOR COMPLETO,FEMININO,70 a 74 anos,189,189,1,0,7,2022-07-11 22:32:34
9,SUPERIOR COMPLETO,FEMININO,75 a 79 anos,110,110,1,0,3,2022-07-11 22:32:34
9,SUPERIOR COMPLETO,FEMININO,80 a 84 anos,54,51,"0,9444",0,6,2022-07-11 22:32:34
9,SUPERIOR COMPLETO,FEMININO,85 a 89 anos,16,15,"0,9375",0,2,2022-07-11 22:32:34
9,SUPERIOR COMPLETO,FEMININO,90 a 94 anos,7,7,1,0,0,2022-07-11 22:32:34
9,SUPERIOR COMPLETO,MASCULINO,100 anos ou mais,1,1,1,0,0,2022-07-11 22:32:34
9,SUPERIOR COMPLETO,MASCULINO,21 a 24 anos,8,6,"0,75",0,0,2022-07-11 22:32:34
9,SUPERIOR COMPLETO,MASCULINO,25 a 29 anos,158,152,"0,962",0,1,2022-07-11 22:32:34
9,SUPERIOR COMPLETO,MASCULINO,30 a 34 anos,518,511,"0,9865",0,1,2022-07-11 22:32:34
9,SUPERIOR COMPLETO,MASCULINO,35 a 39 anos,764,751,"0,983",0,0,2022-07-11 22:32:34
9,SUPERIOR COMPLETO,MASCULINO,40 a 44 anos,771,761,"0,987",0,2,2022-07-11 22:32:34
9,SUPERIOR COMPLETO,MASCULINO,45 a 49 anos,500,494,"0,988",0,1,2022-07-11 22:32:34
9,SUPERIOR COMPLETO,MASCULINO,50 a 54 anos,507,498,"0,9822",1,3,2022-07-11 22:32:34
9,SUPERIOR COMPLETO,MASCULINO,55 a 59 anos,384,382,"0,9948",0,3,2022-07-11 22:32:34
9,SUPERIOR COMPLETO,MASCULINO,60 a 64 anos,257,257,1,0,2,2022-07-11 22:32:34
9,SUPERIOR COMPLETO,MASCULINO,65 a 69 anos,161,160,"0,9938",0,8,2022-07-11 22:32:34
9,SUPERIOR COMPLETO,MASCULINO,70 a 74 anos,106,104,"0,9811",0,1,2022-07-11 22:32:34
9,SUPERIOR COMPLETO,MASCULINO,75 a 79 anos,59,59,1,0,1,2022-07-11 22:32:34
9,SUPERIOR COMPLETO,MASCULINO,80 a 84 anos,21,21,1,0,1,2022-07-11 22:32:34
9,SUPERIOR COMPLETO,MASCULINO,85 a 89 anos,8,8,1,0,0,2022-07-11 22:32:34
9,SUPERIOR COMPLETO,MASCULINO,90 a 94 anos,3,2,"0,6667",0,0,2022-07-11 22:32:34
9,SUPERIOR COMPLETO,MASCULINO,95 a 99 anos,1,1,1,0,0,2022-07-11 22:32:34
9,SUPERIOR INCOMPLETO,FEMININO,17 anos,3,0,0,0,0,2022-07-11 22:32:34
9,SUPERIOR INCOMPLETO,FEMININO,18 anos,13,0,0,0,0,2022-07-11 22:32:34
9,SUPERIOR INCOMPLETO,FEMININO,19 anos,32,0,0,0,0,2022-07-11 22:32:34
9,SUPERIOR INCOMPLETO,FEMININO,20 anos,36,9,"0,25",0,0,2022-07-11 22:32:34
9,SUPERIOR INCOMPLETO,FEMININO,21 a 24 anos,251,228,"0,9084",0,0,2022-07-11 22:32:34
9,SUPERIOR INCOMPLETO,FEMININO,25 a 29 anos,881,875,"0,9932",0,3,2022-07-11 22:32:34
9,SUPERIOR INCOMPLETO,FEMININO,30 a 34 anos,623,618,"0,992",0,0,2022-07-11 22:32:34
9,SUPERIOR INCOMPLETO,FEMININO,35 a 39 anos,518,513,"0,9903",0,0,2022-07-11 22:32:34
9,SUPERIOR INCOMPLETO,FEMININO,40 a 44 anos,450,445,"0,9889",0,1,2022-07-11 22:32:34
9,SUPERIOR INCOMPLETO,FEMININO,45 a 49 anos,267,263,"0,985",0,1,2022-07-11 22:32:34
9,SUPERIOR INCOMPLETO,FEMININO,50 a 54 anos,205,202,"0,9854",0,1,2022-07-11 22:32:34
9,SUPERIOR INCOMPLETO,FEMININO,55 a 59 anos,170,169,"0,9941",0,1,2022-07-11 22:32:34
9,SUPERIOR INCOMPLETO,FEMININO,60 a 64 anos,106,105,"0,9906",0,0,2022-07-11 22:32:34
9,SUPERIOR INCOMPLETO,FEMININO,65 a 69 anos,65,65,1,0,1,2022-07-11 22:32:34
9,SUPERIOR INCOMPLETO,FEMININO,70 a 74 anos,34,34,1,0,1,2022-07-11 22:32:34
9,SUPERIOR INCOMPLETO,FEMININO,75 a 79 anos,12,12,1,0,1,2022-07-11 22:32:34
9,SUPERIOR INCOMPLETO,FEMININO,80 a 84 anos,2,2,1,0,0,2022-07-11 22:32:34
9,SUPERIOR INCOMPLETO,FEMININO,85 a 89 anos,1,1,1,0,0,2022-07-11 22:32:34
9,SUPERIOR INCOMPLETO,MASCULINO,16 anos,3,0,0,0,0,2022-07-11 22:32:34
9,SUPERIOR INCOMPLETO,MASCULINO,18 anos,18,0,0,0,0,2022-07-11 22:32:34
9,SUPERIOR INCOMPLETO,MASCULINO,19 anos,19,0,0,0,0,2022-07-11 22:32:34
9,SUPERIOR INCOMPLETO,MASCULINO,20 anos,26,7,"0,2692",1,0,2022-07-11 22:32:34
9,SUPERIOR INCOMPLETO,MASCULINO,21 a 24 anos,198,172,"0,8687",0,0,2022-07-11 22:32:34
9,SUPERIOR INCOMPLETO,MASCULINO,25 a 29 anos,668,660,"0,988",0,1,2022-07-11 22:32:34
9,SUPERIOR INCOMPLETO,MASCULINO,30 a 34 anos,525,519,"0,9886",0,1,2022-07-11 22:32:34
9,SUPERIOR INCOMPLETO,MASCULINO,35 a 39 anos,430,424,"0,986",0,1,2022-07-11 22:32:34
9,SUPERIOR INCOMPLETO,MASCULINO,40 a 44 anos,397,394,"0,9924",0,1,2022-07-11 22:32:34
9,SUPERIOR INCOMPLETO,MASCULINO,45 a 49 anos,235,232,"0,9872",0,0,2022-07-11 22:32:34
9,SUPERIOR INCOMPLETO,MASCULINO,50 a 54 anos,176,174,"0,9886",0,1,2022-07-11 22:32:34
9,SUPERIOR INCOMPLETO,MASCULINO,55 a 59 anos,146,140,"0,9589",0,2,2022-07-11 22:32:34
9,SUPERIOR INCOMPLETO,MASCULINO,60 a 64 anos,99,98,"0,9899",0,1,2022-07-11 22:32:34
9,SUPERIOR INCOMPLETO,MASCULINO,65 a 69 anos,67,66,"0,9851",0,3,2022-07-11 22:32:34
9,SUPERIOR INCOMPLETO,MASCULINO,70 a 74 anos,37,36,"0,973",0,1,2022-07-11 22:32:34
9,SUPERIOR INCOMPLETO,MASCULINO,75 a 79 anos,11,11,1,0,0,2022-07-11 22:32:34
9,SUPERIOR INCOMPLETO,MASCULINO,80 a 84 anos,4,4,1,0,0,2022-07-11 22:32:34
10,ANALFABETO,FEMININO,19 anos,2,0,0,0,1,2022-07-11 22:32:34
10,ANALFABETO,FEMININO,20 anos,1,1,1,0,0,2022-07-11 22:32:34
10,ANALFABETO,FEMININO,21 a 24 anos,5,3,"0,6",0,1,2022-07-11 22:32:34
10,ANALFABETO,FEMININO,25 a 29 anos,10,9,"0,9",0,6,2022-07-11 22:32:34
10,ANALFABETO,FEMININO,30 a 34 anos,7,7,1,0,2,2022-07-11 22:32:34
10,ANALFABETO,FEMININO,35 a 39 anos,6,4,"0,6667",0,1,2022-07-11 22:32:34
10,ANALFABETO,FEMININO,40 a 44 anos,16,14,"0,875",0,2,2022-07-11 22:32:34
10,ANALFABETO,FEMININO,45 a 49 anos,21,19,"0,9048",0,3,2022-07-11 22:32:34
10,ANALFABETO,FEMININO,50 a 54 anos,43,39,"0,907",0,4,2022-07-11 22:32:34
10,ANALFABETO,FEMININO,55 a 59 anos,60,54,"0,9",0,5,2022-07-11 22:32:34
10,ANALFABETO,FEMININO,60 a 64 anos,66,63,"0,9545",0,2,2022-07-11 22:32:34
10,ANALFABETO,FEMININO,65 a 69 anos,89,84,"0,9438",0,12,2022-07-11 22:32:34
10,ANALFABETO,FEMININO,70 a 74 anos,71,71,1,0,5,2022-07-11 22:32:34
10,ANALFABETO,FEMININO,75 a 79 anos,32,32,1,0,5,2022-07-11 22:32:34
10,ANALFABETO,FEMININO,80 a 84 anos,21,21,1,0,1,2022-07-11 22:32:34
10,ANALFABETO,FEMININO,85 a 89 anos,8,8,1,0,1,2022-07-11 22:32:34
10,ANALFABETO,FEMININO,90 a 94 anos,4,4,1,0,0,2022-07-11 22:32:34
10,ANALFABETO,FEMININO,95 a 99 anos,2,2,1,0,0,2022-07-11 22:32:34
10,ANALFABETO,MASCULINO,19 anos,1,1,1,0,0,2022-07-11 22:32:34
10,ANALFABETO,MASCULINO,20 anos,1,1,1,0,0,2022-07-11 22:32:34
10,ANALFABETO,MASCULINO,21 a 24 anos,5,4,"0,8",0,2,2022-07-11 22:32:34
10,ANALFABETO,MASCULINO,25 a 29 anos,8,6,"0,75",0,2,2022-07-11 22:32:34
10,ANALFABETO,MASCULINO,30 a 34 anos,10,9,"0,9",0,2,2022-07-11 22:32:34
10,ANALFABETO,MASCULINO,35 a 39 anos,12,10,"0,8333",0,3,2022-07-11 22:32:34
10,ANALFABETO,MASCULINO,40 a 44 anos,23,17,"0,7391",0,4,2022-07-11 22:32:34
10,ANALFABETO,MASCULINO,45 a 49 anos,20,17,"0,85",0,2,2022-07-11 22:32:34
10,ANALFABETO,MASCULINO,50 a 54 anos,24,22,"0,9167",0,2,2022-07-11 22:32:34
10,ANALFABETO,MASCULINO,55 a 59 anos,23,19,"0,8261",0,0,2022-07-11 22:32:34
10,ANALFABETO,MASCULINO,60 a 64 anos,35,30,"0,8571",0,2,2022-07-11 22:32:34
10,ANALFABETO,MASCULINO,65 a 69 anos,41,36,"0,878",0,2,2022-07-11 22:32:34
10,ANALFABETO,MASCULINO,70 a 74 anos,27,26,"0,963",0,4,2022-07-11 22:32:34
10,ANALFABETO,MASCULINO,75 a 79 anos,9,9,1,0,1,2022-07-11 22:32:34
10,ANALFABETO,MASCULINO,80 a 84 anos,4,4,1,0,1,2022-07-11 22:32:34
10,ANALFABETO,MASCULINO,85 a 89 anos,2,2,1,0,1,2022-07-11 22:32:34
10,ANALFABETO,MASCULINO,90 a 94 anos,2,1,"0,5",0,0,2022-07-11 22:32:34
10,ENSINO FUNDAMENTAL COMPLETO,FEMININO,16 anos,33,0,0,0,0,2022-07-11 22:32:34
10,ENSINO FUNDAMENTAL COMPLETO,FEMININO,17 anos,14,0,0,0,0,2022-07-11 22:32:34
10,ENSINO FUNDAMENTAL COMPLETO,FEMININO,18 anos,20,0,0,0,0,2022-07-11 22:32:34
10,ENSINO FUNDAMENTAL COMPLETO,FEMININO,19 anos,20,3,"0,15",0,0,2022-07-11 22:32:34
10,ENSINO FUNDAMENTAL COMPLETO,FEMININO,20 anos,21,7,"0,3333",0,0,2022-07-11 22:32:34
10,ENSINO FUNDAMENTAL COMPLETO,FEMININO,21 a 24 anos,92,80,"0,8696",1,0,2022-07-11 22:32:34
10,ENSINO FUNDAMENTAL COMPLETO,FEMININO,25 a 29 anos,130,128,"0,9846",0,1,2022-07-11 22:32:34
10,ENSINO FUNDAMENTAL COMPLETO,FEMININO,30 a 34 anos,120,116,"0,9667",0,0,2022-07-11 22:32:34
10,ENSINO FUNDAMENTAL COMPLETO,FEMININO,35 a 39 anos,173,170,"0,9827",0,1,2022-07-11 22:32:34
10,ENSINO FUNDAMENTAL COMPLETO,FEMININO,40 a 44 anos,182,178,"0,978",0,0,2022-07-11 22:32:34
10,ENSINO FUNDAMENTAL COMPLETO,FEMININO,45 a 49 anos,185,176,"0,9514",0,2,2022-07-11 22:32:34
10,ENSINO FUNDAMENTAL COMPLETO,FEMININO,50 a 54 anos,219,211,"0,9635",0,4,2022-07-11 22:32:34
10,ENSINO FUNDAMENTAL COMPLETO,FEMININO,55 a 59 anos,217,212,"0,977",0,2,2022-07-11 22:32:34
10,ENSINO FUNDAMENTAL COMPLETO,FEMININO,60 a 64 anos,214,212,"0,9907",0,3,2022-07-11 22:32:34
10,ENSINO FUNDAMENTAL COMPLETO,FEMININO,65 a 69 anos,189,187,"0,9894",0,4,2022-07-11 22:32:34
10,ENSINO FUNDAMENTAL COMPLETO,FEMININO,70 a 74 anos,132,130,"0,9848",0,10,2022-07-11 22:32:34
10,ENSINO FUNDAMENTAL COMPLETO,FEMININO,75 a 79 anos,91,90,"0,989",0,1,2022-07-11 22:32:34
10,ENSINO FUNDAMENTAL COMPLETO,FEMININO,80 a 84 anos,52,52,1,0,2,2022-07-11 22:32:34
10,ENSINO FUNDAMENTAL COMPLETO,FEMININO,85 a 89 anos,33,33,1,0,1,2022-07-11 22:32:34
10,ENSINO FUNDAMENTAL COMPLETO,FEMININO,90 a 94 anos,22,21,"0,9545",0,2,2022-07-11 22:32:34
10,ENSINO FUNDAMENTAL COMPLETO,FEMININO,95 a 99 anos,5,5,1,0,0,2022-07-11 22:32:34
10,ENSINO FUNDAMENTAL COMPLETO,MASCULINO,16 anos,13,0,0,0,0,2022-07-11 22:32:34
10,ENSINO FUNDAMENTAL COMPLETO,MASCULINO,17 anos,19,0,0,0,0,2022-07-11 22:32:34
10,ENSINO FUNDAMENTAL COMPLETO,MASCULINO,18 anos,14,0,0,0,1,2022-07-11 22:32:34
10,ENSINO FUNDAMENTAL COMPLETO,MASCULINO,19 anos,19,3,"0,1579",0,0,2022-07-11 22:32:34
10,ENSINO FUNDAMENTAL COMPLETO,MASCULINO,20 anos,14,4,"0,2857",0,0,2022-07-11 22:32:34
10,ENSINO FUNDAMENTAL COMPLETO,MASCULINO,21 a 24 anos,92,78,"0,8478",0,0,2022-07-11 22:32:34
10,ENSINO FUNDAMENTAL COMPLETO,MASCULINO,25 a 29 anos,136,130,"0,9559",0,2,2022-07-11 22:32:34
10,ENSINO FUNDAMENTAL COMPLETO,MASCULINO,30 a 34 anos,111,105,"0,9459",0,1,2022-07-11 22:32:34
10,ENSINO FUNDAMENTAL COMPLETO,MASCULINO,35 a 39 anos,185,182,"0,9838",0,1,2022-07-11 22:32:34
10,ENSINO FUNDAMENTAL COMPLETO,MASCULINO,40 a 44 anos,208,199,"0,9567",0,0,2022-07-11 22:32:34
10,ENSINO FUNDAMENTAL COMPLETO,MASCULINO,45 a 49 anos,219,210,"0,9589",0,0,2022-07-11 22:32:34
10,ENSINO FUNDAMENTAL COMPLETO,MASCULINO,50 a 54 anos,218,210,"0,9633",0,2,2022-07-11 22:32:34
10,ENSINO FUNDAMENTAL COMPLETO,MASCULINO,55 a 59 anos,242,231,"0,9545",1,3,2022-07-11 22:32:34
10,ENSINO FUNDAMENTAL COMPLETO,MASCULINO,60 a 64 anos,204,198,"0,9706",0,0,2022-07-11 22:32:34
10,ENSINO FUNDAMENTAL COMPLETO,MASCULINO,65 a 69 anos,150,148,"0,9867",0,3,2022-07-11 22:32:34
10,ENSINO FUNDAMENTAL COMPLETO,MASCULINO,70 a 74 anos,93,93,1,0,6,2022-07-11 22:32:34
10,ENSINO FUNDAMENTAL COMPLETO,MASCULINO,75 a 79 anos,44,44,1,0,4,2022-07-11 22:32:34
10,ENSINO FUNDAMENTAL COMPLETO,MASCULINO,80 a 84 anos,38,38,1,0,1,2022-07-11 22:32:34
10,ENSINO FUNDAMENTAL COMPLETO,MASCULINO,85 a 89 anos,12,12,1,0,2,2022-07-11 22:32:34
10,ENSINO FUNDAMENTAL COMPLETO,MASCULINO,90 a 94 anos,8,8,1,0,1,2022-07-11 22:32:34
10,ENSINO FUNDAMENTAL COMPLETO,MASCULINO,95 a 99 anos,2,2,1,0,1,2022-07-11 22:32:34
10,ENSINO FUNDAMENTAL INCOMPLETO,FEMININO,100 anos ou mais,1,1,1,0,0,2022-07-11 22:32:34
10,ENSINO FUNDAMENTAL INCOMPLETO,FEMININO,16 anos,25,0,0,0,0,2022-07-11 22:32:34
10,ENSINO FUNDAMENTAL INCOMPLETO,FEMININO,17 anos,33,0,0,0,0,2022-07-11 22:32:34
10,ENSINO FUNDAMENTAL INCOMPLETO,FEMININO,18 anos,30,0,0,0,0,2022-07-11 22:32:34
10,ENSINO FUNDAMENTAL INCOMPLETO,FEMININO,19 anos,51,13,"0,2549",0,1,2022-07-11 22:32:34
10,ENSINO FUNDAMENTAL INCOMPLETO,FEMININO,20 anos,58,29,"0,5",0,0,2022-07-11 22:32:34
10,ENSINO FUNDAMENTAL INCOMPLETO,FEMININO,21 a 24 anos,402,372,"0,9254",0,2,2022-07-11 22:32:34
10,ENSINO FUNDAMENTAL INCOMPLETO,FEMININO,25 a 29 anos,511,501,"0,9804",0,4,2022-07-11 22:32:34
10,ENSINO FUNDAMENTAL INCOMPLETO,FEMININO,30 a 34 anos,430,417,"0,9698",0,0,2022-07-11 22:32:34
10,ENSINO FUNDAMENTAL INCOMPLETO,FEMININO,35 a 39 anos,636,621,"0,9764",0,3,2022-07-11 22:32:34
10,ENSINO FUNDAMENTAL INCOMPLETO,FEMININO,40 a 44 anos,826,802,"0,9709",0,8,2022-07-11 22:32:34
10,ENSINO FUNDAMENTAL INCOMPLETO,FEMININO,45 a 49 anos,938,922,"0,9829",1,3,2022-07-11 22:32:34
10,ENSINO FUNDAMENTAL INCOMPLETO,FEMININO,50 a 54 anos,948,937,"0,9884",0,6,2022-07-11 22:32:34
10,ENSINO FUNDAMENTAL INCOMPLETO,FEMININO,55 a 59 anos,883,876,"0,9921",0,13,2022-07-11 22:32:34
10,ENSINO FUNDAMENTAL INCOMPLETO,FEMININO,60 a 64 anos,685,676,"0,9869",0,18,2022-07-11 22:32:34
10,ENSINO FUNDAMENTAL INCOMPLETO,FEMININO,65 a 69 anos,513,512,"0,9981",0,23,2022-07-11 22:32:34
10,ENSINO FUNDAMENTAL INCOMPLETO,FEMININO,70 a 74 anos,390,387,"0,9923",0,21,2022-07-11 22:32:34
10,ENSINO FUNDAMENTAL INCOMPLETO,FEMININO,75 a 79 anos,202,200,"0,9901",0,8,2022-07-11 22:32:34
10,ENSINO FUNDAMENTAL INCOMPLETO,FEMININO,80 a 84 anos,114,113,"0,9912",0,16,2022-07-11 22:32:34
10,ENSINO FUNDAMENTAL INCOMPLETO,FEMININO,85 a 89 anos,51,51,1,0,1,2022-07-11 22:32:34
10,ENSINO FUNDAMENTAL INCOMPLETO,FEMININO,90 a 94 anos,22,21,"0,9545",0,2,2022-07-11 22:32:34
10,ENSINO FUNDAMENTAL INCOMPLETO,FEMININO,95 a 99 anos,7,6,"0,8571",0,0,2022-07-11 22:32:34
10,ENSINO FUNDAMENTAL INCOMPLETO,MASCULINO,16 anos,28,0,0,0,0,2022-07-11 22:32:34
10,ENSINO FUNDAMENTAL INCOMPLETO,MASCULINO,17 anos,35,0,0,0,0,2022-07-11 22:32:34
10,ENSINO FUNDAMENTAL INCOMPLETO,MASCULINO,18 anos,43,2,"0,0465",1,1,2022-07-11 22:32:34
10,ENSINO FUNDAMENTAL INCOMPLETO,MASCULINO,19 anos,59,20,"0,339",1,1,2022-07-11 22:32:34
10,ENSINO FUNDAMENTAL INCOMPLETO,MASCULINO,20 anos,62,39,"0,629",0,1,2022-07-11 22:32:34
10,ENSINO FUNDAMENTAL INCOMPLETO,MASCULINO,21 a 24 anos,563,515,"0,9147",0,5,2022-07-11 22:32:34
10,ENSINO FUNDAMENTAL INCOMPLETO,MASCULINO,25 a 29 anos,596,563,"0,9446",0,1,2022-07-11 22:32:34
10,ENSINO FUNDAMENTAL INCOMPLETO,MASCULINO,30 a 34 anos,563,536,"0,952",0,7,2022-07-11 22:32:34
10,ENSINO FUNDAMENTAL INCOMPLETO,MASCULINO,35 a 39 anos,664,627,"0,9443",0,6,2022-07-11 22:32:34
10,ENSINO FUNDAMENTAL INCOMPLETO,MASCULINO,40 a 44 anos,829,783,"0,9445",0,6,2022-07-11 22:32:34
10,ENSINO FUNDAMENTAL INCOMPLETO,MASCULINO,45 a 49 anos,860,822,"0,9558",0,8,2022-07-11 22:32:34
10,ENSINO FUNDAMENTAL INCOMPLETO,MASCULINO,50 a 54 anos,884,855,"0,9672",0,11,2022-07-11 22:32:34
10,ENSINO FUNDAMENTAL INCOMPLETO,MASCULINO,55 a 59 anos,672,651,"0,9688",0,10,2022-07-11 22:32:34
10,ENSINO FUNDAMENTAL INCOMPLETO,MASCULINO,60 a 64 anos,539,529,"0,9814",0,10,2022-07-11 22:32:34
10,ENSINO FUNDAMENTAL INCOMPLETO,MASCULINO,65 a 69 anos,368,362,"0,9837",0,16,2022-07-11 22:32:34
10,ENSINO FUNDAMENTAL INCOMPLETO,MASCULINO,70 a 74 anos,214,213,"0,9953",0,5,2022-07-11 22:32:34
10,ENSINO FUNDAMENTAL INCOMPLETO,MASCULINO,75 a 79 anos,92,89,"0,9674",0,7,2022-07-11 22:32:34
10,ENSINO FUNDAMENTAL INCOMPLETO,MASCULINO,80 a 84 anos,60,58,"0,9667",0,5,2022-07-11 22:32:34
10,ENSINO FUNDAMENTAL INCOMPLETO,MASCULINO,85 a 89 anos,19,19,1,0,1,2022-07-11 22:32:34
10,ENSINO FUNDAMENTAL INCOMPLETO,MASCULINO,90 a 94 anos,9,9,1,0,0,2022-07-11 22:32:34
10,ENSINO MÉDIO COMPLETO,FEMININO,100 anos ou mais,1,1,1,0,0,2022-07-11 22:32:34
10,ENSINO MÉDIO COMPLETO,FEMININO,16 anos,4,0,0,0,0,2022-07-11 22:32:34
10,ENSINO MÉDIO COMPLETO,FEMININO,17 anos,30,0,0,0,0,2022-07-11 22:32:34
10,ENSINO MÉDIO COMPLETO,FEMININO,18 anos,310,1,"0,0032",2,1,2022-07-11 22:32:34
10,ENSINO MÉDIO COMPLETO,FEMININO,19 anos,410,5,"0,0122",2,1,2022-07-11 22:32:34
10,ENSINO MÉDIO COMPLETO,FEMININO,20 anos,407,132,"0,3243",1,0,2022-07-11 22:32:34
10,ENSINO MÉDIO COMPLETO,FEMININO,21 a 24 anos,1597,1387,"0,8685",0,3,2022-07-11 22:32:34
10,ENSINO MÉDIO COMPLETO,FEMININO,25 a 29 anos,2008,1968,"0,9801",0,3,2022-07-11 22:32:34
10,ENSINO MÉDIO COMPLETO,FEMININO,30 a 34 anos,1831,1789,"0,9771",0,3,2022-07-11 22:32:34
10,ENSINO MÉDIO COMPLETO,FEMININO,35 a 39 anos,2192,2148,"0,9799",1,6,2022-07-11 22:32:34
10,ENSINO MÉDIO COMPLETO,FEMININO,40 a 44 anos,2157,2120,"0,9828",0,4,2022-07-11 22:32:34
10,ENSINO MÉDIO COMPLETO,FEMININO,45 a 49 anos,1891,1847,"0,9767",0,6,2022-07-11 22:32:34
10,ENSINO MÉDIO COMPLETO,FEMININO,50 a 54 anos,1747,1712,"0,98",0,12,2022-07-11 22:32:34
10,ENSINO MÉDIO COMPLETO,FEMININO,55 a 59 anos,1781,1763,"0,9899",0,13,2022-07-11 22:32:34
10,ENSINO MÉDIO COMPLETO,FEMININO,60 a 64 anos,1707,1682,"0,9854",0,14,2022-07-11 22:32:34
10,ENSINO MÉDIO COMPLETO,FEMININO,65 a 69 anos,1540,1530,"0,9935",0,44,2022-07-11 22:32:34
10,ENSINO MÉDIO COMPLETO,FEMININO,70 a 74 anos,1052,1041,"0,9895",0,29,2022-07-11 22:32:34
10,ENSINO MÉDIO COMPLETO,FEMININO,75 a 79 anos,523,517,"0,9885",0,22,2022-07-11 22:32:34
10,ENSINO MÉDIO COMPLETO,FEMININO,80 a 84 anos,233,228,"0,9785",0,15,2022-07-11 22:32:34
10,ENSINO MÉDIO COMPLETO,FEMININO,85 a 89 anos,95,93,"0,9789",0,6,2022-07-11 22:32:34
10,ENSINO MÉDIO COMPLETO,FEMININO,90 a 94 anos,31,30,"0,9677",0,3,2022-07-11 22:32:34
10,ENSINO MÉDIO COMPLETO,FEMININO,95 a 99 anos,6,6,1,0,0,2022-07-11 22:32:34
10,ENSINO MÉDIO COMPLETO,FEMININO,Inválido,1,1,1,0,0,2022-07-11 22:32:34
10,ENSINO MÉDIO COMPLETO,MASCULINO,100 anos ou mais,1,1,1,0,1,2022-07-11 22:32:34
10,ENSINO MÉDIO COMPLETO,MASCULINO,16 anos,4,0,0,0,0,2022-07-11 22:32:34
10,ENSINO MÉDIO COMPLETO,MASCULINO,17 anos,26,0,0,0,0,2022-07-11 22:32:34
10,ENSINO MÉDIO COMPLETO,MASCULINO,18 anos,238,0,0,0,3,2022-07-11 22:32:34
10,ENSINO MÉDIO COMPLETO,MASCULINO,19 anos,341,7,"0,0205",1,6,2022-07-11 22:32:34
10,ENSINO MÉDIO COMPLETO,MASCULINO,20 anos,340,90,"0,2647",0,3,2022-07-11 22:32:34
10,ENSINO MÉDIO COMPLETO,MASCULINO,21 a 24 anos,1267,1086,"0,8571",0,6,2022-07-11 22:32:34
10,ENSINO MÉDIO COMPLETO,MASCULINO,25 a 29 anos,1729,1690,"0,9774",0,4,2022-07-11 22:32:34
10,ENSINO MÉDIO COMPLETO,MASCULINO,30 a 34 anos,1455,1416,"0,9732",0,6,2022-07-11 22:32:34
10,ENSINO MÉDIO COMPLETO,MASCULINO,35 a 39 anos,1780,1715,"0,9635",0,7,2022-07-11 22:32:34
10,ENSINO MÉDIO COMPLETO,MASCULINO,40 a 44 anos,1752,1704,"0,9726",0,7,2022-07-11 22:32:34
10,ENSINO MÉDIO COMPLETO,MASCULINO,45 a 49 anos,1397,1343,"0,9613",1,5,2022-07-11 22:32:34
10,ENSINO MÉDIO COMPLETO,MASCULINO,50 a 54 anos,1318,1273,"0,9659",0,4,2022-07-11 22:32:34
10,ENSINO MÉDIO COMPLETO,MASCULINO,55 a 59 anos,1330,1303,"0,9797",0,10,2022-07-11 22:32:34
10,ENSINO MÉDIO COMPLETO,MASCULINO,60 a 64 anos,1295,1266,"0,9776",0,15,2022-07-11 22:32:34
10,ENSINO MÉDIO COMPLETO,MASCULINO,65 a 69 anos,983,972,"0,9888",1,27,2022-07-11 22:32:34
10,ENSINO MÉDIO COMPLETO,MASCULINO,70 a 74 anos,662,658,"0,994",0,19,2022-07-11 22:32:34
10,ENSINO MÉDIO COMPLETO,MASCULINO,75 a 79 anos,333,324,"0,973",0,15,2022-07-11 22:32:34
10,ENSINO MÉDIO COMPLETO,MASCULINO,80 a 84 anos,163,160,"0,9816",0,9,2022-07-11 22:32:34
10,ENSINO MÉDIO COMPLETO,MASCULINO,85 a 89 anos,60,59,"0,9833",0,4,2022-07-11 22:32:34
10,ENSINO MÉDIO COMPLETO,MASCULINO,90 a 94 anos,18,18,1,0,0,2022-07-11 22:32:34
10,ENSINO MÉDIO COMPLETO,MASCULINO,95 a 99 anos,5,4,"0,8",0,0,2022-07-11 22:32:34
10,ENSINO MÉDIO INCOMPLETO,FEMININO,16 anos,356,0,0,2,1,2022-07-11 22:32:34
10,ENSINO MÉDIO INCOMPLETO,FEMININO,17 anos,478,0,0,1,2,2022-07-11 22:32:34
10,ENSINO MÉDIO INCOMPLETO,FEMININO,18 anos,441,12,"0,0272",6,1,2022-07-11 22:32:34
10,ENSINO MÉDIO INCOMPLETO,FEMININO,19 anos,326,66,"0,2025",0,2,2022-07-11 22:32:34
10,ENSINO MÉDIO INCOMPLETO,FEMININO,20 anos,319,151,"0,4734",0,0,2022-07-11 22:32:34
10,ENSINO MÉDIO INCOMPLETO,FEMININO,21 a 24 anos,1677,1569,"0,9356",1,2,2022-07-11 22:32:34
10,ENSINO MÉDIO INCOMPLETO,FEMININO,25 a 29 anos,857,837,"0,9767",0,3,2022-07-11 22:32:34
10,ENSINO MÉDIO INCOMPLETO,FEMININO,30 a 34 anos,474,468,"0,9873",0,3,2022-07-11 22:32:34
10,ENSINO MÉDIO INCOMPLETO,FEMININO,35 a 39 anos,549,544,"0,9909",1,1,2022-07-11 22:32:34
10,ENSINO MÉDIO INCOMPLETO,FEMININO,40 a 44 anos,529,517,"0,9773",0,2,2022-07-11 22:32:34
10,ENSINO MÉDIO INCOMPLETO,FEMININO,45 a 49 anos,408,399,"0,9779",0,2,2022-07-11 22:32:34
10,ENSINO MÉDIO INCOMPLETO,FEMININO,50 a 54 anos,344,339,"0,9855",0,4,2022-07-11 22:32:34
10,ENSINO MÉDIO INCOMPLETO,FEMININO,55 a 59 anos,282,274,"0,9716",0,1,2022-07-11 22:32:34
10,ENSINO MÉDIO INCOMPLETO,FEMININO,60 a 64 anos,202,201,"0,995",0,1,2022-07-11 22:32:34
10,ENSINO MÉDIO INCOMPLETO,FEMININO,65 a 69 anos,168,168,1,0,4,2022-07-11 22:32:34
10,ENSINO MÉDIO INCOMPLETO,FEMININO,70 a 74 anos,111,111,1,0,5,2022-07-11 22:32:34
10,ENSINO MÉDIO INCOMPLETO,FEMININO,75 a 79 anos,41,41,1,0,1,2022-07-11 22:32:34
10,ENSINO MÉDIO INCOMPLETO,FEMININO,80 a 84 anos,26,26,1,0,0,2022-07-11 22:32:34
10,ENSINO MÉDIO INCOMPLETO,FEMININO,85 a 89 anos,8,7,"0,875",0,0,2022-07-11 22:32:34
10,ENSINO MÉDIO INCOMPLETO,FEMININO,90 a 94 anos,7,7,1,0,1,2022-07-11 22:32:34
10,ENSINO MÉDIO INCOMPLETO,FEMININO,95 a 99 anos,1,1,1,0,0,2022-07-11 22:32:34
10,ENSINO MÉDIO INCOMPLETO,MASCULINO,16 anos,232,0,0,1,1,2022-07-11 22:32:34
10,ENSINO MÉDIO INCOMPLETO,MASCULINO,17 anos,392,0,0,3,4,2022-07-11 22:32:34
10,ENSINO MÉDIO INCOMPLETO,MASCULINO,18 anos,397,12,"0,0302",1,5,2022-07-11 22:32:34
10,ENSINO MÉDIO INCOMPLETO,MASCULINO,19 anos,299,68,"0,2274",0,3,2022-07-11 22:32:34
10,ENSINO MÉDIO INCOMPLETO,MASCULINO,20 anos,339,177,"0,5221",0,4,2022-07-11 22:32:34
10,ENSINO MÉDIO INCOMPLETO,MASCULINO,21 a 24 anos,1676,1558,"0,9296",3,2,2022-07-11 22:32:34
10,ENSINO MÉDIO INCOMPLETO,MASCULINO,25 a 29 anos,904,878,"0,9712",0,4,2022-07-11 22:32:34
10,ENSINO MÉDIO INCOMPLETO,MASCULINO,30 a 34 anos,490,468,"0,9551",0,4,2022-07-11 22:32:34
10,ENSINO MÉDIO INCOMPLETO,MASCULINO,35 a 39 anos,525,508,"0,9676",1,2,2022-07-11 22:32:34
10,ENSINO MÉDIO INCOMPLETO,MASCULINO,40 a 44 anos,455,437,"0,9604",0,1,2022-07-11 22:32:34
10,ENSINO MÉDIO INCOMPLETO,MASCULINO,45 a 49 anos,344,328,"0,9535",0,0,2022-07-11 22:32:34
10,ENSINO MÉDIO INCOMPLETO,MASCULINO,50 a 54 anos,282,276,"0,9787",0,2,2022-07-11 22:32:34
10,ENSINO MÉDIO INCOMPLETO,MASCULINO,55 a 59 anos,224,216,"0,9643",0,1,2022-07-11 22:32:34
10,ENSINO MÉDIO INCOMPLETO,MASCULINO,60 a 64 anos,159,153,"0,9623",0,3,2022-07-11 22:32:34
10,ENSINO MÉDIO INCOMPLETO,MASCULINO,65 a 69 anos,114,114,1,0,4,2022-07-11 22:32:34
10,ENSINO MÉDIO INCOMPLETO,MASCULINO,70 a 74 anos,76,76,1,0,3,2022-07-11 22:32:34
10,ENSINO MÉDIO INCOMPLETO,MASCULINO,75 a 79 anos,27,27,1,0,1,2022-07-11 22:32:34
10,ENSINO MÉDIO INCOMPLETO,MASCULINO,80 a 84 anos,17,17,1,0,0,2022-07-11 22:32:34
10,ENSINO MÉDIO INCOMPLETO,MASCULINO,85 a 89 anos,6,6,1,0,0,2022-07-11 22:32:34
10,ENSINO MÉDIO INCOMPLETO,MASCULINO,90 a 94 anos,2,2,1,0,0,2022-07-11 22:32:34
10,LÊ E ESCREVE,FEMININO,100 anos ou mais,2,2,1,0,0,2022-07-11 22:32:34
10,LÊ E ESCREVE,FEMININO,16 anos,1,0,0,0,0,2022-07-11 22:32:34
10,LÊ E ESCREVE,FEMININO,18 anos,2,0,0,0,0,2022-07-11 22:32:34
10,LÊ E ESCREVE,FEMININO,19 anos,3,0,0,0,0,2022-07-11 22:32:34
10,LÊ E ESCREVE,FEMININO,20 anos,4,0,0,0,0,2022-07-11 22:32:34
10,LÊ E ESCREVE,FEMININO,21 a 24 anos,10,3,"0,3",0,0,2022-07-11 22:32:34
10,LÊ E ESCREVE,FEMININO,25 a 29 anos,17,15,"0,8824",0,1,2022-07-11 22:32:34
10,LÊ E ESCREVE,FEMININO,30 a 34 anos,19,18,"0,9474",0,1,2022-07-11 22:32:34
10,LÊ E ESCREVE,FEMININO,35 a 39 anos,39,38,"0,9744",0,3,2022-07-11 22:32:34
10,LÊ E ESCREVE,FEMININO,40 a 44 anos,72,70,"0,9722",0,3,2022-07-11 22:32:34
10,LÊ E ESCREVE,FEMININO,45 a 49 anos,121,118,"0,9752",0,2,2022-07-11 22:32:34
10,LÊ E ESCREVE,FEMININO,50 a 54 anos,176,173,"0,983",0,1,2022-07-11 22:32:34
10,LÊ E ESCREVE,FEMININO,55 a 59 anos,235,233,"0,9915",0,4,2022-07-11 22:32:34
10,LÊ E ESCREVE,FEMININO,60 a 64 anos,247,241,"0,9757",0,6,2022-07-11 22:32:34
10,LÊ E ESCREVE,FEMININO,65 a 69 anos,213,210,"0,9859",0,8,2022-07-11 22:32:34
10,LÊ E ESCREVE,FEMININO,70 a 74 anos,186,184,"0,9892",0,11,2022-07-11 22:32:34
10,LÊ E ESCREVE,FEMININO,75 a 79 anos,118,116,"0,9831",0,10,2022-07-11 22:32:34
10,LÊ E ESCREVE,FEMININO,80 a 84 anos,65,64,"0,9846",0,1,2022-07-11 22:32:34
10,LÊ E ESCREVE,FEMININO,85 a 89 anos,29,28,"0,9655",0,5,2022-07-11 22:32:34
10,LÊ E ESCREVE,FEMININO,90 a 94 anos,14,13,"0,9286",0,1,2022-07-11 22:32:34
10,LÊ E ESCREVE,FEMININO,95 a 99 anos,5,5,1,0,1,2022-07-11 22:32:34
10,LÊ E ESCREVE,MASCULINO,16 anos,1,0,0,0,0,2022-07-11 22:32:34
10,LÊ E ESCREVE,MASCULINO,17 anos,2,0,0,0,1,2022-07-11 22:32:34
10,LÊ E ESCREVE,MASCULINO,19 anos,1,0,0,0,0,2022-07-11 22:32:34
10,LÊ E ESCREVE,MASCULINO,20 anos,2,0,0,0,0,2022-07-11 22:32:34
10,LÊ E ESCREVE,MASCULINO,21 a 24 anos,10,7,"0,7",0,0,2022-07-11 22:32:34
10,LÊ E ESCREVE,MASCULINO,25 a 29 anos,25,21,"0,84",0,1,2022-07-11 22:32:34
10,LÊ E ESCREVE,MASCULINO,30 a 34 anos,27,25,"0,9259",0,1,2022-07-11 22:32:34
10,LÊ E ESCREVE,MASCULINO,35 a 39 anos,36,35,"0,9722",0,0,2022-07-11 22:32:34
10,LÊ E ESCREVE,MASCULINO,40 a 44 anos,73,66,"0,9041",0,3,2022-07-11 22:32:34
10,LÊ E ESCREVE,MASCULINO,45 a 49 anos,112,108,"0,9643",0,2,2022-07-11 22:32:34
10,LÊ E ESCREVE,MASCULINO,50 a 54 anos,135,131,"0,9704",0,2,2022-07-11 22:32:34
10,LÊ E ESCREVE,MASCULINO,55 a 59 anos,201,192,"0,9552",0,4,2022-07-11 22:32:34
10,LÊ E ESCREVE,MASCULINO,60 a 64 anos,167,161,"0,9641",0,2,2022-07-11 22:32:34
10,LÊ E ESCREVE,MASCULINO,65 a 69 anos,151,145,"0,9603",0,10,2022-07-11 22:32:34
10,LÊ E ESCREVE,MASCULINO,70 a 74 anos,125,124,"0,992",0,7,2022-07-11 22:32:34
10,LÊ E ESCREVE,MASCULINO,75 a 79 anos,38,38,1,0,4,2022-07-11 22:32:34
10,LÊ E ESCREVE,MASCULINO,80 a 84 anos,16,16,1,0,0,2022-07-11 22:32:34
10,LÊ E ESCREVE,MASCULINO,85 a 89 anos,8,8,1,0,0,2022-07-11 22:32:34
10,LÊ E ESCREVE,MASCULINO,90 a 94 anos,8,8,1,0,1,2022-07-11 22:32:34
10,SUPERIOR COMPLETO,FEMININO,100 anos ou mais,1,1,1,0,0,2022-07-11 22:32:34
10,SUPERIOR COMPLETO,FEMININO,18 anos,3,0,0,0,0,2022-07-11 22:32:34
10,SUPERIOR COMPLETO,FEMININO,19 anos,1,0,0,0,0,2022-07-11 22:32:34
10,SUPERIOR COMPLETO,FEMININO,20 anos,2,1,"0,5",0,0,2022-07-11 22:32:34
10,SUPERIOR COMPLETO,FEMININO,21 a 24 anos,51,39,"0,7647",1,0,2022-07-11 22:32:34
10,SUPERIOR COMPLETO,FEMININO,25 a 29 anos,862,828,"0,9606",0,2,2022-07-11 22:32:34
10,SUPERIOR COMPLETO,FEMININO,30 a 34 anos,3028,2959,"0,9772",0,7,2022-07-11 22:32:34
10,SUPERIOR COMPLETO,FEMININO,35 a 39 anos,4751,4656,"0,98",1,6,2022-07-11 22:32:34
10,SUPERIOR COMPLETO,FEMININO,40 a 44 anos,5172,5074,"0,9811",0,14,2022-07-11 22:32:34
10,SUPERIOR COMPLETO,FEMININO,45 a 49 anos,3545,3484,"0,9828",0,8,2022-07-11 22:32:34
10,SUPERIOR COMPLETO,FEMININO,50 a 54 anos,2706,2678,"0,9897",0,9,2022-07-11 22:32:34
10,SUPERIOR COMPLETO,FEMININO,55 a 59 anos,2455,2438,"0,9931",0,10,2022-07-11 22:32:34
10,SUPERIOR COMPLETO,FEMININO,60 a 64 anos,2076,2059,"0,9918",0,13,2022-07-11 22:32:34
10,SUPERIOR COMPLETO,FEMININO,65 a 69 anos,1732,1725,"0,996",0,40,2022-07-11 22:32:34
10,SUPERIOR COMPLETO,FEMININO,70 a 74 anos,1227,1224,"0,9976",0,37,2022-07-11 22:32:34
10,SUPERIOR COMPLETO,FEMININO,75 a 79 anos,527,523,"0,9924",0,11,2022-07-11 22:32:34
10,SUPERIOR COMPLETO,FEMININO,80 a 84 anos,194,188,"0,9691",0,9,2022-07-11 22:32:34
10,SUPERIOR COMPLETO,FEMININO,85 a 89 anos,71,68,"0,9577",0,7,2022-07-11 22:32:34
10,SUPERIOR COMPLETO,FEMININO,90 a 94 anos,22,21,"0,9545",0,1,2022-07-11 22:32:34
10,SUPERIOR COMPLETO,FEMININO,95 a 99 anos,5,5,1,0,0,2022-07-11 22:32:34
10,SUPERIOR COMPLETO,MASCULINO,17 anos,1,0,0,0,0,2022-07-11 22:32:34
10,SUPERIOR COMPLETO,MASCULINO,18 anos,1,0,0,0,0,2022-07-11 22:32:34
10,SUPERIOR COMPLETO,MASCULINO,19 anos,1,0,0,0,0,2022-07-11 22:32:34
10,SUPERIOR COMPLETO,MASCULINO,20 anos,3,0,0,0,1,2022-07-11 22:32:34
10,SUPERIOR COMPLETO,MASCULINO,21 a 24 anos,29,27,"0,931",0,0,2022-07-11 22:32:34
10,SUPERIOR COMPLETO,MASCULINO,25 a 29 anos,480,459,"0,9563",2,2,2022-07-11 22:32:34
10,SUPERIOR COMPLETO,MASCULINO,30 a 34 anos,2067,2012,"0,9734",0,5,2022-07-11 22:32:34
10,SUPERIOR COMPLETO,MASCULINO,35 a 39 anos,3402,3308,"0,9724",1,6,2022-07-11 22:32:34
10,SUPERIOR COMPLETO,MASCULINO,40 a 44 anos,3561,3449,"0,9685",0,10,2022-07-11 22:32:34
10,SUPERIOR COMPLETO,MASCULINO,45 a 49 anos,2584,2512,"0,9721",0,5,2022-07-11 22:32:34
10,SUPERIOR COMPLETO,MASCULINO,50 a 54 anos,1955,1918,"0,9811",0,8,2022-07-11 22:32:34
10,SUPERIOR COMPLETO,MASCULINO,55 a 59 anos,1703,1678,"0,9853",0,13,2022-07-11 22:32:34
10,SUPERIOR COMPLETO,MASCULINO,60 a 64 anos,1344,1330,"0,9896",0,13,2022-07-11 22:32:34
10,SUPERIOR COMPLETO,MASCULINO,65 a 69 anos,1208,1192,"0,9868",0,19,2022-07-11 22:32:34
10,SUPERIOR COMPLETO,MASCULINO,70 a 74 anos,911,905,"0,9934",0,30,2022-07-11 22:32:34
10,SUPERIOR COMPLETO,MASCULINO,75 a 79 anos,444,438,"0,9865",0,17,2022-07-11 22:32:34
10,SUPERIOR COMPLETO,MASCULINO,80 a 84 anos,166,160,"0,9639",0,5,2022-07-11 22:32:34
10,SUPERIOR COMPLETO,MASCULINO,85 a 89 anos,51,50,"0,9804",0,7,2022-07-11 22:32:34
10,SUPERIOR COMPLETO,MASCULINO,90 a 94 anos,15,14,"0,9333",0,0,2022-07-11 22:32:34
10,SUPERIOR COMPLETO,MASCULINO,95 a 99 anos,2,2,1,0,0,2022-07-11 22:32:34
10,SUPERIOR INCOMPLETO,FEMININO,16 anos,2,0,0,0,0,2022-07-11 22:32:34
10,SUPERIOR INCOMPLETO,FEMININO,17 anos,3,0,0,0,0,2022-07-11 22:32:34
10,SUPERIOR INCOMPLETO,FEMININO,18 anos,49,0,0,1,0,2022-07-11 22:32:34
10,SUPERIOR INCOMPLETO,FEMININO,19 anos,118,0,0,0,1,2022-07-11 22:32:34
10,SUPERIOR INCOMPLETO,FEMININO,20 anos,143,40,"0,2797",0,0,2022-07-11 22:32:34
10,SUPERIOR INCOMPLETO,FEMININO,21 a 24 anos,770,656,"0,8519",2,3,2022-07-11 22:32:34
10,SUPERIOR INCOMPLETO,FEMININO,25 a 29 anos,1916,1881,"0,9817",0,6,2022-07-11 22:32:34
10,SUPERIOR INCOMPLETO,FEMININO,30 a 34 anos,987,963,"0,9757",0,1,2022-07-11 22:32:34
10,SUPERIOR INCOMPLETO,FEMININO,35 a 39 anos,734,706,"0,9619",0,2,2022-07-11 22:32:34
10,SUPERIOR INCOMPLETO,FEMININO,40 a 44 anos,611,596,"0,9755",0,3,2022-07-11 22:32:34
10,SUPERIOR INCOMPLETO,FEMININO,45 a 49 anos,462,442,"0,9567",0,3,2022-07-11 22:32:34
10,SUPERIOR INCOMPLETO,FEMININO,50 a 54 anos,310,300,"0,9677",0,1,2022-07-11 22:32:34
10,SUPERIOR INCOMPLETO,FEMININO,55 a 59 anos,288,278,"0,9653",0,1,2022-07-11 22:32:34
10,SUPERIOR INCOMPLETO,FEMININO,60 a 64 anos,282,277,"0,9823",0,1,2022-07-11 22:32:34
10,SUPERIOR INCOMPLETO,FEMININO,65 a 69 anos,194,191,"0,9845",0,4,2022-07-11 22:32:34
10,SUPERIOR INCOMPLETO,FEMININO,70 a 74 anos,135,135,1,0,4,2022-07-11 22:32:34
10,SUPERIOR INCOMPLETO,FEMININO,75 a 79 anos,47,47,1,0,1,2022-07-11 22:32:34
10,SUPERIOR INCOMPLETO,FEMININO,80 a 84 anos,19,18,"0,9474",0,3,2022-07-11 22:32:34
10,SUPERIOR INCOMPLETO,FEMININO,85 a 89 anos,4,4,1,0,0,2022-07-11 22:32:34
10,SUPERIOR INCOMPLETO,FEMININO,90 a 94 anos,1,1,1,0,0,2022-07-11 22:32:34
10,SUPERIOR INCOMPLETO,MASCULINO,17 anos,2,0,0,0,0,2022-07-11 22:32:34
10,SUPERIOR INCOMPLETO,MASCULINO,18 anos,52,1,"0,0192",0,0,2022-07-11 22:32:34
10,SUPERIOR INCOMPLETO,MASCULINO,19 anos,115,2,"0,0174",1,2,2022-07-11 22:32:34
10,SUPERIOR INCOMPLETO,MASCULINO,20 anos,116,20,"0,1724",1,0,2022-07-11 22:32:34
10,SUPERIOR INCOMPLETO,MASCULINO,21 a 24 anos,715,626,"0,8755",1,2,2022-07-11 22:32:34
10,SUPERIOR INCOMPLETO,MASCULINO,25 a 29 anos,1713,1669,"0,9743",0,5,2022-07-11 22:32:34
10,SUPERIOR INCOMPLETO,MASCULINO,30 a 34 anos,1077,1045,"0,9703",0,2,2022-07-11 22:32:34
10,SUPERIOR INCOMPLETO,MASCULINO,35 a 39 anos,770,736,"0,9558",0,1,2022-07-11 22:32:34
10,SUPERIOR INCOMPLETO,MASCULINO,40 a 44 anos,666,632,"0,9489",0,3,2022-07-11 22:32:34
10,SUPERIOR INCOMPLETO,MASCULINO,45 a 49 anos,417,397,"0,952",0,0,2022-07-11 22:32:34
10,SUPERIOR INCOMPLETO,MASCULINO,50 a 54 anos,264,258,"0,9773",0,2,2022-07-11 22:32:34
10,SUPERIOR INCOMPLETO,MASCULINO,55 a 59 anos,317,305,"0,9621",0,2,2022-07-11 22:32:34
10,SUPERIOR INCOMPLETO,MASCULINO,60 a 64 anos,283,279,"0,9859",0,2,2022-07-11 22:32:34
10,SUPERIOR INCOMPLETO,MASCULINO,65 a 69 anos,216,212,"0,9815",0,2,2022-07-11 22:32:34
10,SUPERIOR INCOMPLETO,MASCULINO,70 a 74 anos,122,121,"0,9918",0,0,2022-07-11 22:32:34
10,SUPERIOR INCOMPLETO,MASCULINO,75 a 79 anos,51,50,"0,9804",0,0,2022-07-11 22:32:34
10,SUPERIOR INCOMPLETO,MASCULINO,80 a 84 anos,17,16,"0,9412",0,0,2022-07-11 22:32:34
10,SUPERIOR INCOMPLETO,MASCULINO,85 a 89 anos,5,5,1,0,0,2022-07-11 22:32:34
10,SUPERIOR INCOMPLETO,MASCULINO,90 a 94 anos,1,1,1,0,0,2022-07-11 22:32:34
11,ANALFABETO,FEMININO,100 anos ou mais,2,2,1,0,1,2022-07-11 22:32:34
11,ANALFABETO,FEMININO,18 anos,1,0,0,0,0,2022-07-11 22:32:34
11,ANALFABETO,FEMININO,20 anos,1,0,0,0,0,2022-07-11 22:32:34
11,ANALFABETO,FEMININO,21 a 24 anos,4,2,"0,5",0,2,2022-07-11 22:32:34
11,ANALFABETO,FEMININO,25 a 29 anos,9,9,1,0,4,2022-07-11 22:32:34
11,ANALFABETO,FEMININO,30 a 34 anos,12,7,"0,5833",0,9,2022-07-11 22:32:34
11,ANALFABETO,FEMININO,35 a 39 anos,15,14,"0,9333",0,5,2022-07-11 22:32:34
11,ANALFABETO,FEMININO,40 a 44 anos,20,19,"0,95",0,6,2022-07-11 22:32:34
11,ANALFABETO,FEMININO,45 a 49 anos,20,19,"0,95",0,2,2022-07-11 22:32:34
11,ANALFABETO,FEMININO,50 a 54 anos,42,39,"0,9286",0,5,2022-07-11 22:32:34
11,ANALFABETO,FEMININO,55 a 59 anos,71,65,"0,9155",0,5,2022-07-11 22:32:34
11,ANALFABETO,FEMININO,60 a 64 anos,74,73,"0,9865",0,5,2022-07-11 22:32:34
11,ANALFABETO,FEMININO,65 a 69 anos,99,94,"0,9495",0,6,2022-07-11 22:32:34
11,ANALFABETO,FEMININO,70 a 74 anos,116,114,"0,9828",0,11,2022-07-11 22:32:34
11,ANALFABETO,FEMININO,75 a 79 anos,62,62,1,0,2,2022-07-11 22:32:34
11,ANALFABETO,FEMININO,80 a 84 anos,38,38,1,0,6,2022-07-11 22:32:34
11,ANALFABETO,FEMININO,85 a 89 anos,19,18,"0,9474",0,3,2022-07-11 22:32:34
11,ANALFABETO,FEMININO,90 a 94 anos,8,8,1,0,1,2022-07-11 22:32:34
11,ANALFABETO,MASCULINO,18 anos,1,0,0,0,0,2022-07-11 22:32:34
11,ANALFABETO,MASCULINO,19 anos,2,0,0,0,0,2022-07-11 22:32:34
11,ANALFABETO,MASCULINO,21 a 24 anos,2,2,1,0,0,2022-07-11 22:32:34
11,ANALFABETO,MASCULINO,25 a 29 anos,20,16,"0,8",0,10,2022-07-11 22:32:34
11,ANALFABETO,MASCULINO,30 a 34 anos,17,15,"0,8824",0,5,2022-07-11 22:32:34
11,ANALFABETO,MASCULINO,35 a 39 anos,19,15,"0,7895",0,4,2022-07-11 22:32:34
11,ANALFABETO,MASCULINO,40 a 44 anos,28,23,"0,8214",0,4,2022-07-11 22:32:34
11,ANALFABETO,MASCULINO,45 a 49 anos,41,36,"0,878",0,5,2022-07-11 22:32:34
11,ANALFABETO,MASCULINO,50 a 54 anos,35,29,"0,8286",0,4,2022-07-11 22:32:34
11,ANALFABETO,MASCULINO,55 a 59 anos,41,35,"0,8537",0,4,2022-07-11 22:32:34
11,ANALFABETO,MASCULINO,60 a 64 anos,44,41,"0,9318",0,7,2022-07-11 22:32:34
11,ANALFABETO,MASCULINO,65 a 69 anos,45,36,"0,8",0,6,2022-07-11 22:32:34
11,ANALFABETO,MASCULINO,70 a 74 anos,46,45,"0,9783",0,2,2022-07-11 22:32:34
11,ANALFABETO,MASCULINO,75 a 79 anos,26,26,1,0,2,2022-07-11 22:32:34
11,ANALFABETO,MASCULINO,80 a 84 anos,12,12,1,0,0,2022-07-11 22:32:34
11,ANALFABETO,MASCULINO,85 a 89 anos,4,4,1,0,0,2022-07-11 22:32:34
11,ENSINO FUNDAMENTAL COMPLETO,FEMININO,16 anos,20,0,0,1,0,2022-07-11 22:32:34
11,ENSINO FUNDAMENTAL COMPLETO,FEMININO,17 anos,40,0,0,0,0,2022-07-11 22:32:34
11,ENSINO FUNDAMENTAL COMPLETO,FEMININO,18 anos,28,1,"0,0357",0,0,2022-07-11 22:32:34
11,ENSINO FUNDAMENTAL COMPLETO,FEMININO,19 anos,29,4,"0,1379",0,0,2022-07-11 22:32:34
11,ENSINO FUNDAMENTAL COMPLETO,FEMININO,20 anos,16,4,"0,25",0,0,2022-07-11 22:32:34
11,ENSINO FUNDAMENTAL COMPLETO,FEMININO,21 a 24 anos,144,121,"0,8403",0,0,2022-07-11 22:32:34
11,ENSINO FUNDAMENTAL COMPLETO,FEMININO,25 a 29 anos,174,170,"0,977",0,2,2022-07-11 22:32:34
11,ENSINO FUNDAMENTAL COMPLETO,FEMININO,30 a 34 anos,188,184,"0,9787",0,0,2022-07-11 22:32:34
11,ENSINO FUNDAMENTAL COMPLETO,FEMININO,35 a 39 anos,267,265,"0,9925",0,2,2022-07-11 22:32:34
11,ENSINO FUNDAMENTAL COMPLETO,FEMININO,40 a 44 anos,346,340,"0,9827",1,2,2022-07-11 22:32:34
11,ENSINO FUNDAMENTAL COMPLETO,FEMININO,45 a 49 anos,411,403,"0,9805",0,2,2022-07-11 22:32:34
11,ENSINO FUNDAMENTAL COMPLETO,FEMININO,50 a 54 anos,403,394,"0,9777",0,3,2022-07-11 22:32:34
11,ENSINO FUNDAMENTAL COMPLETO,FEMININO,55 a 59 anos,366,363,"0,9918",1,3,2022-07-11 22:32:34
11,ENSINO FUNDAMENTAL COMPLETO,FEMININO,60 a 64 anos,397,396,"0,9975",0,5,2022-07-11 22:32:34
11,ENSINO FUNDAMENTAL COMPLETO,FEMININO,65 a 69 anos,309,307,"0,9935",0,16,2022-07-11 22:32:34
11,ENSINO FUNDAMENTAL COMPLETO,FEMININO,70 a 74 anos,187,186,"0,9947",0,19,2022-07-11 22:32:34
11,ENSINO FUNDAMENTAL COMPLETO,FEMININO,75 a 79 anos,93,91,"0,9785",0,3,2022-07-11 22:32:34
11,ENSINO FUNDAMENTAL COMPLETO,FEMININO,80 a 84 anos,32,30,"0,9375",0,1,2022-07-11 22:32:34
11,ENSINO FUNDAMENTAL COMPLETO,FEMININO,85 a 89 anos,8,7,"0,875",0,1,2022-07-11 22:32:34
11,ENSINO FUNDAMENTAL COMPLETO,FEMININO,90 a 94 anos,3,3,1,0,0,2022-07-11 22:32:34
11,ENSINO FUNDAMENTAL COMPLETO,MASCULINO,16 anos,12,0,0,0,0,2022-07-11 22:32:34
11,ENSINO FUNDAMENTAL COMPLETO,MASCULINO,17 anos,17,0,0,1,0,2022-07-11 22:32:34
11,ENSINO FUNDAMENTAL COMPLETO,MASCULINO,18 anos,26,1,"0,0385",0,0,2022-07-11 22:32:34
11,ENSINO FUNDAMENTAL COMPLETO,MASCULINO,19 anos,16,8,"0,5",0,0,2022-07-11 22:32:34
11,ENSINO FUNDAMENTAL COMPLETO,MASCULINO,20 anos,34,17,"0,5",0,0,2022-07-11 22:32:34
11,ENSINO FUNDAMENTAL COMPLETO,MASCULINO,21 a 24 anos,152,140,"0,9211",0,0,2022-07-11 22:32:34
11,ENSINO FUNDAMENTAL COMPLETO,MASCULINO,25 a 29 anos,246,236,"0,9593",0,2,2022-07-11 22:32:34
11,ENSINO FUNDAMENTAL COMPLETO,MASCULINO,30 a 34 anos,275,271,"0,9855",0,2,2022-07-11 22:32:34
11,ENSINO FUNDAMENTAL COMPLETO,MASCULINO,35 a 39 anos,309,299,"0,9676",0,5,2022-07-11 22:32:34
11,ENSINO FUNDAMENTAL COMPLETO,MASCULINO,40 a 44 anos,418,407,"0,9737",0,1,2022-07-11 22:32:34
11,ENSINO FUNDAMENTAL COMPLETO,MASCULINO,45 a 49 anos,393,385,"0,9796",0,0,2022-07-11 22:32:34
11,ENSINO FUNDAMENTAL COMPLETO,MASCULINO,50 a 54 anos,419,404,"0,9642",0,3,2022-07-11 22:32:34
11,ENSINO FUNDAMENTAL COMPLETO,MASCULINO,55 a 59 anos,406,394,"0,9704",0,6,2022-07-11 22:32:34
11,ENSINO FUNDAMENTAL COMPLETO,MASCULINO,60 a 64 anos,357,353,"0,9888",1,6,2022-07-11 22:32:34
11,ENSINO FUNDAMENTAL COMPLETO,MASCULINO,65 a 69 anos,277,275,"0,9928",0,16,2022-07-11 22:32:34
11,ENSINO FUNDAMENTAL COMPLETO,MASCULINO,70 a 74 anos,180,180,1,0,12,2022-07-11 22:32:34
11,ENSINO FUNDAMENTAL COMPLETO,MASCULINO,75 a 79 anos,87,85,"0,977",0,2,2022-07-11 22:32:34
11,ENSINO FUNDAMENTAL COMPLETO,MASCULINO,80 a 84 anos,30,30,1,0,1,2022-07-11 22:32:34
11,ENSINO FUNDAMENTAL COMPLETO,MASCULINO,85 a 89 anos,10,10,1,0,1,2022-07-11 22:32:34
11,ENSINO FUNDAMENTAL INCOMPLETO,FEMININO,16 anos,31,0,0,0,0,2022-07-11 22:32:34
11,ENSINO FUNDAMENTAL INCOMPLETO,FEMININO,17 anos,35,0,0,0,0,2022-07-11 22:32:34
11,ENSINO FUNDAMENTAL INCOMPLETO,FEMININO,18 anos,33,2,"0,0606",0,1,2022-07-11 22:32:34
11,ENSINO FUNDAMENTAL INCOMPLETO,FEMININO,19 anos,63,20,"0,3175",0,0,2022-07-11 22:32:34
11,ENSINO FUNDAMENTAL INCOMPLETO,FEMININO,20 anos,92,50,"0,5435",0,0,2022-07-11 22:32:34
11,ENSINO FUNDAMENTAL INCOMPLETO,FEMININO,21 a 24 anos,756,689,"0,9114",0,7,2022-07-11 22:32:34
11,ENSINO FUNDAMENTAL INCOMPLETO,FEMININO,25 a 29 anos,823,805,"0,9781",1,4,2022-07-11 22:32:34
11,ENSINO FUNDAMENTAL INCOMPLETO,FEMININO,30 a 34 anos,722,713,"0,9875",0,3,2022-07-11 22:32:34
11,ENSINO FUNDAMENTAL INCOMPLETO,FEMININO,35 a 39 anos,1027,1007,"0,9805",0,10,2022-07-11 22:32:34
11,ENSINO FUNDAMENTAL INCOMPLETO,FEMININO,40 a 44 anos,1446,1420,"0,982",0,11,2022-07-11 22:32:34
11,ENSINO FUNDAMENTAL INCOMPLETO,FEMININO,45 a 49 anos,1658,1639,"0,9885",0,18,2022-07-11 22:32:34
11,ENSINO FUNDAMENTAL INCOMPLETO,FEMININO,50 a 54 anos,1605,1590,"0,9907",0,10,2022-07-11 22:32:34
11,ENSINO FUNDAMENTAL INCOMPLETO,FEMININO,55 a 59 anos,1636,1616,"0,9878",0,20,2022-07-11 22:32:34
11,ENSINO FUNDAMENTAL INCOMPLETO,FEMININO,60 a 64 anos,1278,1269,"0,993",1,22,2022-07-11 22:32:34
11,ENSINO FUNDAMENTAL INCOMPLETO,FEMININO,65 a 69 anos,991,984,"0,9929",0,54,2022-07-11 22:32:34
11,ENSINO FUNDAMENTAL INCOMPLETO,FEMININO,70 a 74 anos,680,679,"0,9985",0,32,2022-07-11 22:32:34
11,ENSINO FUNDAMENTAL INCOMPLETO,FEMININO,75 a 79 anos,316,316,1,0,21,2022-07-11 22:32:34
11,ENSINO FUNDAMENTAL INCOMPLETO,FEMININO,80 a 84 anos,122,121,"0,9918",0,16,2022-07-11 22:32:34
11,ENSINO FUNDAMENTAL INCOMPLETO,FEMININO,85 a 89 anos,48,46,"0,9583",0,6,2022-07-11 22:32:34
11,ENSINO FUNDAMENTAL INCOMPLETO,FEMININO,90 a 94 anos,7,7,1,0,0,2022-07-11 22:32:34
11,ENSINO FUNDAMENTAL INCOMPLETO,FEMININO,95 a 99 anos,3,3,1,0,0,2022-07-11 22:32:34
11,ENSINO FUNDAMENTAL INCOMPLETO,MASCULINO,16 anos,39,0,0,0,0,2022-07-11 22:32:34
11,ENSINO FUNDAMENTAL INCOMPLETO,MASCULINO,17 anos,47,0,0,1,1,2022-07-11 22:32:34
11,ENSINO FUNDAMENTAL INCOMPLETO,MASCULINO,18 anos,68,1,"0,0147",0,2,2022-07-11 22:32:34
11,ENSINO FUNDAMENTAL INCOMPLETO,MASCULINO,19 anos,95,32,"0,3368",1,0,2022-07-11 22:32:34
11,ENSINO FUNDAMENTAL INCOMPLETO,MASCULINO,20 anos,125,65,"0,52",1,2,2022-07-11 22:32:34
11,ENSINO FUNDAMENTAL INCOMPLETO,MASCULINO,21 a 24 anos,971,874,"0,9001",0,9,2022-07-11 22:32:34
11,ENSINO FUNDAMENTAL INCOMPLETO,MASCULINO,25 a 29 anos,1238,1194,"0,9645",0,10,2022-07-11 22:32:34
11,ENSINO FUNDAMENTAL INCOMPLETO,MASCULINO,30 a 34 anos,928,900,"0,9698",1,8,2022-07-11 22:32:34
11,ENSINO FUNDAMENTAL INCOMPLETO,MASCULINO,35 a 39 anos,1201,1159,"0,965",0,8,2022-07-11 22:32:34
11,ENSINO FUNDAMENTAL INCOMPLETO,MASCULINO,40 a 44 anos,1485,1442,"0,971",0,14,2022-07-11 22:32:34
11,ENSINO FUNDAMENTAL INCOMPLETO,MASCULINO,45 a 49 anos,1591,1542,"0,9692",0,8,2022-07-11 22:32:34
11,ENSINO FUNDAMENTAL INCOMPLETO,MASCULINO,50 a 54 anos,1500,1468,"0,9787",0,12,2022-07-11 22:32:34
11,ENSINO FUNDAMENTAL INCOMPLETO,MASCULINO,55 a 59 anos,1308,1280,"0,9786",0,19,2022-07-11 22:32:34
11,ENSINO FUNDAMENTAL INCOMPLETO,MASCULINO,60 a 64 anos,1053,1036,"0,9839",0,17,2022-07-11 22:32:34
11,ENSINO FUNDAMENTAL INCOMPLETO,MASCULINO,65 a 69 anos,718,708,"0,9861",0,40,2022-07-11 22:32:34
11,ENSINO FUNDAMENTAL INCOMPLETO,MASCULINO,70 a 74 anos,526,525,"0,9981",0,30,2022-07-11 22:32:34
11,ENSINO FUNDAMENTAL INCOMPLETO,MASCULINO,75 a 79 anos,233,230,"0,9871",0,13,2022-07-11 22:32:34
11,ENSINO FUNDAMENTAL INCOMPLETO,MASCULINO,80 a 84 anos,95,93,"0,9789",0,2,2022-07-11 22:32:34
11,ENSINO FUNDAMENTAL INCOMPLETO,MASCULINO,85 a 89 anos,20,19,"0,95",0,1,2022-07-11 22:32:34
11,ENSINO FUNDAMENTAL INCOMPLETO,MASCULINO,90 a 94 anos,3,3,1,0,0,2022-07-11 22:32:34
11,ENSINO FUNDAMENTAL INCOMPLETO,MASCULINO,95 a 99 anos,3,3,1,0,0,2022-07-11 22:32:34
11,ENSINO MÉDIO COMPLETO,FEMININO,16 anos,8,0,0,0,0,2022-07-11 22:32:34
11,ENSINO MÉDIO COMPLETO,FEMININO,17 anos,39,0,0,0,0,2022-07-11 22:32:34
11,ENSINO MÉDIO COMPLETO,FEMININO,18 anos,254,1,"0,0039",1,1,2022-07-11 22:32:34
11,ENSINO MÉDIO COMPLETO,FEMININO,19 anos,343,20,"0,0583",1,1,2022-07-11 22:32:34
11,ENSINO MÉDIO COMPLETO,FEMININO,20 anos,427,91,"0,2131",3,1,2022-07-11 22:32:34
11,ENSINO MÉDIO COMPLETO,FEMININO,21 a 24 anos,1666,1392,"0,8355",1,3,2022-07-11 22:32:34
11,ENSINO MÉDIO COMPLETO,FEMININO,25 a 29 anos,3119,3082,"0,9881",0,4,2022-07-11 22:32:34
11,ENSINO MÉDIO COMPLETO,FEMININO,30 a 34 anos,3094,3045,"0,9842",0,12,2022-07-11 22:32:34
11,ENSINO MÉDIO COMPLETO,FEMININO,35 a 39 anos,3748,3699,"0,9869",2,4,2022-07-11 22:32:34
11,ENSINO MÉDIO COMPLETO,FEMININO,40 a 44 anos,4059,4025,"0,9916",0,16,2022-07-11 22:32:34
11,ENSINO MÉDIO COMPLETO,FEMININO,45 a 49 anos,2974,2955,"0,9936",0,11,2022-07-11 22:32:34
11,ENSINO MÉDIO COMPLETO,FEMININO,50 a 54 anos,2330,2301,"0,9876",0,13,2022-07-11 22:32:34
11,ENSINO MÉDIO COMPLETO,FEMININO,55 a 59 anos,1672,1658,"0,9916",0,10,2022-07-11 22:32:34
11,ENSINO MÉDIO COMPLETO,FEMININO,60 a 64 anos,1107,1101,"0,9946",0,9,2022-07-11 22:32:34
11,ENSINO MÉDIO COMPLETO,FEMININO,65 a 69 anos,656,650,"0,9909",1,28,2022-07-11 22:32:34
11,ENSINO MÉDIO COMPLETO,FEMININO,70 a 74 anos,395,393,"0,9949",0,24,2022-07-11 22:32:34
11,ENSINO MÉDIO COMPLETO,FEMININO,75 a 79 anos,146,145,"0,9932",0,6,2022-07-11 22:32:34
11,ENSINO MÉDIO COMPLETO,FEMININO,80 a 84 anos,48,47,"0,9792",0,3,2022-07-11 22:32:34
11,ENSINO MÉDIO COMPLETO,FEMININO,85 a 89 anos,16,16,1,0,2,2022-07-11 22:32:34
11,ENSINO MÉDIO COMPLETO,FEMININO,90 a 94 anos,2,2,1,0,0,2022-07-11 22:32:34
11,ENSINO MÉDIO COMPLETO,FEMININO,95 a 99 anos,1,1,1,0,0,2022-07-11 22:32:34
11,ENSINO MÉDIO COMPLETO,MASCULINO,16 anos,3,0,0,0,0,2022-07-11 22:32:34
11,ENSINO MÉDIO COMPLETO,MASCULINO,17 anos,19,0,0,0,0,2022-07-11 22:32:34
11,ENSINO MÉDIO COMPLETO,MASCULINO,18 anos,192,0,0,0,0,2022-07-11 22:32:34
11,ENSINO MÉDIO COMPLETO,MASCULINO,19 anos,225,6,"0,0267",1,1,2022-07-11 22:32:34
11,ENSINO MÉDIO COMPLETO,MASCULINO,20 anos,243,69,"0,284",1,0,2022-07-11 22:32:34
11,ENSINO MÉDIO COMPLETO,MASCULINO,21 a 24 anos,1116,918,"0,8226",1,2,2022-07-11 22:32:34
11,ENSINO MÉDIO COMPLETO,MASCULINO,25 a 29 anos,2407,2353,"0,9776",1,4,2022-07-11 22:32:34
11,ENSINO MÉDIO COMPLETO,MASCULINO,30 a 34 anos,2395,2359,"0,985",0,7,2022-07-11 22:32:34
11,ENSINO MÉDIO COMPLETO,MASCULINO,35 a 39 anos,3004,2951,"0,9824",0,14,2022-07-11 22:32:34
11,ENSINO MÉDIO COMPLETO,MASCULINO,40 a 44 anos,2975,2924,"0,9829",0,11,2022-07-11 22:32:34
11,ENSINO MÉDIO COMPLETO,MASCULINO,45 a 49 anos,2207,2161,"0,9792",0,10,2022-07-11 22:32:34
11,ENSINO MÉDIO COMPLETO,MASCULINO,50 a 54 anos,1655,1637,"0,9891",0,7,2022-07-11 22:32:34
11,ENSINO MÉDIO COMPLETO,MASCULINO,55 a 59 anos,1295,1277,"0,9861",0,11,2022-07-11 22:32:34
11,ENSINO MÉDIO COMPLETO,MASCULINO,60 a 64 anos,810,798,"0,9852",0,9,2022-07-11 22:32:34
11,ENSINO MÉDIO COMPLETO,MASCULINO,65 a 69 anos,497,491,"0,9879",0,17,2022-07-11 22:32:34
11,ENSINO MÉDIO COMPLETO,MASCULINO,70 a 74 anos,274,271,"0,9891",0,14,2022-07-11 22:32:34
11,ENSINO MÉDIO COMPLETO,MASCULINO,75 a 79 anos,93,93,1,0,6,2022-07-11 22:32:34
11,ENSINO MÉDIO COMPLETO,MASCULINO,80 a 84 anos,32,31,"0,9688",0,0,2022-07-11 22:32:34
11,ENSINO MÉDIO COMPLETO,MASCULINO,85 a 89 anos,11,11,1,0,1,2022-07-11 22:32:34
11,ENSINO MÉDIO COMPLETO,MASCULINO,90 a 94 anos,4,4,1,0,0,2022-07-11 22:32:34
11,ENSINO MÉDIO INCOMPLETO,FEMININO,16 anos,247,0,0,1,0,2022-07-11 22:32:34
11,ENSINO MÉDIO INCOMPLETO,FEMININO,17 anos,429,0,0,1,1,2022-07-11 22:32:34
11,ENSINO MÉDIO INCOMPLETO,FEMININO,18 anos,399,17,"0,0426",1,3,2022-07-11 22:32:34
11,ENSINO MÉDIO INCOMPLETO,FEMININO,19 anos,450,91,"0,2022",2,2,2022-07-11 22:32:34
11,ENSINO MÉDIO INCOMPLETO,FEMININO,20 anos,466,221,"0,4742",1,1,2022-07-11 22:32:34
11,ENSINO MÉDIO INCOMPLETO,FEMININO,21 a 24 anos,2245,2066,"0,9203",2,2,2022-07-11 22:32:34
11,ENSINO MÉDIO INCOMPLETO,FEMININO,25 a 29 anos,1385,1354,"0,9776",0,7,2022-07-11 22:32:34
11,ENSINO MÉDIO INCOMPLETO,FEMININO,30 a 34 anos,905,887,"0,9801",0,1,2022-07-11 22:32:34
11,ENSINO MÉDIO INCOMPLETO,FEMININO,35 a 39 anos,859,841,"0,979",0,6,2022-07-11 22:32:34
11,ENSINO MÉDIO INCOMPLETO,FEMININO,40 a 44 anos,843,835,"0,9905",0,3,2022-07-11 22:32:34
11,ENSINO MÉDIO INCOMPLETO,FEMININO,45 a 49 anos,707,694,"0,9816",0,3,2022-07-11 22:32:34
11,ENSINO MÉDIO INCOMPLETO,FEMININO,50 a 54 anos,617,606,"0,9822",0,5,2022-07-11 22:32:34
11,ENSINO MÉDIO INCOMPLETO,FEMININO,55 a 59 anos,424,420,"0,9906",0,4,2022-07-11 22:32:34
11,ENSINO MÉDIO INCOMPLETO,FEMININO,60 a 64 anos,302,300,"0,9934",0,3,2022-07-11 22:32:34
11,ENSINO MÉDIO INCOMPLETO,FEMININO,65 a 69 anos,188,186,"0,9894",0,6,2022-07-11 22:32:34
11,ENSINO MÉDIO INCOMPLETO,FEMININO,70 a 74 anos,95,95,1,0,3,2022-07-11 22:32:34
11,ENSINO MÉDIO INCOMPLETO,FEMININO,75 a 79 anos,40,40,1,0,1,2022-07-11 22:32:34
11,ENSINO MÉDIO INCOMPLETO,FEMININO,80 a 84 anos,12,12,1,0,0,2022-07-11 22:32:34
11,ENSINO MÉDIO INCOMPLETO,MASCULINO,16 anos,181,0,0,1,2,2022-07-11 22:32:34
11,ENSINO MÉDIO INCOMPLETO,MASCULINO,17 anos,294,0,0,1,1,2022-07-11 22:32:34
11,ENSINO MÉDIO INCOMPLETO,MASCULINO,18 anos,430,16,"0,0372",2,1,2022-07-11 22:32:34
11,ENSINO MÉDIO INCOMPLETO,MASCULINO,19 anos,410,63,"0,1537",1,6,2022-07-11 22:32:34
11,ENSINO MÉDIO INCOMPLETO,MASCULINO,20 anos,469,231,"0,4925",4,0,2022-07-11 22:32:34
11,ENSINO MÉDIO INCOMPLETO,MASCULINO,21 a 24 anos,2143,1983,"0,9253",2,6,2022-07-11 22:32:34
11,ENSINO MÉDIO INCOMPLETO,MASCULINO,25 a 29 anos,1395,1368,"0,9806",0,7,2022-07-11 22:32:34
11,ENSINO MÉDIO INCOMPLETO,MASCULINO,30 a 34 anos,899,877,"0,9755",0,2,2022-07-11 22:32:34
11,ENSINO MÉDIO INCOMPLETO,MASCULINO,35 a 39 anos,886,855,"0,965",0,3,2022-07-11 22:32:34
11,ENSINO MÉDIO INCOMPLETO,MASCULINO,40 a 44 anos,883,862,"0,9762",1,3,2022-07-11 22:32:34
11,ENSINO MÉDIO INCOMPLETO,MASCULINO,45 a 49 anos,674,655,"0,9718",0,6,2022-07-11 22:32:34
11,ENSINO MÉDIO INCOMPLETO,MASCULINO,50 a 54 anos,499,482,"0,9659",0,2,2022-07-11 22:32:34
11,ENSINO MÉDIO INCOMPLETO,MASCULINO,55 a 59 anos,381,373,"0,979",0,3,2022-07-11 22:32:34
11,ENSINO MÉDIO INCOMPLETO,MASCULINO,60 a 64 anos,232,228,"0,9828",0,3,2022-07-11 22:32:34
11,ENSINO MÉDIO INCOMPLETO,MASCULINO,65 a 69 anos,139,136,"0,9784",0,6,2022-07-11 22:32:34
11,ENSINO MÉDIO INCOMPLETO,MASCULINO,70 a 74 anos,77,77,1,0,3,2022-07-11 22:32:34
11,ENSINO MÉDIO INCOMPLETO,MASCULINO,75 a 79 anos,23,23,1,0,3,2022-07-11 22:32:34
11,ENSINO MÉDIO INCOMPLETO,MASCULINO,80 a 84 anos,18,17,"0,9444",0,3,2022-07-11 22:32:34
11,ENSINO MÉDIO INCOMPLETO,MASCULINO,85 a 89 anos,2,2,1,0,2,2022-07-11 22:32:34
11,ENSINO MÉDIO INCOMPLETO,MASCULINO,90 a 94 anos,1,1,1,0,0,2022-07-11 22:32:34
11,LÊ E ESCREVE,FEMININO,16 anos,1,0,0,0,0,2022-07-11 22:32:34
11,LÊ E ESCREVE,FEMININO,17 anos,3,0,0,0,0,2022-07-11 22:32:34
11,LÊ E ESCREVE,FEMININO,18 anos,5,0,0,0,0,2022-07-11 22:32:34
11,LÊ E ESCREVE,FEMININO,19 anos,2,0,0,0,0,2022-07-11 22:32:34
11,LÊ E ESCREVE,FEMININO,20 anos,5,1,"0,2",0,0,2022-07-11 22:32:34
11,LÊ E ESCREVE,FEMININO,21 a 24 anos,14,8,"0,5714",0,1,2022-07-11 22:32:34
11,LÊ E ESCREVE,FEMININO,25 a 29 anos,31,28,"0,9032",0,1,2022-07-11 22:32:34
11,LÊ E ESCREVE,FEMININO,30 a 34 anos,24,23,"0,9583",0,0,2022-07-11 22:32:34
11,LÊ E ESCREVE,FEMININO,35 a 39 anos,48,47,"0,9792",0,1,2022-07-11 22:32:34
11,LÊ E ESCREVE,FEMININO,40 a 44 anos,86,82,"0,9535",0,4,2022-07-11 22:32:34
11,LÊ E ESCREVE,FEMININO,45 a 49 anos,162,156,"0,963",0,6,2022-07-11 22:32:34
11,LÊ E ESCREVE,FEMININO,50 a 54 anos,269,262,"0,974",0,1,2022-07-11 22:32:34
11,LÊ E ESCREVE,FEMININO,55 a 59 anos,363,354,"0,9752",0,9,2022-07-11 22:32:34
11,LÊ E ESCREVE,FEMININO,60 a 64 anos,429,423,"0,986",0,3,2022-07-11 22:32:34
11,LÊ E ESCREVE,FEMININO,65 a 69 anos,510,508,"0,9961",0,27,2022-07-11 22:32:34
11,LÊ E ESCREVE,FEMININO,70 a 74 anos,432,431,"0,9977",0,33,2022-07-11 22:32:34
11,LÊ E ESCREVE,FEMININO,75 a 79 anos,235,232,"0,9872",0,17,2022-07-11 22:32:34
11,LÊ E ESCREVE,FEMININO,80 a 84 anos,108,107,"0,9907",0,7,2022-07-11 22:32:34
11,LÊ E ESCREVE,FEMININO,85 a 89 anos,39,37,"0,9487",0,7,2022-07-11 22:32:34
11,LÊ E ESCREVE,FEMININO,90 a 94 anos,9,9,1,0,1,2022-07-11 22:32:34
11,LÊ E ESCREVE,FEMININO,95 a 99 anos,1,1,1,0,0,2022-07-11 22:32:34
11,LÊ E ESCREVE,MASCULINO,17 anos,2,0,0,0,0,2022-07-11 22:32:34
11,LÊ E ESCREVE,MASCULINO,18 anos,2,0,0,0,0,2022-07-11 22:32:34
11,LÊ E ESCREVE,MASCULINO,20 anos,6,1,"0,1667",0,1,2022-07-11 22:32:34
11,LÊ E ESCREVE,MASCULINO,21 a 24 anos,22,15,"0,6818",0,2,2022-07-11 22:32:34
11,LÊ E ESCREVE,MASCULINO,25 a 29 anos,39,34,"0,8718",0,2,2022-07-11 22:32:34
11,LÊ E ESCREVE,MASCULINO,30 a 34 anos,45,35,"0,7778",0,3,2022-07-11 22:32:34
11,LÊ E ESCREVE,MASCULINO,35 a 39 anos,86,75,"0,8721",0,5,2022-07-11 22:32:34
11,LÊ E ESCREVE,MASCULINO,40 a 44 anos,129,119,"0,9225",0,4,2022-07-11 22:32:34
11,LÊ E ESCREVE,MASCULINO,45 a 49 anos,181,166,"0,9171",0,2,2022-07-11 22:32:34
11,LÊ E ESCREVE,MASCULINO,50 a 54 anos,255,239,"0,9373",0,7,2022-07-11 22:32:34
11,LÊ E ESCREVE,MASCULINO,55 a 59 anos,312,302,"0,9679",0,7,2022-07-11 22:32:34
11,LÊ E ESCREVE,MASCULINO,60 a 64 anos,321,310,"0,9657",0,9,2022-07-11 22:32:34
11,LÊ E ESCREVE,MASCULINO,65 a 69 anos,352,344,"0,9773",0,18,2022-07-11 22:32:34
11,LÊ E ESCREVE,MASCULINO,70 a 74 anos,301,298,"0,99",0,17,2022-07-11 22:32:34
11,LÊ E ESCREVE,MASCULINO,75 a 79 anos,140,137,"0,9786",0,11,2022-07-11 22:32:34
11,LÊ E ESCREVE,MASCULINO,80 a 84 anos,56,53,"0,9464",0,6,2022-07-11 22:32:34
11,LÊ E ESCREVE,MASCULINO,85 a 89 anos,20,19,"0,95",0,1,2022-07-11 22:32:34
11,LÊ E ESCREVE,MASCULINO,90 a 94 anos,2,2,1,0,0,2022-07-11 22:32:34
11,SUPERIOR COMPLETO,FEMININO,18 anos,1,0,0,0,0,2022-07-11 22:32:34
11,SUPERIOR COMPLETO,FEMININO,20 anos,2,0,0,0,0,2022-07-11 22:32:34
11,SUPERIOR COMPLETO,FEMININO,21 a 24 anos,13,10,"0,7692",0,0,2022-07-11 22:32:34
11,SUPERIOR COMPLETO,FEMININO,25 a 29 anos,307,305,"0,9935",0,0,2022-07-11 22:32:34
11,SUPERIOR COMPLETO,FEMININO,30 a 34 anos,750,738,"0,984",0,3,2022-07-11 22:32:34
11,SUPERIOR COMPLETO,FEMININO,35 a 39 anos,1007,1001,"0,994",0,2,2022-07-11 22:32:34
11,SUPERIOR COMPLETO,FEMININO,40 a 44 anos,994,990,"0,996",1,0,2022-07-11 22:32:34
11,SUPERIOR COMPLETO,FEMININO,45 a 49 anos,742,739,"0,996",0,2,2022-07-11 22:32:34
11,SUPERIOR COMPLETO,FEMININO,50 a 54 anos,449,446,"0,9933",0,2,2022-07-11 22:32:34
11,SUPERIOR COMPLETO,FEMININO,55 a 59 anos,283,281,"0,9929",0,2,2022-07-11 22:32:34
11,SUPERIOR COMPLETO,FEMININO,60 a 64 anos,142,142,1,0,2,2022-07-11 22:32:34
11,SUPERIOR COMPLETO,FEMININO,65 a 69 anos,75,75,1,0,2,2022-07-11 22:32:34
11,SUPERIOR COMPLETO,FEMININO,70 a 74 anos,53,53,1,0,2,2022-07-11 22:32:34
11,SUPERIOR COMPLETO,FEMININO,75 a 79 anos,11,11,1,0,0,2022-07-11 22:32:34
11,SUPERIOR COMPLETO,FEMININO,80 a 84 anos,13,12,"0,9231",0,2,2022-07-11 22:32:34
11,SUPERIOR COMPLETO,FEMININO,85 a 89 anos,1,1,1,0,0,2022-07-11 22:32:34
11,SUPERIOR COMPLETO,MASCULINO,18 anos,1,0,0,0,0,2022-07-11 22:32:34
11,SUPERIOR COMPLETO,MASCULINO,21 a 24 anos,7,6,"0,8571",1,0,2022-07-11 22:32:34
11,SUPERIOR COMPLETO,MASCULINO,25 a 29 anos,121,120,"0,9917",0,0,2022-07-11 22:32:34
11,SUPERIOR COMPLETO,MASCULINO,30 a 34 anos,360,355,"0,9861",0,0,2022-07-11 22:32:34
11,SUPERIOR COMPLETO,MASCULINO,35 a 39 anos,492,483,"0,9817",0,0,2022-07-11 22:32:34
11,SUPERIOR COMPLETO,MASCULINO,40 a 44 anos,500,493,"0,986",0,1,2022-07-11 22:32:34
11,SUPERIOR COMPLETO,MASCULINO,45 a 49 anos,394,392,"0,9949",0,3,2022-07-11 22:32:34
11,SUPERIOR COMPLETO,MASCULINO,50 a 54 anos,246,245,"0,9959",0,4,2022-07-11 22:32:34
11,SUPERIOR COMPLETO,MASCULINO,55 a 59 anos,144,144,1,0,1,2022-07-11 22:32:34
11,SUPERIOR COMPLETO,MASCULINO,60 a 64 anos,69,69,1,0,2,2022-07-11 22:32:34
11,SUPERIOR COMPLETO,MASCULINO,65 a 69 anos,33,33,1,0,2,2022-07-11 22:32:34
11,SUPERIOR COMPLETO,MASCULINO,70 a 74 anos,31,31,1,0,0,2022-07-11 22:32:34
11,SUPERIOR COMPLETO,MASCULINO,75 a 79 anos,14,14,1,0,1,2022-07-11 22:32:34
11,SUPERIOR COMPLETO,MASCULINO,80 a 84 anos,1,1,1,0,0,2022-07-11 22:32:34
11,SUPERIOR COMPLETO,MASCULINO,90 a 94 anos,1,1,1,0,0,2022-07-11 22:32:34
11,SUPERIOR INCOMPLETO,FEMININO,16 anos,1,0,0,0,0,2022-07-11 22:32:34
11,SUPERIOR INCOMPLETO,FEMININO,17 anos,3,0,0,0,0,2022-07-11 22:32:34
11,SUPERIOR INCOMPLETO,FEMININO,18 anos,11,0,0,1,0,2022-07-11 22:32:34
11,SUPERIOR INCOMPLETO,FEMININO,19 anos,25,0,0,0,0,2022-07-11 22:32:34
11,SUPERIOR INCOMPLETO,FEMININO,20 anos,44,10,"0,2273",0,0,2022-07-11 22:32:34
11,SUPERIOR INCOMPLETO,FEMININO,21 a 24 anos,265,230,"0,8679",1,0,2022-07-11 22:32:34
11,SUPERIOR INCOMPLETO,FEMININO,25 a 29 anos,903,894,"0,99",0,1,2022-07-11 22:32:34
11,SUPERIOR INCOMPLETO,FEMININO,30 a 34 anos,596,591,"0,9916",0,1,2022-07-11 22:32:34
11,SUPERIOR INCOMPLETO,FEMININO,35 a 39 anos,545,535,"0,9817",1,4,2022-07-11 22:32:34
11,SUPERIOR INCOMPLETO,FEMININO,40 a 44 anos,483,477,"0,9876",0,0,2022-07-11 22:32:34
11,SUPERIOR INCOMPLETO,FEMININO,45 a 49 anos,232,230,"0,9914",0,1,2022-07-11 22:32:34
11,SUPERIOR INCOMPLETO,FEMININO,50 a 54 anos,166,163,"0,9819",0,1,2022-07-11 22:32:34
11,SUPERIOR INCOMPLETO,FEMININO,55 a 59 anos,88,87,"0,9886",0,1,2022-07-11 22:32:34
11,SUPERIOR INCOMPLETO,FEMININO,60 a 64 anos,42,42,1,0,0,2022-07-11 22:32:34
11,SUPERIOR INCOMPLETO,FEMININO,65 a 69 anos,21,20,"0,9524",0,2,2022-07-11 22:32:34
11,SUPERIOR INCOMPLETO,FEMININO,70 a 74 anos,8,8,1,0,0,2022-07-11 22:32:34
11,SUPERIOR INCOMPLETO,FEMININO,75 a 79 anos,3,2,"0,6667",0,0,2022-07-11 22:32:34
11,SUPERIOR INCOMPLETO,MASCULINO,16 anos,2,0,0,0,0,2022-07-11 22:32:34
11,SUPERIOR INCOMPLETO,MASCULINO,17 anos,3,0,0,0,0,2022-07-11 22:32:34
11,SUPERIOR INCOMPLETO,MASCULINO,18 anos,19,0,0,0,0,2022-07-11 22:32:34
11,SUPERIOR INCOMPLETO,MASCULINO,19 anos,23,0,0,0,0,2022-07-11 22:32:34
11,SUPERIOR INCOMPLETO,MASCULINO,20 anos,34,6,"0,1765",0,0,2022-07-11 22:32:34
11,SUPERIOR INCOMPLETO,MASCULINO,21 a 24 anos,166,146,"0,8795",0,1,2022-07-11 22:32:34
11,SUPERIOR INCOMPLETO,MASCULINO,25 a 29 anos,533,522,"0,9794",0,1,2022-07-11 22:32:34
11,SUPERIOR INCOMPLETO,MASCULINO,30 a 34 anos,427,421,"0,9859",0,0,2022-07-11 22:32:34
11,SUPERIOR INCOMPLETO,MASCULINO,35 a 39 anos,341,333,"0,9765",0,0,2022-07-11 22:32:34
11,SUPERIOR INCOMPLETO,MASCULINO,40 a 44 anos,298,292,"0,9799",0,2,2022-07-11 22:32:34
11,SUPERIOR INCOMPLETO,MASCULINO,45 a 49 anos,190,187,"0,9842",0,0,2022-07-11 22:32:34
11,SUPERIOR INCOMPLETO,MASCULINO,50 a 54 anos,109,106,"0,9725",0,1,2022-07-11 22:32:34
11,SUPERIOR INCOMPLETO,MASCULINO,55 a 59 anos,75,75,1,0,0,2022-07-11 22:32:34
11,SUPERIOR INCOMPLETO,MASCULINO,60 a 64 anos,45,45,1,0,0,2022-07-11 22:32:34
11,SUPERIOR INCOMPLETO,MASCULINO,65 a 69 anos,15,15,1,0,0,2022-07-11 22:32:34
11,SUPERIOR INCOMPLETO,MASCULINO,70 a 74 anos,17,17,1,0,1,2022-07-11 22:32:34
11,SUPERIOR INCOMPLETO,MASCULINO,75 a 79 anos,6,6,1,0,0,2022-07-11 22:32:34
11,SUPERIOR INCOMPLETO,MASCULINO,80 a 84 anos,4,4,1,0,0,2022-07-11 22:32:34
12,ANALFABETO,FEMININO,17 anos,1,0,0,0,1,2022-07-11 22:32:34
12,ANALFABETO,FEMININO,19 anos,1,0,0,0,0,2022-07-11 22:32:34
12,ANALFABETO,FEMININO,20 anos,1,0,0,0,1,2022-07-11 22:32:34
12,ANALFABETO,FEMININO,21 a 24 anos,4,4,1,0,1,2022-07-11 22:32:34
12,ANALFABETO,FEMININO,25 a 29 anos,10,9,"0,9",0,3,2022-07-11 22:32:34
12,ANALFABETO,FEMININO,30 a 34 anos,4,4,1,0,2,2022-07-11 22:32:34
12,ANALFABETO,FEMININO,35 a 39 anos,13,13,1,0,6,2022-07-11 22:32:34
12,ANALFABETO,FEMININO,40 a 44 anos,25,20,"0,8",0,4,2022-07-11 22:32:34
12,ANALFABETO,FEMININO,45 a 49 anos,31,29,"0,9355",0,1,2022-07-11 22:32:34
12,ANALFABETO,FEMININO,50 a 54 anos,45,43,"0,9556",0,3,2022-07-11 22:32:34
12,ANALFABETO,FEMININO,55 a 59 anos,63,59,"0,9365",0,1,2022-07-11 22:32:34
12,ANALFABETO,FEMININO,60 a 64 anos,66,64,"0,9697",0,1,2022-07-11 22:32:34
12,ANALFABETO,FEMININO,65 a 69 anos,84,78,"0,9286",0,6,2022-07-11 22:32:34
12,ANALFABETO,FEMININO,70 a 74 anos,80,79,"0,9875",0,9,2022-07-11 22:32:34
12,ANALFABETO,FEMININO,75 a 79 anos,40,40,1,0,1,2022-07-11 22:32:34
12,ANALFABETO,FEMININO,80 a 84 anos,18,18,1,0,1,2022-07-11 22:32:34
12,ANALFABETO,FEMININO,85 a 89 anos,6,6,1,0,0,2022-07-11 22:32:34
12,ANALFABETO,FEMININO,90 a 94 anos,3,3,1,0,0,2022-07-11 22:32:34
12,ANALFABETO,FEMININO,95 a 99 anos,1,1,1,0,0,2022-07-11 22:32:34
12,ANALFABETO,MASCULINO,17 anos,1,0,0,0,1,2022-07-11 22:32:34
12,ANALFABETO,MASCULINO,19 anos,1,0,0,0,0,2022-07-11 22:32:34
12,ANALFABETO,MASCULINO,20 anos,2,0,0,0,1,2022-07-11 22:32:34
12,ANALFABETO,MASCULINO,21 a 24 anos,14,10,"0,7143",0,6,2022-07-11 22:32:34
12,ANALFABETO,MASCULINO,25 a 29 anos,12,9,"0,75",0,2,2022-07-11 22:32:34
12,ANALFABETO,MASCULINO,30 a 34 anos,6,5,"0,8333",0,4,2022-07-11 22:32:34
12,ANALFABETO,MASCULINO,35 a 39 anos,12,11,"0,9167",0,2,2022-07-11 22:32:34
12,ANALFABETO,MASCULINO,40 a 44 anos,26,18,"0,6923",0,8,2022-07-11 22:32:34
12,ANALFABETO,MASCULINO,45 a 49 anos,32,26,"0,8125",0,5,2022-07-11 22:32:34
12,ANALFABETO,MASCULINO,50 a 54 anos,30,26,"0,8667",0,1,2022-07-11 22:32:34
12,ANALFABETO,MASCULINO,55 a 59 anos,40,35,"0,875",0,6,2022-07-11 22:32:34
12,ANALFABETO,MASCULINO,60 a 64 anos,36,30,"0,8333",0,1,2022-07-11 22:32:34
12,ANALFABETO,MASCULINO,65 a 69 anos,46,40,"0,8696",0,3,2022-07-11 22:32:34
12,ANALFABETO,MASCULINO,70 a 74 anos,40,40,1,0,3,2022-07-11 22:32:34
12,ANALFABETO,MASCULINO,75 a 79 anos,16,16,1,0,1,2022-07-11 22:32:34
12,ANALFABETO,MASCULINO,80 a 84 anos,8,8,1,0,1,2022-07-11 22:32:34
12,ANALFABETO,MASCULINO,85 a 89 anos,3,3,1,0,0,2022-07-11 22:32:34
12,ANALFABETO,MASCULINO,90 a 94 anos,2,2,1,0,1,2022-07-11 22:32:34
12,ENSINO FUNDAMENTAL COMPLETO,FEMININO,16 anos,18,0,0,0,0,2022-07-11 22:32:34
12,ENSINO FUNDAMENTAL COMPLETO,FEMININO,17 anos,30,0,0,0,0,2022-07-11 22:32:34
12,ENSINO FUNDAMENTAL COMPLETO,FEMININO,18 anos,22,1,"0,0455",0,0,2022-07-11 22:32:34
12,ENSINO FUNDAMENTAL COMPLETO,FEMININO,19 anos,13,5,"0,3846",0,0,2022-07-11 22:32:34
12,ENSINO FUNDAMENTAL COMPLETO,FEMININO,20 anos,28,10,"0,3571",0,1,2022-07-11 22:32:34
12,ENSINO FUNDAMENTAL COMPLETO,FEMININO,21 a 24 anos,122,105,"0,8607",0,0,2022-07-11 22:32:34
12,ENSINO FUNDAMENTAL COMPLETO,FEMININO,25 a 29 anos,169,161,"0,9527",0,0,2022-07-11 22:32:34
12,ENSINO FUNDAMENTAL COMPLETO,FEMININO,30 a 34 anos,181,178,"0,9834",0,0,2022-07-11 22:32:34
12,ENSINO FUNDAMENTAL COMPLETO,FEMININO,35 a 39 anos,252,249,"0,9881",1,1,2022-07-11 22:32:34
12,ENSINO FUNDAMENTAL COMPLETO,FEMININO,40 a 44 anos,339,329,"0,9705",0,1,2022-07-11 22:32:34
12,ENSINO FUNDAMENTAL COMPLETO,FEMININO,45 a 49 anos,304,295,"0,9704",0,0,2022-07-11 22:32:34
12,ENSINO FUNDAMENTAL COMPLETO,FEMININO,50 a 54 anos,343,335,"0,9767",0,2,2022-07-11 22:32:34
12,ENSINO FUNDAMENTAL COMPLETO,FEMININO,55 a 59 anos,335,327,"0,9761",0,3,2022-07-11 22:32:34
12,ENSINO FUNDAMENTAL COMPLETO,FEMININO,60 a 64 anos,322,315,"0,9783",0,4,2022-07-11 22:32:34
12,ENSINO FUNDAMENTAL COMPLETO,FEMININO,65 a 69 anos,277,277,1,0,11,2022-07-11 22:32:34
12,ENSINO FUNDAMENTAL COMPLETO,FEMININO,70 a 74 anos,161,161,1,0,8,2022-07-11 22:32:34
12,ENSINO FUNDAMENTAL COMPLETO,FEMININO,75 a 79 anos,67,66,"0,9851",0,1,2022-07-11 22:32:34
12,ENSINO FUNDAMENTAL COMPLETO,FEMININO,80 a 84 anos,43,42,"0,9767",0,3,2022-07-11 22:32:34
12,ENSINO FUNDAMENTAL COMPLETO,FEMININO,85 a 89 anos,18,15,"0,8333",0,2,2022-07-11 22:32:34
12,ENSINO FUNDAMENTAL COMPLETO,FEMININO,90 a 94 anos,4,4,1,0,0,2022-07-11 22:32:34
12,ENSINO FUNDAMENTAL COMPLETO,FEMININO,95 a 99 anos,1,1,1,0,1,2022-07-11 22:32:34
12,ENSINO FUNDAMENTAL COMPLETO,MASCULINO,16 anos,13,0,0,0,0,2022-07-11 22:32:34
12,ENSINO FUNDAMENTAL COMPLETO,MASCULINO,17 anos,18,0,0,0,1,2022-07-11 22:32:34
12,ENSINO FUNDAMENTAL COMPLETO,MASCULINO,18 anos,17,1,"0,0588",0,0,2022-07-11 22:32:34
12,ENSINO FUNDAMENTAL COMPLETO,MASCULINO,19 anos,16,2,"0,125",0,0,2022-07-11 22:32:34
12,ENSINO FUNDAMENTAL COMPLETO,MASCULINO,20 anos,25,15,"0,6",0,0,2022-07-11 22:32:34
12,ENSINO FUNDAMENTAL COMPLETO,MASCULINO,21 a 24 anos,140,120,"0,8571",0,1,2022-07-11 22:32:34
12,ENSINO FUNDAMENTAL COMPLETO,MASCULINO,25 a 29 anos,170,161,"0,9471",0,2,2022-07-11 22:32:34
12,ENSINO FUNDAMENTAL COMPLETO,MASCULINO,30 a 34 anos,211,201,"0,9526",0,1,2022-07-11 22:32:34
12,ENSINO FUNDAMENTAL COMPLETO,MASCULINO,35 a 39 anos,265,254,"0,9585",0,0,2022-07-11 22:32:34
12,ENSINO FUNDAMENTAL COMPLETO,MASCULINO,40 a 44 anos,323,309,"0,9567",0,3,2022-07-11 22:32:34
12,ENSINO FUNDAMENTAL COMPLETO,MASCULINO,45 a 49 anos,320,314,"0,9813",0,1,2022-07-11 22:32:34
12,ENSINO FUNDAMENTAL COMPLETO,MASCULINO,50 a 54 anos,293,279,"0,9522",0,2,2022-07-11 22:32:34
12,ENSINO FUNDAMENTAL COMPLETO,MASCULINO,55 a 59 anos,329,312,"0,9483",0,2,2022-07-11 22:32:34
12,ENSINO FUNDAMENTAL COMPLETO,MASCULINO,60 a 64 anos,326,320,"0,9816",0,4,2022-07-11 22:32:34
12,ENSINO FUNDAMENTAL COMPLETO,MASCULINO,65 a 69 anos,206,203,"0,9854",0,7,2022-07-11 22:32:34
12,ENSINO FUNDAMENTAL COMPLETO,MASCULINO,70 a 74 anos,141,140,"0,9929",0,4,2022-07-11 22:32:34
12,ENSINO FUNDAMENTAL COMPLETO,MASCULINO,75 a 79 anos,67,65,"0,9701",0,2,2022-07-11 22:32:34
12,ENSINO FUNDAMENTAL COMPLETO,MASCULINO,80 a 84 anos,36,35,"0,9722",0,0,2022-07-11 22:32:34
12,ENSINO FUNDAMENTAL COMPLETO,MASCULINO,85 a 89 anos,7,7,1,0,0,2022-07-11 22:32:34
12,ENSINO FUNDAMENTAL COMPLETO,MASCULINO,90 a 94 anos,3,3,1,0,0,2022-07-11 22:32:34
12,ENSINO FUNDAMENTAL INCOMPLETO,FEMININO,100 anos ou mais,1,1,1,0,0,2022-07-11 22:32:34
12,ENSINO FUNDAMENTAL INCOMPLETO,FEMININO,16 anos,28,0,0,0,0,2022-07-11 22:32:34
12,ENSINO FUNDAMENTAL INCOMPLETO,FEMININO,17 anos,29,0,0,0,0,2022-07-11 22:32:34
12,ENSINO FUNDAMENTAL INCOMPLETO,FEMININO,18 anos,45,3,"0,0667",0,1,2022-07-11 22:32:34
12,ENSINO FUNDAMENTAL INCOMPLETO,FEMININO,19 anos,71,20,"0,2817",1,0,2022-07-11 22:32:34
12,ENSINO FUNDAMENTAL INCOMPLETO,FEMININO,20 anos,66,26,"0,3939",0,0,2022-07-11 22:32:34
12,ENSINO FUNDAMENTAL INCOMPLETO,FEMININO,21 a 24 anos,560,509,"0,9089",0,2,2022-07-11 22:32:34
12,ENSINO FUNDAMENTAL INCOMPLETO,FEMININO,25 a 29 anos,660,626,"0,9485",0,1,2022-07-11 22:32:34
12,ENSINO FUNDAMENTAL INCOMPLETO,FEMININO,30 a 34 anos,555,533,"0,9604",0,4,2022-07-11 22:32:34
12,ENSINO FUNDAMENTAL INCOMPLETO,FEMININO,35 a 39 anos,830,808,"0,9735",1,3,2022-07-11 22:32:34
12,ENSINO FUNDAMENTAL INCOMPLETO,FEMININO,40 a 44 anos,1188,1157,"0,9739",0,9,2022-07-11 22:32:34
12,ENSINO FUNDAMENTAL INCOMPLETO,FEMININO,45 a 49 anos,1291,1270,"0,9837",1,4,2022-07-11 22:32:34
12,ENSINO FUNDAMENTAL INCOMPLETO,FEMININO,50 a 54 anos,1298,1270,"0,9784",1,14,2022-07-11 22:32:34
12,ENSINO FUNDAMENTAL INCOMPLETO,FEMININO,55 a 59 anos,1280,1259,"0,9836",0,13,2022-07-11 22:32:34
12,ENSINO FUNDAMENTAL INCOMPLETO,FEMININO,60 a 64 anos,982,971,"0,9888",1,21,2022-07-11 22:32:34
12,ENSINO FUNDAMENTAL INCOMPLETO,FEMININO,65 a 69 anos,707,701,"0,9915",0,31,2022-07-11 22:32:34
12,ENSINO FUNDAMENTAL INCOMPLETO,FEMININO,70 a 74 anos,499,496,"0,994",0,26,2022-07-11 22:32:34
12,ENSINO FUNDAMENTAL INCOMPLETO,FEMININO,75 a 79 anos,251,248,"0,988",0,9,2022-07-11 22:32:34
12,ENSINO FUNDAMENTAL INCOMPLETO,FEMININO,80 a 84 anos,94,92,"0,9787",0,2,2022-07-11 22:32:34
12,ENSINO FUNDAMENTAL INCOMPLETO,FEMININO,85 a 89 anos,40,40,1,0,1,2022-07-11 22:32:34
12,ENSINO FUNDAMENTAL INCOMPLETO,FEMININO,90 a 94 anos,10,10,1,0,1,2022-07-11 22:32:34
12,ENSINO FUNDAMENTAL INCOMPLETO,FEMININO,95 a 99 anos,3,3,1,0,0,2022-07-11 22:32:34
12,ENSINO FUNDAMENTAL INCOMPLETO,MASCULINO,16 anos,33,0,0,0,1,2022-07-11 22:32:34
12,ENSINO FUNDAMENTAL INCOMPLETO,MASCULINO,17 anos,39,0,0,0,1,2022-07-11 22:32:34
12,ENSINO FUNDAMENTAL INCOMPLETO,MASCULINO,18 anos,57,2,"0,0351",0,2,2022-07-11 22:32:34
12,ENSINO FUNDAMENTAL INCOMPLETO,MASCULINO,19 anos,79,27,"0,3418",0,2,2022-07-11 22:32:34
12,ENSINO FUNDAMENTAL INCOMPLETO,MASCULINO,20 anos,98,37,"0,3776",0,1,2022-07-11 22:32:34
12,ENSINO FUNDAMENTAL INCOMPLETO,MASCULINO,21 a 24 anos,732,657,"0,8975",3,3,2022-07-11 22:32:34
12,ENSINO FUNDAMENTAL INCOMPLETO,MASCULINO,25 a 29 anos,859,813,"0,9464",0,8,2022-07-11 22:32:34
12,ENSINO FUNDAMENTAL INCOMPLETO,MASCULINO,30 a 34 anos,705,669,"0,9489",0,13,2022-07-11 22:32:34
12,ENSINO FUNDAMENTAL INCOMPLETO,MASCULINO,35 a 39 anos,866,822,"0,9492",0,5,2022-07-11 22:32:34
12,ENSINO FUNDAMENTAL INCOMPLETO,MASCULINO,40 a 44 anos,1124,1085,"0,9653",0,12,2022-07-11 22:32:34
12,ENSINO FUNDAMENTAL INCOMPLETO,MASCULINO,45 a 49 anos,1095,1050,"0,9589",0,7,2022-07-11 22:32:34
12,ENSINO FUNDAMENTAL INCOMPLETO,MASCULINO,50 a 54 anos,1108,1055,"0,9522",0,12,2022-07-11 22:32:34
12,ENSINO FUNDAMENTAL INCOMPLETO,MASCULINO,55 a 59 anos,898,870,"0,9688",0,8,2022-07-11 22:32:34
12,ENSINO FUNDAMENTAL INCOMPLETO,MASCULINO,60 a 64 anos,683,660,"0,9663",0,16,2022-07-11 22:32:34
12,ENSINO FUNDAMENTAL INCOMPLETO,MASCULINO,65 a 69 anos,431,423,"0,9814",0,17,2022-07-11 22:32:34
12,ENSINO FUNDAMENTAL INCOMPLETO,MASCULINO,70 a 74 anos,331,328,"0,9909",0,13,2022-07-11 22:32:34
12,ENSINO FUNDAMENTAL INCOMPLETO,MASCULINO,75 a 79 anos,121,120,"0,9917",0,6,2022-07-11 22:32:34
12,ENSINO FUNDAMENTAL INCOMPLETO,MASCULINO,80 a 84 anos,58,58,1,0,3,2022-07-11 22:32:34
12,ENSINO FUNDAMENTAL INCOMPLETO,MASCULINO,85 a 89 anos,23,23,1,0,1,2022-07-11 22:32:34
12,ENSINO FUNDAMENTAL INCOMPLETO,MASCULINO,90 a 94 anos,4,4,1,0,0,2022-07-11 22:32:34
12,ENSINO FUNDAMENTAL INCOMPLETO,MASCULINO,95 a 99 anos,3,3,1,0,0,2022-07-11 22:32:34
12,ENSINO MÉDIO COMPLETO,FEMININO,16 anos,6,0,0,1,0,2022-07-11 22:32:34
12,ENSINO MÉDIO COMPLETO,FEMININO,17 anos,33,0,0,0,0,2022-07-11 22:32:34
12,ENSINO MÉDIO COMPLETO,FEMININO,18 anos,311,2,"0,0064",2,1,2022-07-11 22:32:34
12,ENSINO MÉDIO COMPLETO,FEMININO,19 anos,403,8,"0,0199",3,2,2022-07-11 22:32:34
12,ENSINO MÉDIO COMPLETO,FEMININO,20 anos,412,82,"0,199",1,1,2022-07-11 22:32:34
12,ENSINO MÉDIO COMPLETO,FEMININO,21 a 24 anos,1672,1389,"0,8307",5,4,2022-07-11 22:32:34
12,ENSINO MÉDIO COMPLETO,FEMININO,25 a 29 anos,2541,2474,"0,9736",0,4,2022-07-11 22:32:34
12,ENSINO MÉDIO COMPLETO,FEMININO,30 a 34 anos,2486,2431,"0,9779",3,3,2022-07-11 22:32:34
12,ENSINO MÉDIO COMPLETO,FEMININO,35 a 39 anos,3082,3024,"0,9812",2,8,2022-07-11 22:32:34
12,ENSINO MÉDIO COMPLETO,FEMININO,40 a 44 anos,3063,3012,"0,9833",1,8,2022-07-11 22:32:34
12,ENSINO MÉDIO COMPLETO,FEMININO,45 a 49 anos,2372,2318,"0,9772",0,8,2022-07-11 22:32:34
12,ENSINO MÉDIO COMPLETO,FEMININO,50 a 54 anos,1974,1935,"0,9802",0,11,2022-07-11 22:32:34
12,ENSINO MÉDIO COMPLETO,FEMININO,55 a 59 anos,1903,1863,"0,979",0,10,2022-07-11 22:32:34
12,ENSINO MÉDIO COMPLETO,FEMININO,60 a 64 anos,1547,1518,"0,9813",0,12,2022-07-11 22:32:34
12,ENSINO MÉDIO COMPLETO,FEMININO,65 a 69 anos,1180,1167,"0,989",0,34,2022-07-11 22:32:34
12,ENSINO MÉDIO COMPLETO,FEMININO,70 a 74 anos,642,638,"0,9938",0,29,2022-07-11 22:32:34
12,ENSINO MÉDIO COMPLETO,FEMININO,75 a 79 anos,259,251,"0,9691",0,10,2022-07-11 22:32:34
12,ENSINO MÉDIO COMPLETO,FEMININO,80 a 84 anos,92,90,"0,9783",0,5,2022-07-11 22:32:34
12,ENSINO MÉDIO COMPLETO,FEMININO,85 a 89 anos,47,47,1,0,2,2022-07-11 22:32:34
12,ENSINO MÉDIO COMPLETO,FEMININO,90 a 94 anos,12,11,"0,9167",0,1,2022-07-11 22:32:34
12,ENSINO MÉDIO COMPLETO,FEMININO,95 a 99 anos,1,1,1,0,0,2022-07-11 22:32:34
12,ENSINO MÉDIO COMPLETO,FEMININO,Inválido,1,1,1,0,0,2022-07-11 22:32:34
12,ENSINO MÉDIO COMPLETO,MASCULINO,16 anos,3,0,0,0,0,2022-07-11 22:32:34
12,ENSINO MÉDIO COMPLETO,MASCULINO,17 anos,25,0,0,0,0,2022-07-11 22:32:34
12,ENSINO MÉDIO COMPLETO,MASCULINO,18 anos,198,0,0,1,4,2022-07-11 22:32:34
12,ENSINO MÉDIO COMPLETO,MASCULINO,19 anos,286,10,"0,035",2,2,2022-07-11 22:32:34
12,ENSINO MÉDIO COMPLETO,MASCULINO,20 anos,288,74,"0,2569",1,2,2022-07-11 22:32:34
12,ENSINO MÉDIO COMPLETO,MASCULINO,21 a 24 anos,1291,1069,"0,828",4,3,2022-07-11 22:32:34
12,ENSINO MÉDIO COMPLETO,MASCULINO,25 a 29 anos,2125,2062,"0,9704",1,6,2022-07-11 22:32:34
12,ENSINO MÉDIO COMPLETO,MASCULINO,30 a 34 anos,2100,2042,"0,9724",2,7,2022-07-11 22:32:34
12,ENSINO MÉDIO COMPLETO,MASCULINO,35 a 39 anos,2514,2447,"0,9733",0,9,2022-07-11 22:32:34
12,ENSINO MÉDIO COMPLETO,MASCULINO,40 a 44 anos,2447,2367,"0,9673",0,14,2022-07-11 22:32:34
12,ENSINO MÉDIO COMPLETO,MASCULINO,45 a 49 anos,1900,1842,"0,9695",0,8,2022-07-11 22:32:34
12,ENSINO MÉDIO COMPLETO,MASCULINO,50 a 54 anos,1546,1506,"0,9741",0,7,2022-07-11 22:32:34
12,ENSINO MÉDIO COMPLETO,MASCULINO,55 a 59 anos,1379,1346,"0,9761",0,10,2022-07-11 22:32:34
12,ENSINO MÉDIO COMPLETO,MASCULINO,60 a 64 anos,1234,1209,"0,9797",0,13,2022-07-11 22:32:34
12,ENSINO MÉDIO COMPLETO,MASCULINO,65 a 69 anos,893,879,"0,9843",0,21,2022-07-11 22:32:34
12,ENSINO MÉDIO COMPLETO,MASCULINO,70 a 74 anos,520,517,"0,9942",0,17,2022-07-11 22:32:34
12,ENSINO MÉDIO COMPLETO,MASCULINO,75 a 79 anos,207,198,"0,9565",0,4,2022-07-11 22:32:34
12,ENSINO MÉDIO COMPLETO,MASCULINO,80 a 84 anos,76,74,"0,9737",0,7,2022-07-11 22:32:34
12,ENSINO MÉDIO COMPLETO,MASCULINO,85 a 89 anos,22,22,1,0,0,2022-07-11 22:32:34
12,ENSINO MÉDIO COMPLETO,MASCULINO,90 a 94 anos,6,6,1,0,0,2022-07-11 22:32:34
12,ENSINO MÉDIO COMPLETO,MASCULINO,95 a 99 anos,1,1,1,0,0,2022-07-11 22:32:34
12,ENSINO MÉDIO COMPLETO,MASCULINO,Inválido,1,1,1,0,0,2022-07-11 22:32:34
12,ENSINO MÉDIO INCOMPLETO,FEMININO,16 anos,251,0,0,2,0,2022-07-11 22:32:34
12,ENSINO MÉDIO INCOMPLETO,FEMININO,17 anos,418,0,0,4,3,2022-07-11 22:32:34
12,ENSINO MÉDIO INCOMPLETO,FEMININO,18 anos,388,16,"0,0412",4,2,2022-07-11 22:32:34
12,ENSINO MÉDIO INCOMPLETO,FEMININO,19 anos,339,70,"0,2065",3,3,2022-07-11 22:32:34
12,ENSINO MÉDIO INCOMPLETO,FEMININO,20 anos,380,201,"0,5289",0,6,2022-07-11 22:32:34
12,ENSINO MÉDIO INCOMPLETO,FEMININO,21 a 24 anos,1909,1729,"0,9057",4,3,2022-07-11 22:32:34
12,ENSINO MÉDIO INCOMPLETO,FEMININO,25 a 29 anos,1169,1145,"0,9795",1,1,2022-07-11 22:32:34
12,ENSINO MÉDIO INCOMPLETO,FEMININO,30 a 34 anos,719,697,"0,9694",0,1,2022-07-11 22:32:34
12,ENSINO MÉDIO INCOMPLETO,FEMININO,35 a 39 anos,809,792,"0,979",0,3,2022-07-11 22:32:34
12,ENSINO MÉDIO INCOMPLETO,FEMININO,40 a 44 anos,762,745,"0,9777",0,1,2022-07-11 22:32:34
12,ENSINO MÉDIO INCOMPLETO,FEMININO,45 a 49 anos,545,531,"0,9743",0,2,2022-07-11 22:32:34
12,ENSINO MÉDIO INCOMPLETO,FEMININO,50 a 54 anos,460,450,"0,9783",0,2,2022-07-11 22:32:34
12,ENSINO MÉDIO INCOMPLETO,FEMININO,55 a 59 anos,391,383,"0,9795",0,0,2022-07-11 22:32:34
12,ENSINO MÉDIO INCOMPLETO,FEMININO,60 a 64 anos,297,295,"0,9933",0,1,2022-07-11 22:32:34
12,ENSINO MÉDIO INCOMPLETO,FEMININO,65 a 69 anos,190,186,"0,9789",0,5,2022-07-11 22:32:34
12,ENSINO MÉDIO INCOMPLETO,FEMININO,70 a 74 anos,90,90,1,0,3,2022-07-11 22:32:34
12,ENSINO MÉDIO INCOMPLETO,FEMININO,75 a 79 anos,33,33,1,0,1,2022-07-11 22:32:34
12,ENSINO MÉDIO INCOMPLETO,FEMININO,80 a 84 anos,18,18,1,0,0,2022-07-11 22:32:34
12,ENSINO MÉDIO INCOMPLETO,FEMININO,85 a 89 anos,3,2,"0,6667",0,1,2022-07-11 22:32:34
12,ENSINO MÉDIO INCOMPLETO,FEMININO,90 a 94 anos,4,4,1,0,1,2022-07-11 22:32:34
12,ENSINO MÉDIO INCOMPLETO,FEMININO,95 a 99 anos,2,2,1,0,0,2022-07-11 22:32:34
12,ENSINO MÉDIO INCOMPLETO,MASCULINO,16 anos,166,0,0,0,1,2022-07-11 22:32:34
12,ENSINO MÉDIO INCOMPLETO,MASCULINO,17 anos,299,0,0,2,2,2022-07-11 22:32:34
12,ENSINO MÉDIO INCOMPLETO,MASCULINO,18 anos,377,9,"0,0239",1,4,2022-07-11 22:32:34
12,ENSINO MÉDIO INCOMPLETO,MASCULINO,19 anos,355,58,"0,1634",1,8,2022-07-11 22:32:34
12,ENSINO MÉDIO INCOMPLETO,MASCULINO,20 anos,371,177,"0,4771",1,2,2022-07-11 22:32:34
12,ENSINO MÉDIO INCOMPLETO,MASCULINO,21 a 24 anos,1947,1785,"0,9168",2,5,2022-07-11 22:32:34
12,ENSINO MÉDIO INCOMPLETO,MASCULINO,25 a 29 anos,1229,1185,"0,9642",1,8,2022-07-11 22:32:34
12,ENSINO MÉDIO INCOMPLETO,MASCULINO,30 a 34 anos,738,713,"0,9661",1,3,2022-07-11 22:32:34
12,ENSINO MÉDIO INCOMPLETO,MASCULINO,35 a 39 anos,750,719,"0,9587",0,2,2022-07-11 22:32:34
12,ENSINO MÉDIO INCOMPLETO,MASCULINO,40 a 44 anos,658,630,"0,9574",1,2,2022-07-11 22:32:34
12,ENSINO MÉDIO INCOMPLETO,MASCULINO,45 a 49 anos,471,446,"0,9469",0,1,2022-07-11 22:32:34
12,ENSINO MÉDIO INCOMPLETO,MASCULINO,50 a 54 anos,370,350,"0,9459",0,2,2022-07-11 22:32:34
12,ENSINO MÉDIO INCOMPLETO,MASCULINO,55 a 59 anos,286,272,"0,951",0,5,2022-07-11 22:32:34
12,ENSINO MÉDIO INCOMPLETO,MASCULINO,60 a 64 anos,228,216,"0,9474",0,1,2022-07-11 22:32:34
12,ENSINO MÉDIO INCOMPLETO,MASCULINO,65 a 69 anos,169,165,"0,9763",0,5,2022-07-11 22:32:34
12,ENSINO MÉDIO INCOMPLETO,MASCULINO,70 a 74 anos,90,87,"0,9667",0,2,2022-07-11 22:32:34
12,ENSINO MÉDIO INCOMPLETO,MASCULINO,75 a 79 anos,33,32,"0,9697",0,3,2022-07-11 22:32:34
12,ENSINO MÉDIO INCOMPLETO,MASCULINO,80 a 84 anos,11,11,1,0,0,2022-07-11 22:32:34
12,ENSINO MÉDIO INCOMPLETO,MASCULINO,85 a 89 anos,1,1,1,0,0,2022-07-11 22:32:34
12,ENSINO MÉDIO INCOMPLETO,MASCULINO,90 a 94 anos,1,1,1,0,0,2022-07-11 22:32:34
12,LÊ E ESCREVE,FEMININO,16 anos,1,0,0,0,0,2022-07-11 22:32:34
12,LÊ E ESCREVE,FEMININO,17 anos,2,0,0,0,0,2022-07-11 22:32:34
12,LÊ E ESCREVE,FEMININO,18 anos,2,0,0,0,0,2022-07-11 22:32:34
12,LÊ E ESCREVE,FEMININO,19 anos,2,0,0,0,0,2022-07-11 22:32:34
12,LÊ E ESCREVE,FEMININO,21 a 24 anos,6,3,"0,5",0,1,2022-07-11 22:32:34
12,LÊ E ESCREVE,FEMININO,25 a 29 anos,20,18,"0,9",0,1,2022-07-11 22:32:34
12,LÊ E ESCREVE,FEMININO,30 a 34 anos,21,21,1,0,1,2022-07-11 22:32:34
12,LÊ E ESCREVE,FEMININO,35 a 39 anos,46,46,1,0,0,2022-07-11 22:32:34
12,LÊ E ESCREVE,FEMININO,40 a 44 anos,114,107,"0,9386",0,3,2022-07-11 22:32:34
12,LÊ E ESCREVE,FEMININO,45 a 49 anos,135,133,"0,9852",0,4,2022-07-11 22:32:34
12,LÊ E ESCREVE,FEMININO,50 a 54 anos,223,218,"0,9776",0,2,2022-07-11 22:32:34
12,LÊ E ESCREVE,FEMININO,55 a 59 anos,324,318,"0,9815",0,4,2022-07-11 22:32:34
12,LÊ E ESCREVE,FEMININO,60 a 64 anos,356,352,"0,9888",0,4,2022-07-11 22:32:34
12,LÊ E ESCREVE,FEMININO,65 a 69 anos,352,350,"0,9943",0,10,2022-07-11 22:32:34
12,LÊ E ESCREVE,FEMININO,70 a 74 anos,310,308,"0,9935",0,12,2022-07-11 22:32:34
12,LÊ E ESCREVE,FEMININO,75 a 79 anos,149,148,"0,9933",0,8,2022-07-11 22:32:34
12,LÊ E ESCREVE,FEMININO,80 a 84 anos,76,74,"0,9737",0,5,2022-07-11 22:32:34
12,LÊ E ESCREVE,FEMININO,85 a 89 anos,36,35,"0,9722",0,3,2022-07-11 22:32:34
12,LÊ E ESCREVE,FEMININO,90 a 94 anos,7,6,"0,8571",0,0,2022-07-11 22:32:34
12,LÊ E ESCREVE,FEMININO,95 a 99 anos,1,1,1,0,0,2022-07-11 22:32:34
12,LÊ E ESCREVE,MASCULINO,16 anos,2,0,0,0,0,2022-07-11 22:32:34
12,LÊ E ESCREVE,MASCULINO,17 anos,2,0,0,0,0,2022-07-11 22:32:34
12,LÊ E ESCREVE,MASCULINO,18 anos,2,0,0,0,0,2022-07-11 22:32:34
12,LÊ E ESCREVE,MASCULINO,19 anos,4,1,"0,25",0,0,2022-07-11 22:32:34
12,LÊ E ESCREVE,MASCULINO,20 anos,2,0,0,0,0,2022-07-11 22:32:34
12,LÊ E ESCREVE,MASCULINO,21 a 24 anos,25,18,"0,72",1,2,2022-07-11 22:32:34
12,LÊ E ESCREVE,MASCULINO,25 a 29 anos,33,27,"0,8182",0,0,2022-07-11 22:32:34
12,LÊ E ESCREVE,MASCULINO,30 a 34 anos,35,31,"0,8857",1,4,2022-07-11 22:32:34
12,LÊ E ESCREVE,MASCULINO,35 a 39 anos,61,55,"0,9016",0,4,2022-07-11 22:32:34
12,LÊ E ESCREVE,MASCULINO,40 a 44 anos,101,96,"0,9505",0,2,2022-07-11 22:32:34
12,LÊ E ESCREVE,MASCULINO,45 a 49 anos,151,135,"0,894",0,2,2022-07-11 22:32:34
12,LÊ E ESCREVE,MASCULINO,50 a 54 anos,211,202,"0,9573",0,4,2022-07-11 22:32:34
12,LÊ E ESCREVE,MASCULINO,55 a 59 anos,247,238,"0,9636",0,3,2022-07-11 22:32:34
12,LÊ E ESCREVE,MASCULINO,60 a 64 anos,254,245,"0,9646",0,5,2022-07-11 22:32:34
12,LÊ E ESCREVE,MASCULINO,65 a 69 anos,213,205,"0,9624",0,14,2022-07-11 22:32:34
12,LÊ E ESCREVE,MASCULINO,70 a 74 anos,192,191,"0,9948",0,3,2022-07-11 22:32:34
12,LÊ E ESCREVE,MASCULINO,75 a 79 anos,64,62,"0,9688",0,2,2022-07-11 22:32:34
12,LÊ E ESCREVE,MASCULINO,80 a 84 anos,29,28,"0,9655",0,0,2022-07-11 22:32:34
12,LÊ E ESCREVE,MASCULINO,85 a 89 anos,15,15,1,0,0,2022-07-11 22:32:34
12,LÊ E ESCREVE,MASCULINO,90 a 94 anos,4,4,1,0,1,2022-07-11 22:32:34
12,LÊ E ESCREVE,MASCULINO,95 a 99 anos,1,1,1,0,0,2022-07-11 22:32:34
12,SUPERIOR COMPLETO,FEMININO,20 anos,2,2,1,0,0,2022-07-11 22:32:34
12,SUPERIOR COMPLETO,FEMININO,21 a 24 anos,28,23,"0,8214",0,0,2022-07-11 22:32:34
12,SUPERIOR COMPLETO,FEMININO,25 a 29 anos,532,510,"0,9586",0,3,2022-07-11 22:32:34
12,SUPERIOR COMPLETO,FEMININO,30 a 34 anos,1538,1498,"0,974",0,3,2022-07-11 22:32:34
12,SUPERIOR COMPLETO,FEMININO,35 a 39 anos,2189,2137,"0,9762",0,2,2022-07-11 22:32:34
12,SUPERIOR COMPLETO,FEMININO,40 a 44 anos,2268,2212,"0,9753",1,8,2022-07-11 22:32:34
12,SUPERIOR COMPLETO,FEMININO,45 a 49 anos,1526,1494,"0,979",0,6,2022-07-11 22:32:34
12,SUPERIOR COMPLETO,FEMININO,50 a 54 anos,1236,1221,"0,9879",0,6,2022-07-11 22:32:34
12,SUPERIOR COMPLETO,FEMININO,55 a 59 anos,1180,1172,"0,9932",0,9,2022-07-11 22:32:34
12,SUPERIOR COMPLETO,FEMININO,60 a 64 anos,913,900,"0,9858",1,10,2022-07-11 22:32:34
12,SUPERIOR COMPLETO,FEMININO,65 a 69 anos,705,698,"0,9901",0,12,2022-07-11 22:32:34
12,SUPERIOR COMPLETO,FEMININO,70 a 74 anos,467,465,"0,9957",0,14,2022-07-11 22:32:34
12,SUPERIOR COMPLETO,FEMININO,75 a 79 anos,188,184,"0,9787",0,5,2022-07-11 22:32:34
12,SUPERIOR COMPLETO,FEMININO,80 a 84 anos,65,65,1,0,1,2022-07-11 22:32:34
12,SUPERIOR COMPLETO,FEMININO,85 a 89 anos,19,19,1,0,0,2022-07-11 22:32:34
12,SUPERIOR COMPLETO,FEMININO,90 a 94 anos,5,4,"0,8",0,2,2022-07-11 22:32:34
12,SUPERIOR COMPLETO,MASCULINO,17 anos,1,0,0,0,0,2022-07-11 22:32:34
12,SUPERIOR COMPLETO,MASCULINO,20 anos,1,0,0,0,0,2022-07-11 22:32:34
12,SUPERIOR COMPLETO,MASCULINO,21 a 24 anos,19,11,"0,5789",0,0,2022-07-11 22:32:34
12,SUPERIOR COMPLETO,MASCULINO,25 a 29 anos,261,245,"0,9387",1,0,2022-07-11 22:32:34
12,SUPERIOR COMPLETO,MASCULINO,30 a 34 anos,935,905,"0,9679",0,3,2022-07-11 22:32:34
12,SUPERIOR COMPLETO,MASCULINO,35 a 39 anos,1368,1322,"0,9664",0,3,2022-07-11 22:32:34
12,SUPERIOR COMPLETO,MASCULINO,40 a 44 anos,1312,1266,"0,9649",1,5,2022-07-11 22:32:34
12,SUPERIOR COMPLETO,MASCULINO,45 a 49 anos,1032,1001,"0,97",0,2,2022-07-11 22:32:34
12,SUPERIOR COMPLETO,MASCULINO,50 a 54 anos,736,718,"0,9755",0,9,2022-07-11 22:32:34
12,SUPERIOR COMPLETO,MASCULINO,55 a 59 anos,759,743,"0,9789",0,5,2022-07-11 22:32:34
12,SUPERIOR COMPLETO,MASCULINO,60 a 64 anos,631,617,"0,9778",1,1,2022-07-11 22:32:34
12,SUPERIOR COMPLETO,MASCULINO,65 a 69 anos,509,503,"0,9882",0,14,2022-07-11 22:32:34
12,SUPERIOR COMPLETO,MASCULINO,70 a 74 anos,364,360,"0,989",0,20,2022-07-11 22:32:34
12,SUPERIOR COMPLETO,MASCULINO,75 a 79 anos,175,173,"0,9886",0,2,2022-07-11 22:32:34
12,SUPERIOR COMPLETO,MASCULINO,80 a 84 anos,51,49,"0,9608",0,1,2022-07-11 22:32:34
12,SUPERIOR COMPLETO,MASCULINO,85 a 89 anos,32,31,"0,9688",0,1,2022-07-11 22:32:34
12,SUPERIOR COMPLETO,MASCULINO,90 a 94 anos,4,4,1,0,0,2022-07-11 22:32:34
12,SUPERIOR COMPLETO,MASCULINO,95 a 99 anos,2,2,1,0,0,2022-07-11 22:32:34
12,SUPERIOR INCOMPLETO,FEMININO,16 anos,2,0,0,0,0,2022-07-11 22:32:34
12,SUPERIOR INCOMPLETO,FEMININO,17 anos,1,0,0,0,0,2022-07-11 22:32:34
12,SUPERIOR INCOMPLETO,FEMININO,18 anos,38,0,0,0,0,2022-07-11 22:32:34
12,SUPERIOR INCOMPLETO,FEMININO,19 anos,68,4,"0,0588",0,2,2022-07-11 22:32:34
12,SUPERIOR INCOMPLETO,FEMININO,20 anos,94,19,"0,2021",0,0,2022-07-11 22:32:34
12,SUPERIOR INCOMPLETO,FEMININO,21 a 24 anos,522,450,"0,8621",1,0,2022-07-11 22:32:34
12,SUPERIOR INCOMPLETO,FEMININO,25 a 29 anos,1317,1293,"0,9818",0,2,2022-07-11 22:32:34
12,SUPERIOR INCOMPLETO,FEMININO,30 a 34 anos,822,801,"0,9745",0,1,2022-07-11 22:32:34
12,SUPERIOR INCOMPLETO,FEMININO,35 a 39 anos,730,709,"0,9712",0,2,2022-07-11 22:32:34
12,SUPERIOR INCOMPLETO,FEMININO,40 a 44 anos,616,602,"0,9773",0,2,2022-07-11 22:32:34
12,SUPERIOR INCOMPLETO,FEMININO,45 a 49 anos,335,325,"0,9701",0,4,2022-07-11 22:32:34
12,SUPERIOR INCOMPLETO,FEMININO,50 a 54 anos,256,246,"0,9609",0,2,2022-07-11 22:32:34
12,SUPERIOR INCOMPLETO,FEMININO,55 a 59 anos,211,208,"0,9858",0,3,2022-07-11 22:32:34
12,SUPERIOR INCOMPLETO,FEMININO,60 a 64 anos,184,183,"0,9946",0,2,2022-07-11 22:32:34
12,SUPERIOR INCOMPLETO,FEMININO,65 a 69 anos,113,111,"0,9823",0,1,2022-07-11 22:32:34
12,SUPERIOR INCOMPLETO,FEMININO,70 a 74 anos,69,69,1,0,1,2022-07-11 22:32:34
12,SUPERIOR INCOMPLETO,FEMININO,75 a 79 anos,16,14,"0,875",0,2,2022-07-11 22:32:34
12,SUPERIOR INCOMPLETO,FEMININO,80 a 84 anos,7,7,1,0,1,2022-07-11 22:32:34
12,SUPERIOR INCOMPLETO,MASCULINO,16 anos,1,0,0,0,0,2022-07-11 22:32:34
12,SUPERIOR INCOMPLETO,MASCULINO,17 anos,1,0,0,0,0,2022-07-11 22:32:34
12,SUPERIOR INCOMPLETO,MASCULINO,18 anos,17,0,0,0,0,2022-07-11 22:32:34
12,SUPERIOR INCOMPLETO,MASCULINO,19 anos,49,0,0,0,0,2022-07-11 22:32:34
12,SUPERIOR INCOMPLETO,MASCULINO,20 anos,84,17,"0,2024",0,1,2022-07-11 22:32:34
12,SUPERIOR INCOMPLETO,MASCULINO,21 a 24 anos,375,316,"0,8427",0,1,2022-07-11 22:32:34
12,SUPERIOR INCOMPLETO,MASCULINO,25 a 29 anos,1000,981,"0,981",1,0,2022-07-11 22:32:34
12,SUPERIOR INCOMPLETO,MASCULINO,30 a 34 anos,714,685,"0,9594",0,4,2022-07-11 22:32:34
12,SUPERIOR INCOMPLETO,MASCULINO,35 a 39 anos,611,581,"0,9509",0,1,2022-07-11 22:32:34
12,SUPERIOR INCOMPLETO,MASCULINO,40 a 44 anos,522,501,"0,9598",0,3,2022-07-11 22:32:34
12,SUPERIOR INCOMPLETO,MASCULINO,45 a 49 anos,309,293,"0,9482",0,3,2022-07-11 22:32:34
12,SUPERIOR INCOMPLETO,MASCULINO,50 a 54 anos,226,220,"0,9735",0,2,2022-07-11 22:32:34
12,SUPERIOR INCOMPLETO,MASCULINO,55 a 59 anos,180,175,"0,9722",0,2,2022-07-11 22:32:34
12,SUPERIOR INCOMPLETO,MASCULINO,60 a 64 anos,158,155,"0,981",0,3,2022-07-11 22:32:34
12,SUPERIOR INCOMPLETO,MASCULINO,65 a 69 anos,143,140,"0,979",0,3,2022-07-11 22:32:34
12,SUPERIOR INCOMPLETO,MASCULINO,70 a 74 anos,87,85,"0,977",0,2,2022-07-11 22:32:34
12,SUPERIOR INCOMPLETO,MASCULINO,75 a 79 anos,37,36,"0,973",0,3,2022-07-11 22:32:34
12,SUPERIOR INCOMPLETO,MASCULINO,80 a 84 anos,9,9,1,0,1,2022-07-11 22:32:34
12,SUPERIOR INCOMPLETO,MASCULINO,85 a 89 anos,4,4,1,0,1,2022-07-11 22:32:34
13,ANALFABETO,FEMININO,19 anos,2,0,0,0,2,2022-07-11 22:32:34
13,ANALFABETO,FEMININO,21 a 24 anos,1,0,0,0,1,2022-07-11 22:32:34
13,ANALFABETO,FEMININO,25 a 29 anos,3,3,1,0,2,2022-07-11 22:32:34
13,ANALFABETO,FEMININO,30 a 34 anos,1,1,1,0,0,2022-07-11 22:32:34
13,ANALFABETO,FEMININO,35 a 39 anos,1,1,1,0,0,2022-07-11 22:32:34
13,ANALFABETO,FEMININO,40 a 44 anos,9,7,"0,7778",0,0,2022-07-11 22:32:34
13,ANALFABETO,FEMININO,45 a 49 anos,15,14,"0,9333",0,2,2022-07-11 22:32:34
13,ANALFABETO,FEMININO,50 a 54 anos,18,17,"0,9444",0,1,2022-07-11 22:32:34
13,ANALFABETO,FEMININO,55 a 59 anos,24,23,"0,9583",0,3,2022-07-11 22:32:34
13,ANALFABETO,FEMININO,60 a 64 anos,39,38,"0,9744",0,3,2022-07-11 22:32:34
13,ANALFABETO,FEMININO,65 a 69 anos,42,37,"0,881",0,3,2022-07-11 22:32:34
13,ANALFABETO,FEMININO,70 a 74 anos,53,53,1,0,2,2022-07-11 22:32:34
13,ANALFABETO,FEMININO,75 a 79 anos,29,29,1,0,1,2022-07-11 22:32:34
13,ANALFABETO,FEMININO,80 a 84 anos,26,25,"0,9615",0,4,2022-07-11 22:32:34
13,ANALFABETO,FEMININO,85 a 89 anos,11,10,"0,9091",0,0,2022-07-11 22:32:34
13,ANALFABETO,FEMININO,90 a 94 anos,3,3,1,0,0,2022-07-11 22:32:34
13,ANALFABETO,MASCULINO,19 anos,2,0,0,0,0,2022-07-11 22:32:34
13,ANALFABETO,MASCULINO,21 a 24 anos,7,6,"0,8571",0,5,2022-07-11 22:32:34
13,ANALFABETO,MASCULINO,25 a 29 anos,1,1,1,0,1,2022-07-11 22:32:34
13,ANALFABETO,MASCULINO,30 a 34 anos,6,4,"0,6667",0,4,2022-07-11 22:32:34
13,ANALFABETO,MASCULINO,35 a 39 anos,4,4,1,0,4,2022-07-11 22:32:34
13,ANALFABETO,MASCULINO,40 a 44 anos,8,5,"0,625",0,1,2022-07-11 22:32:34
13,ANALFABETO,MASCULINO,45 a 49 anos,15,13,"0,8667",0,2,2022-07-11 22:32:34
13,ANALFABETO,MASCULINO,50 a 54 anos,15,11,"0,7333",0,1,2022-07-11 22:32:34
13,ANALFABETO,MASCULINO,55 a 59 anos,22,19,"0,8636",0,4,2022-07-11 22:32:34
13,ANALFABETO,MASCULINO,60 a 64 anos,15,12,"0,8",0,4,2022-07-11 22:32:34
13,ANALFABETO,MASCULINO,65 a 69 anos,17,12,"0,7059",0,2,2022-07-11 22:32:34
13,ANALFABETO,MASCULINO,70 a 74 anos,16,16,1,0,2,2022-07-11 22:32:34
13,ANALFABETO,MASCULINO,75 a 79 anos,4,4,1,0,0,2022-07-11 22:32:34
13,ANALFABETO,MASCULINO,80 a 84 anos,4,3,"0,75",0,0,2022-07-11 22:32:34
13,ANALFABETO,MASCULINO,85 a 89 anos,1,1,1,0,0,2022-07-11 22:32:34
13,ANALFABETO,MASCULINO,90 a 94 anos,1,1,1,0,0,2022-07-11 22:32:34
13,ENSINO FUNDAMENTAL COMPLETO,FEMININO,16 anos,15,0,0,0,0,2022-07-11 22:32:34
13,ENSINO FUNDAMENTAL COMPLETO,FEMININO,17 anos,22,0,0,0,0,2022-07-11 22:32:34
13,ENSINO FUNDAMENTAL COMPLETO,FEMININO,18 anos,14,0,0,0,0,2022-07-11 22:32:34
13,ENSINO FUNDAMENTAL COMPLETO,FEMININO,19 anos,6,1,"0,1667",0,0,2022-07-11 22:32:34
13,ENSINO FUNDAMENTAL COMPLETO,FEMININO,20 anos,12,3,"0,25",0,0,2022-07-11 22:32:34
13,ENSINO FUNDAMENTAL COMPLETO,FEMININO,21 a 24 anos,50,43,"0,86",0,0,2022-07-11 22:32:34
13,ENSINO FUNDAMENTAL COMPLETO,FEMININO,25 a 29 anos,67,66,"0,9851",0,0,2022-07-11 22:32:34
13,ENSINO FUNDAMENTAL COMPLETO,FEMININO,30 a 34 anos,69,66,"0,9565",0,0,2022-07-11 22:32:34
13,ENSINO FUNDAMENTAL COMPLETO,FEMININO,35 a 39 anos,89,87,"0,9775",0,1,2022-07-11 22:32:34
13,ENSINO FUNDAMENTAL COMPLETO,FEMININO,40 a 44 anos,116,114,"0,9828",0,0,2022-07-11 22:32:34
13,ENSINO FUNDAMENTAL COMPLETO,FEMININO,45 a 49 anos,137,135,"0,9854",0,1,2022-07-11 22:32:34
13,ENSINO FUNDAMENTAL COMPLETO,FEMININO,50 a 54 anos,165,163,"0,9879",0,1,2022-07-11 22:32:34
13,ENSINO FUNDAMENTAL COMPLETO,FEMININO,55 a 59 anos,174,173,"0,9943",0,2,2022-07-11 22:32:34
13,ENSINO FUNDAMENTAL COMPLETO,FEMININO,60 a 64 anos,147,144,"0,9796",0,4,2022-07-11 22:32:34
13,ENSINO FUNDAMENTAL COMPLETO,FEMININO,65 a 69 anos,143,143,1,0,3,2022-07-11 22:32:34
13,ENSINO FUNDAMENTAL COMPLETO,FEMININO,70 a 74 anos,110,110,1,0,5,2022-07-11 22:32:34
13,ENSINO FUNDAMENTAL COMPLETO,FEMININO,75 a 79 anos,85,84,"0,9882",0,5,2022-07-11 22:32:34
13,ENSINO FUNDAMENTAL COMPLETO,FEMININO,80 a 84 anos,80,76,"0,95",0,6,2022-07-11 22:32:34
13,ENSINO FUNDAMENTAL COMPLETO,FEMININO,85 a 89 anos,45,44,"0,9778",0,2,2022-07-11 22:32:34
13,ENSINO FUNDAMENTAL COMPLETO,FEMININO,90 a 94 anos,23,21,"0,913",0,2,2022-07-11 22:32:34
13,ENSINO FUNDAMENTAL COMPLETO,FEMININO,95 a 99 anos,4,4,1,0,2,2022-07-11 22:32:34
13,ENSINO FUNDAMENTAL COMPLETO,MASCULINO,16 anos,11,0,0,0,0,2022-07-11 22:32:34
13,ENSINO FUNDAMENTAL COMPLETO,MASCULINO,17 anos,14,0,0,0,0,2022-07-11 22:32:34
13,ENSINO FUNDAMENTAL COMPLETO,MASCULINO,18 anos,9,0,0,0,0,2022-07-11 22:32:34
13,ENSINO FUNDAMENTAL COMPLETO,MASCULINO,19 anos,7,0,0,0,0,2022-07-11 22:32:34
13,ENSINO FUNDAMENTAL COMPLETO,MASCULINO,20 anos,12,4,"0,3333",0,0,2022-07-11 22:32:34
13,ENSINO FUNDAMENTAL COMPLETO,MASCULINO,21 a 24 anos,57,48,"0,8421",0,0,2022-07-11 22:32:34
13,ENSINO FUNDAMENTAL COMPLETO,MASCULINO,25 a 29 anos,86,82,"0,9535",0,0,2022-07-11 22:32:34
13,ENSINO FUNDAMENTAL COMPLETO,MASCULINO,30 a 34 anos,82,81,"0,9878",0,2,2022-07-11 22:32:34
13,ENSINO FUNDAMENTAL COMPLETO,MASCULINO,35 a 39 anos,92,92,1,0,1,2022-07-11 22:32:34
13,ENSINO FUNDAMENTAL COMPLETO,MASCULINO,40 a 44 anos,122,118,"0,9672",0,0,2022-07-11 22:32:34
13,ENSINO FUNDAMENTAL COMPLETO,MASCULINO,45 a 49 anos,152,149,"0,9803",0,1,2022-07-11 22:32:34
13,ENSINO FUNDAMENTAL COMPLETO,MASCULINO,50 a 54 anos,180,175,"0,9722",0,3,2022-07-11 22:32:34
13,ENSINO FUNDAMENTAL COMPLETO,MASCULINO,55 a 59 anos,190,185,"0,9737",0,0,2022-07-11 22:32:34
13,ENSINO FUNDAMENTAL COMPLETO,MASCULINO,60 a 64 anos,140,138,"0,9857",0,0,2022-07-11 22:32:34
13,ENSINO FUNDAMENTAL COMPLETO,MASCULINO,65 a 69 anos,98,96,"0,9796",0,2,2022-07-11 22:32:34
13,ENSINO FUNDAMENTAL COMPLETO,MASCULINO,70 a 74 anos,67,67,1,0,1,2022-07-11 22:32:34
13,ENSINO FUNDAMENTAL COMPLETO,MASCULINO,75 a 79 anos,44,43,"0,9773",0,3,2022-07-11 22:32:34
13,ENSINO FUNDAMENTAL COMPLETO,MASCULINO,80 a 84 anos,35,35,1,0,4,2022-07-11 22:32:34
13,ENSINO FUNDAMENTAL COMPLETO,MASCULINO,85 a 89 anos,7,6,"0,8571",0,2,2022-07-11 22:32:34
13,ENSINO FUNDAMENTAL COMPLETO,MASCULINO,90 a 94 anos,3,3,1,0,1,2022-07-11 22:32:34
13,ENSINO FUNDAMENTAL COMPLETO,MASCULINO,95 a 99 anos,2,2,1,0,0,2022-07-11 22:32:34
13,ENSINO FUNDAMENTAL INCOMPLETO,FEMININO,100 anos ou mais,1,1,1,0,0,2022-07-11 22:32:34
13,ENSINO FUNDAMENTAL INCOMPLETO,FEMININO,16 anos,12,0,0,0,0,2022-07-11 22:32:34
13,ENSINO FUNDAMENTAL INCOMPLETO,FEMININO,17 anos,14,0,0,0,0,2022-07-11 22:32:34
13,ENSINO FUNDAMENTAL INCOMPLETO,FEMININO,18 anos,12,2,"0,1667",0,0,2022-07-11 22:32:34
13,ENSINO FUNDAMENTAL INCOMPLETO,FEMININO,19 anos,17,7,"0,4118",0,0,2022-07-11 22:32:34
13,ENSINO FUNDAMENTAL INCOMPLETO,FEMININO,20 anos,26,11,"0,4231",0,0,2022-07-11 22:32:34
13,ENSINO FUNDAMENTAL INCOMPLETO,FEMININO,21 a 24 anos,220,196,"0,8909",0,3,2022-07-11 22:32:34
13,ENSINO FUNDAMENTAL INCOMPLETO,FEMININO,25 a 29 anos,246,236,"0,9593",0,2,2022-07-11 22:32:34
13,ENSINO FUNDAMENTAL INCOMPLETO,FEMININO,30 a 34 anos,224,218,"0,9732",0,2,2022-07-11 22:32:34
13,ENSINO FUNDAMENTAL INCOMPLETO,FEMININO,35 a 39 anos,291,287,"0,9863",0,3,2022-07-11 22:32:34
13,ENSINO FUNDAMENTAL INCOMPLETO,FEMININO,40 a 44 anos,458,449,"0,9803",0,2,2022-07-11 22:32:34
13,ENSINO FUNDAMENTAL INCOMPLETO,FEMININO,45 a 49 anos,576,571,"0,9913",0,4,2022-07-11 22:32:34
13,ENSINO FUNDAMENTAL INCOMPLETO,FEMININO,50 a 54 anos,638,628,"0,9843",0,3,2022-07-11 22:32:34
13,ENSINO FUNDAMENTAL INCOMPLETO,FEMININO,55 a 59 anos,583,573,"0,9828",0,7,2022-07-11 22:32:34
13,ENSINO FUNDAMENTAL INCOMPLETO,FEMININO,60 a 64 anos,479,476,"0,9937",0,7,2022-07-11 22:32:34
13,ENSINO FUNDAMENTAL INCOMPLETO,FEMININO,65 a 69 anos,408,402,"0,9853",0,13,2022-07-11 22:32:34
13,ENSINO FUNDAMENTAL INCOMPLETO,FEMININO,70 a 74 anos,318,318,1,0,18,2022-07-11 22:32:34
13,ENSINO FUNDAMENTAL INCOMPLETO,FEMININO,75 a 79 anos,150,149,"0,9933",0,9,2022-07-11 22:32:34
13,ENSINO FUNDAMENTAL INCOMPLETO,FEMININO,80 a 84 anos,105,102,"0,9714",0,7,2022-07-11 22:32:34
13,ENSINO FUNDAMENTAL INCOMPLETO,FEMININO,85 a 89 anos,57,56,"0,9825",0,6,2022-07-11 22:32:34
13,ENSINO FUNDAMENTAL INCOMPLETO,FEMININO,90 a 94 anos,24,23,"0,9583",0,2,2022-07-11 22:32:34
13,ENSINO FUNDAMENTAL INCOMPLETO,FEMININO,95 a 99 anos,8,8,1,0,0,2022-07-11 22:32:34
13,ENSINO FUNDAMENTAL INCOMPLETO,MASCULINO,100 anos ou mais,1,1,1,0,0,2022-07-11 22:32:34
13,ENSINO FUNDAMENTAL INCOMPLETO,MASCULINO,16 anos,16,0,0,0,0,2022-07-11 22:32:34
13,ENSINO FUNDAMENTAL INCOMPLETO,MASCULINO,17 anos,18,0,0,0,0,2022-07-11 22:32:34
13,ENSINO FUNDAMENTAL INCOMPLETO,MASCULINO,18 anos,27,2,"0,0741",1,1,2022-07-11 22:32:34
13,ENSINO FUNDAMENTAL INCOMPLETO,MASCULINO,19 anos,39,12,"0,3077",0,1,2022-07-11 22:32:34
13,ENSINO FUNDAMENTAL INCOMPLETO,MASCULINO,20 anos,36,16,"0,4444",0,0,2022-07-11 22:32:34
13,ENSINO FUNDAMENTAL INCOMPLETO,MASCULINO,21 a 24 anos,234,208,"0,8889",0,2,2022-07-11 22:32:34
13,ENSINO FUNDAMENTAL INCOMPLETO,MASCULINO,25 a 29 anos,308,294,"0,9545",0,2,2022-07-11 22:32:34
13,ENSINO FUNDAMENTAL INCOMPLETO,MASCULINO,30 a 34 anos,249,237,"0,9518",0,1,2022-07-11 22:32:34
13,ENSINO FUNDAMENTAL INCOMPLETO,MASCULINO,35 a 39 anos,311,304,"0,9775",0,7,2022-07-11 22:32:34
13,ENSINO FUNDAMENTAL INCOMPLETO,MASCULINO,40 a 44 anos,451,437,"0,969",0,7,2022-07-11 22:32:34
13,ENSINO FUNDAMENTAL INCOMPLETO,MASCULINO,45 a 49 anos,540,523,"0,9685",0,5,2022-07-11 22:32:34
13,ENSINO FUNDAMENTAL INCOMPLETO,MASCULINO,50 a 54 anos,601,577,"0,9601",0,10,2022-07-11 22:32:34
13,ENSINO FUNDAMENTAL INCOMPLETO,MASCULINO,55 a 59 anos,459,444,"0,9673",0,4,2022-07-11 22:32:34
13,ENSINO FUNDAMENTAL INCOMPLETO,MASCULINO,60 a 64 anos,373,359,"0,9625",0,12,2022-07-11 22:32:34
13,ENSINO FUNDAMENTAL INCOMPLETO,MASCULINO,65 a 69 anos,250,242,"0,968",0,17,2022-07-11 22:32:34
13,ENSINO FUNDAMENTAL INCOMPLETO,MASCULINO,70 a 74 anos,181,178,"0,9834",0,10,2022-07-11 22:32:34
13,ENSINO FUNDAMENTAL INCOMPLETO,MASCULINO,75 a 79 anos,109,106,"0,9725",0,6,2022-07-11 22:32:34
13,ENSINO FUNDAMENTAL INCOMPLETO,MASCULINO,80 a 84 anos,64,64,1,0,3,2022-07-11 22:32:34
13,ENSINO FUNDAMENTAL INCOMPLETO,MASCULINO,85 a 89 anos,25,25,1,0,0,2022-07-11 22:32:34
13,ENSINO FUNDAMENTAL INCOMPLETO,MASCULINO,90 a 94 anos,12,11,"0,9167",0,2,2022-07-11 22:32:34
13,ENSINO FUNDAMENTAL INCOMPLETO,MASCULINO,95 a 99 anos,3,3,1,0,0,2022-07-11 22:32:34
13,ENSINO MÉDIO COMPLETO,FEMININO,100 anos ou mais,1,1,1,0,0,2022-07-11 22:32:34
13,ENSINO MÉDIO COMPLETO,FEMININO,16 anos,3,0,0,0,0,2022-07-11 22:32:34
13,ENSINO MÉDIO COMPLETO,FEMININO,17 anos,20,0,0,0,0,2022-07-11 22:32:34
13,ENSINO MÉDIO COMPLETO,FEMININO,18 anos,237,1,"0,0042",1,2,2022-07-11 22:32:34
13,ENSINO MÉDIO COMPLETO,FEMININO,19 anos,317,6,"0,0189",0,3,2022-07-11 22:32:34
13,ENSINO MÉDIO COMPLETO,FEMININO,20 anos,312,98,"0,3141",1,0,2022-07-11 22:32:34
13,ENSINO MÉDIO COMPLETO,FEMININO,21 a 24 anos,1265,1081,"0,8545",2,3,2022-07-11 22:32:34
13,ENSINO MÉDIO COMPLETO,FEMININO,25 a 29 anos,1279,1256,"0,982",0,1,2022-07-11 22:32:34
13,ENSINO MÉDIO COMPLETO,FEMININO,30 a 34 anos,1072,1054,"0,9832",0,1,2022-07-11 22:32:34
13,ENSINO MÉDIO COMPLETO,FEMININO,35 a 39 anos,1370,1356,"0,9898",0,10,2022-07-11 22:32:34
13,ENSINO MÉDIO COMPLETO,FEMININO,40 a 44 anos,1619,1599,"0,9876",0,2,2022-07-11 22:32:34
13,ENSINO MÉDIO COMPLETO,FEMININO,45 a 49 anos,1443,1425,"0,9875",0,5,2022-07-11 22:32:34
13,ENSINO MÉDIO COMPLETO,FEMININO,50 a 54 anos,1334,1312,"0,9835",0,6,2022-07-11 22:32:34
13,ENSINO MÉDIO COMPLETO,FEMININO,55 a 59 anos,1280,1270,"0,9922",0,6,2022-07-11 22:32:34
13,ENSINO MÉDIO COMPLETO,FEMININO,60 a 64 anos,1180,1169,"0,9907",0,8,2022-07-11 22:32:34
13,ENSINO MÉDIO COMPLETO,FEMININO,65 a 69 anos,1044,1038,"0,9943",0,28,2022-07-11 22:32:34
13,ENSINO MÉDIO COMPLETO,FEMININO,70 a 74 anos,836,828,"0,9904",0,19,2022-07-11 22:32:34
13,ENSINO MÉDIO COMPLETO,FEMININO,75 a 79 anos,598,590,"0,9866",0,16,2022-07-11 22:32:34
13,ENSINO MÉDIO COMPLETO,FEMININO,80 a 84 anos,372,362,"0,9731",0,15,2022-07-11 22:32:34
13,ENSINO MÉDIO COMPLETO,FEMININO,85 a 89 anos,155,154,"0,9935",0,13,2022-07-11 22:32:34
13,ENSINO MÉDIO COMPLETO,FEMININO,90 a 94 anos,68,63,"0,9265",0,5,2022-07-11 22:32:34
13,ENSINO MÉDIO COMPLETO,FEMININO,95 a 99 anos,8,8,1,0,0,2022-07-11 22:32:34
13,ENSINO MÉDIO COMPLETO,FEMININO,Inválido,1,1,1,0,0,2022-07-11 22:32:34
13,ENSINO MÉDIO COMPLETO,MASCULINO,16 anos,5,0,0,0,0,2022-07-11 22:32:34
13,ENSINO MÉDIO COMPLETO,MASCULINO,17 anos,9,0,0,1,0,2022-07-11 22:32:34
13,ENSINO MÉDIO COMPLETO,MASCULINO,18 anos,190,0,0,1,1,2022-07-11 22:32:34
13,ENSINO MÉDIO COMPLETO,MASCULINO,19 anos,264,6,"0,0227",1,3,2022-07-11 22:32:34
13,ENSINO MÉDIO COMPLETO,MASCULINO,20 anos,211,66,"0,3128",0,2,2022-07-11 22:32:34
13,ENSINO MÉDIO COMPLETO,MASCULINO,21 a 24 anos,900,775,"0,8611",3,1,2022-07-11 22:32:34
13,ENSINO MÉDIO COMPLETO,MASCULINO,25 a 29 anos,1179,1156,"0,9805",0,5,2022-07-11 22:32:34
13,ENSINO MÉDIO COMPLETO,MASCULINO,30 a 34 anos,922,905,"0,9816",1,2,2022-07-11 22:32:34
13,ENSINO MÉDIO COMPLETO,MASCULINO,35 a 39 anos,1147,1128,"0,9834",0,7,2022-07-11 22:32:34
13,ENSINO MÉDIO COMPLETO,MASCULINO,40 a 44 anos,1203,1167,"0,9701",0,6,2022-07-11 22:32:34
13,ENSINO MÉDIO COMPLETO,MASCULINO,45 a 49 anos,1066,1039,"0,9747",0,6,2022-07-11 22:32:34
13,ENSINO MÉDIO COMPLETO,MASCULINO,50 a 54 anos,992,980,"0,9879",0,9,2022-07-11 22:32:34
13,ENSINO MÉDIO COMPLETO,MASCULINO,55 a 59 anos,955,936,"0,9801",0,1,2022-07-11 22:32:34
13,ENSINO MÉDIO COMPLETO,MASCULINO,60 a 64 anos,726,718,"0,989",0,3,2022-07-11 22:32:34
13,ENSINO MÉDIO COMPLETO,MASCULINO,65 a 69 anos,614,601,"0,9788",0,11,2022-07-11 22:32:34
13,ENSINO MÉDIO COMPLETO,MASCULINO,70 a 74 anos,434,431,"0,9931",0,13,2022-07-11 22:32:34
13,ENSINO MÉDIO COMPLETO,MASCULINO,75 a 79 anos,271,263,"0,9705",0,6,2022-07-11 22:32:34
13,ENSINO MÉDIO COMPLETO,MASCULINO,80 a 84 anos,182,179,"0,9835",0,4,2022-07-11 22:32:34
13,ENSINO MÉDIO COMPLETO,MASCULINO,85 a 89 anos,92,89,"0,9674",0,6,2022-07-11 22:32:34
13,ENSINO MÉDIO COMPLETO,MASCULINO,90 a 94 anos,26,23,"0,8846",0,2,2022-07-11 22:32:34
13,ENSINO MÉDIO COMPLETO,MASCULINO,95 a 99 anos,7,6,"0,8571",0,0,2022-07-11 22:32:34
13,ENSINO MÉDIO INCOMPLETO,FEMININO,100 anos ou mais,1,1,1,0,0,2022-07-11 22:32:34
13,ENSINO MÉDIO INCOMPLETO,FEMININO,16 anos,295,0,0,0,0,2022-07-11 22:32:34
13,ENSINO MÉDIO INCOMPLETO,FEMININO,17 anos,344,0,0,3,2,2022-07-11 22:32:34
13,ENSINO MÉDIO INCOMPLETO,FEMININO,18 anos,301,12,"0,0399",1,0,2022-07-11 22:32:34
13,ENSINO MÉDIO INCOMPLETO,FEMININO,19 anos,201,45,"0,2239",0,0,2022-07-11 22:32:34
13,ENSINO MÉDIO INCOMPLETO,FEMININO,20 anos,232,125,"0,5388",1,1,2022-07-11 22:32:34
13,ENSINO MÉDIO INCOMPLETO,FEMININO,21 a 24 anos,1114,1029,"0,9237",3,2,2022-07-11 22:32:34
13,ENSINO MÉDIO INCOMPLETO,FEMININO,25 a 29 anos,486,472,"0,9712",0,0,2022-07-11 22:32:34
13,ENSINO MÉDIO INCOMPLETO,FEMININO,30 a 34 anos,309,308,"0,9968",0,1,2022-07-11 22:32:34
13,ENSINO MÉDIO INCOMPLETO,FEMININO,35 a 39 anos,351,340,"0,9687",0,2,2022-07-11 22:32:34
13,ENSINO MÉDIO INCOMPLETO,FEMININO,40 a 44 anos,344,337,"0,9797",0,2,2022-07-11 22:32:34
13,ENSINO MÉDIO INCOMPLETO,FEMININO,45 a 49 anos,314,308,"0,9809",0,4,2022-07-11 22:32:34
13,ENSINO MÉDIO INCOMPLETO,FEMININO,50 a 54 anos,280,276,"0,9857",0,2,2022-07-11 22:32:34
13,ENSINO MÉDIO INCOMPLETO,FEMININO,55 a 59 anos,202,198,"0,9802",0,3,2022-07-11 22:32:34
13,ENSINO MÉDIO INCOMPLETO,FEMININO,60 a 64 anos,159,158,"0,9937",0,3,2022-07-11 22:32:34
13,ENSINO MÉDIO INCOMPLETO,FEMININO,65 a 69 anos,91,91,1,0,4,2022-07-11 22:32:34
13,ENSINO MÉDIO INCOMPLETO,FEMININO,70 a 74 anos,71,71,1,0,2,2022-07-11 22:32:34
13,ENSINO MÉDIO INCOMPLETO,FEMININO,75 a 79 anos,44,44,1,0,0,2022-07-11 22:32:34
13,ENSINO MÉDIO INCOMPLETO,FEMININO,80 a 84 anos,22,22,1,0,1,2022-07-11 22:32:34
13,ENSINO MÉDIO INCOMPLETO,FEMININO,85 a 89 anos,12,11,"0,9167",0,1,2022-07-11 22:32:34
13,ENSINO MÉDIO INCOMPLETO,FEMININO,90 a 94 anos,5,5,1,0,0,2022-07-11 22:32:34
13,ENSINO MÉDIO INCOMPLETO,MASCULINO,16 anos,217,0,0,1,1,2022-07-11 22:32:34
13,ENSINO MÉDIO INCOMPLETO,MASCULINO,17 anos,296,0,0,0,4,2022-07-11 22:32:34
13,ENSINO MÉDIO INCOMPLETO,MASCULINO,18 anos,289,10,"0,0346",0,5,2022-07-11 22:32:34
13,ENSINO MÉDIO INCOMPLETO,MASCULINO,19 anos,223,44,"0,1973",2,1,2022-07-11 22:32:34
13,ENSINO MÉDIO INCOMPLETO,MASCULINO,20 anos,223,121,"0,5426",0,1,2022-07-11 22:32:34
13,ENSINO MÉDIO INCOMPLETO,MASCULINO,21 a 24 anos,1152,1083,"0,9401",1,3,2022-07-11 22:32:34
13,ENSINO MÉDIO INCOMPLETO,MASCULINO,25 a 29 anos,531,509,"0,9586",0,2,2022-07-11 22:32:34
13,ENSINO MÉDIO INCOMPLETO,MASCULINO,30 a 34 anos,324,316,"0,9753",0,0,2022-07-11 22:32:34
13,ENSINO MÉDIO INCOMPLETO,MASCULINO,35 a 39 anos,349,340,"0,9742",0,1,2022-07-11 22:32:34
13,ENSINO MÉDIO INCOMPLETO,MASCULINO,40 a 44 anos,307,299,"0,9739",0,1,2022-07-11 22:32:34
13,ENSINO MÉDIO INCOMPLETO,MASCULINO,45 a 49 anos,284,271,"0,9542",0,3,2022-07-11 22:32:34
13,ENSINO MÉDIO INCOMPLETO,MASCULINO,50 a 54 anos,268,261,"0,9739",0,3,2022-07-11 22:32:34
13,ENSINO MÉDIO INCOMPLETO,MASCULINO,55 a 59 anos,203,200,"0,9852",0,1,2022-07-11 22:32:34
13,ENSINO MÉDIO INCOMPLETO,MASCULINO,60 a 64 anos,124,124,1,0,2,2022-07-11 22:32:34
13,ENSINO MÉDIO INCOMPLETO,MASCULINO,65 a 69 anos,70,68,"0,9714",0,2,2022-07-11 22:32:34
13,ENSINO MÉDIO INCOMPLETO,MASCULINO,70 a 74 anos,46,46,1,0,2,2022-07-11 22:32:34
13,ENSINO MÉDIO INCOMPLETO,MASCULINO,75 a 79 anos,27,27,1,0,3,2022-07-11 22:32:34
13,ENSINO MÉDIO INCOMPLETO,MASCULINO,80 a 84 anos,15,15,1,0,1,2022-07-11 22:32:34
13,ENSINO MÉDIO INCOMPLETO,MASCULINO,85 a 89 anos,10,9,"0,9",0,2,2022-07-11 22:32:34
13,ENSINO MÉDIO INCOMPLETO,MASCULINO,90 a 94 anos,2,2,1,0,1,2022-07-11 22:32:34
13,LÊ E ESCREVE,FEMININO,16 anos,1,0,0,0,0,2022-07-11 22:32:34
13,LÊ E ESCREVE,FEMININO,17 anos,3,0,0,0,1,2022-07-11 22:32:34
13,LÊ E ESCREVE,FEMININO,18 anos,3,0,0,0,0,2022-07-11 22:32:34
13,LÊ E ESCREVE,FEMININO,19 anos,2,0,0,0,0,2022-07-11 22:32:34
13,LÊ E ESCREVE,FEMININO,20 anos,1,0,0,0,1,2022-07-11 22:32:34
13,LÊ E ESCREVE,FEMININO,21 a 24 anos,5,1,"0,2",0,0,2022-07-11 22:32:34
13,LÊ E ESCREVE,FEMININO,25 a 29 anos,3,3,1,0,0,2022-07-11 22:32:34
13,LÊ E ESCREVE,FEMININO,30 a 34 anos,4,4,1,0,0,2022-07-11 22:32:34
13,LÊ E ESCREVE,FEMININO,35 a 39 anos,16,15,"0,9375",0,0,2022-07-11 22:32:34
13,LÊ E ESCREVE,FEMININO,40 a 44 anos,30,27,"0,9",0,2,2022-07-11 22:32:34
13,LÊ E ESCREVE,FEMININO,45 a 49 anos,49,48,"0,9796",0,3,2022-07-11 22:32:34
13,LÊ E ESCREVE,FEMININO,50 a 54 anos,75,75,1,0,2,2022-07-11 22:32:34
13,LÊ E ESCREVE,FEMININO,55 a 59 anos,141,137,"0,9716",0,2,2022-07-11 22:32:34
13,LÊ E ESCREVE,FEMININO,60 a 64 anos,157,154,"0,9809",0,6,2022-07-11 22:32:34
13,LÊ E ESCREVE,FEMININO,65 a 69 anos,133,132,"0,9925",0,8,2022-07-11 22:32:34
13,LÊ E ESCREVE,FEMININO,70 a 74 anos,163,163,1,0,11,2022-07-11 22:32:34
13,LÊ E ESCREVE,FEMININO,75 a 79 anos,71,70,"0,9859",0,4,2022-07-11 22:32:34
13,LÊ E ESCREVE,FEMININO,80 a 84 anos,48,47,"0,9792",0,4,2022-07-11 22:32:34
13,LÊ E ESCREVE,FEMININO,85 a 89 anos,30,29,"0,9667",0,0,2022-07-11 22:32:34
13,LÊ E ESCREVE,FEMININO,90 a 94 anos,7,7,1,0,2,2022-07-11 22:32:34
13,LÊ E ESCREVE,FEMININO,95 a 99 anos,3,3,1,0,0,2022-07-11 22:32:34
13,LÊ E ESCREVE,MASCULINO,18 anos,1,0,0,0,0,2022-07-11 22:32:34
13,LÊ E ESCREVE,MASCULINO,21 a 24 anos,2,0,0,0,0,2022-07-11 22:32:34
13,LÊ E ESCREVE,MASCULINO,25 a 29 anos,9,9,1,0,1,2022-07-11 22:32:34
13,LÊ E ESCREVE,MASCULINO,30 a 34 anos,9,9,1,0,3,2022-07-11 22:32:34
13,LÊ E ESCREVE,MASCULINO,35 a 39 anos,16,15,"0,9375",0,2,2022-07-11 22:32:34
13,LÊ E ESCREVE,MASCULINO,40 a 44 anos,39,37,"0,9487",0,1,2022-07-11 22:32:34
13,LÊ E ESCREVE,MASCULINO,45 a 49 anos,34,33,"0,9706",0,0,2022-07-11 22:32:34
13,LÊ E ESCREVE,MASCULINO,50 a 54 anos,62,60,"0,9677",0,3,2022-07-11 22:32:34
13,LÊ E ESCREVE,MASCULINO,55 a 59 anos,81,77,"0,9506",0,1,2022-07-11 22:32:34
13,LÊ E ESCREVE,MASCULINO,60 a 64 anos,92,88,"0,9565",0,7,2022-07-11 22:32:34
13,LÊ E ESCREVE,MASCULINO,65 a 69 anos,87,85,"0,977",0,4,2022-07-11 22:32:34
13,LÊ E ESCREVE,MASCULINO,70 a 74 anos,83,83,1,0,6,2022-07-11 22:32:34
13,LÊ E ESCREVE,MASCULINO,75 a 79 anos,45,45,1,0,4,2022-07-11 22:32:34
13,LÊ E ESCREVE,MASCULINO,80 a 84 anos,26,25,"0,9615",0,3,2022-07-11 22:32:34
13,LÊ E ESCREVE,MASCULINO,85 a 89 anos,14,14,1,0,1,2022-07-11 22:32:34
13,LÊ E ESCREVE,MASCULINO,90 a 94 anos,4,3,"0,75",0,0,2022-07-11 22:32:34
13,SUPERIOR COMPLETO,FEMININO,18 anos,3,0,0,0,0,2022-07-11 22:32:34
13,SUPERIOR COMPLETO,FEMININO,19 anos,4,1,"0,25",0,0,2022-07-11 22:32:34
13,SUPERIOR COMPLETO,FEMININO,20 anos,2,0,0,0,0,2022-07-11 22:32:34
13,SUPERIOR COMPLETO,FEMININO,21 a 24 anos,45,40,"0,8889",0,1,2022-07-11 22:32:34
13,SUPERIOR COMPLETO,FEMININO,25 a 29 anos,732,712,"0,9727",1,2,2022-07-11 22:32:34
13,SUPERIOR COMPLETO,FEMININO,30 a 34 anos,2545,2484,"0,976",0,3,2022-07-11 22:32:34
13,SUPERIOR COMPLETO,FEMININO,35 a 39 anos,3475,3398,"0,9778",1,12,2022-07-11 22:32:34
13,SUPERIOR COMPLETO,FEMININO,40 a 44 anos,4012,3942,"0,9826",0,13,2022-07-11 22:32:34
13,SUPERIOR COMPLETO,FEMININO,45 a 49 anos,3169,3126,"0,9864",0,3,2022-07-11 22:32:34
13,SUPERIOR COMPLETO,FEMININO,50 a 54 anos,2573,2546,"0,9895",0,6,2022-07-11 22:32:34
13,SUPERIOR COMPLETO,FEMININO,55 a 59 anos,2702,2684,"0,9933",0,6,2022-07-11 22:32:34
13,SUPERIOR COMPLETO,FEMININO,60 a 64 anos,2408,2392,"0,9934",0,6,2022-07-11 22:32:34
13,SUPERIOR COMPLETO,FEMININO,65 a 69 anos,2107,2099,"0,9962",1,50,2022-07-11 22:32:34
13,SUPERIOR COMPLETO,FEMININO,70 a 74 anos,1729,1724,"0,9971",0,46,2022-07-11 22:32:34
13,SUPERIOR COMPLETO,FEMININO,75 a 79 anos,916,904,"0,9869",0,27,2022-07-11 22:32:34
13,SUPERIOR COMPLETO,FEMININO,80 a 84 anos,477,470,"0,9853",0,12,2022-07-11 22:32:34
13,SUPERIOR COMPLETO,FEMININO,85 a 89 anos,179,178,"0,9944",0,5,2022-07-11 22:32:34
13,SUPERIOR COMPLETO,FEMININO,90 a 94 anos,49,49,1,0,0,2022-07-11 22:32:34
13,SUPERIOR COMPLETO,FEMININO,95 a 99 anos,9,9,1,0,0,2022-07-11 22:32:34
13,SUPERIOR COMPLETO,MASCULINO,19 anos,1,0,0,0,0,2022-07-11 22:32:34
13,SUPERIOR COMPLETO,MASCULINO,20 anos,2,2,1,0,0,2022-07-11 22:32:34
13,SUPERIOR COMPLETO,MASCULINO,21 a 24 anos,27,23,"0,8519",0,0,2022-07-11 22:32:34
13,SUPERIOR COMPLETO,MASCULINO,25 a 29 anos,413,395,"0,9564",0,1,2022-07-11 22:32:34
13,SUPERIOR COMPLETO,MASCULINO,30 a 34 anos,1858,1807,"0,9726",0,3,2022-07-11 22:32:34
13,SUPERIOR COMPLETO,MASCULINO,35 a 39 anos,2662,2601,"0,9771",0,10,2022-07-11 22:32:34
13,SUPERIOR COMPLETO,MASCULINO,40 a 44 anos,2783,2713,"0,9748",0,3,2022-07-11 22:32:34
13,SUPERIOR COMPLETO,MASCULINO,45 a 49 anos,2322,2271,"0,978",0,6,2022-07-11 22:32:34
13,SUPERIOR COMPLETO,MASCULINO,50 a 54 anos,1816,1789,"0,9851",0,9,2022-07-11 22:32:34
13,SUPERIOR COMPLETO,MASCULINO,55 a 59 anos,1774,1757,"0,9904",0,5,2022-07-11 22:32:34
13,SUPERIOR COMPLETO,MASCULINO,60 a 64 anos,1615,1600,"0,9907",0,14,2022-07-11 22:32:34
13,SUPERIOR COMPLETO,MASCULINO,65 a 69 anos,1515,1505,"0,9934",0,34,2022-07-11 22:32:34
13,SUPERIOR COMPLETO,MASCULINO,70 a 74 anos,1267,1262,"0,9961",0,28,2022-07-11 22:32:34
13,SUPERIOR COMPLETO,MASCULINO,75 a 79 anos,800,790,"0,9875",0,24,2022-07-11 22:32:34
13,SUPERIOR COMPLETO,MASCULINO,80 a 84 anos,393,386,"0,9822",0,14,2022-07-11 22:32:34
13,SUPERIOR COMPLETO,MASCULINO,85 a 89 anos,134,131,"0,9776",0,8,2022-07-11 22:32:34
13,SUPERIOR COMPLETO,MASCULINO,90 a 94 anos,53,52,"0,9811",0,0,2022-07-11 22:32:34
13,SUPERIOR COMPLETO,MASCULINO,95 a 99 anos,13,13,1,0,0,2022-07-11 22:32:34
13,SUPERIOR INCOMPLETO,FEMININO,16 anos,1,0,0,0,0,2022-07-11 22:32:34
13,SUPERIOR INCOMPLETO,FEMININO,17 anos,4,0,0,0,0,2022-07-11 22:32:34
13,SUPERIOR INCOMPLETO,FEMININO,18 anos,50,0,0,0,0,2022-07-11 22:32:34
13,SUPERIOR INCOMPLETO,FEMININO,19 anos,90,2,"0,0222",0,0,2022-07-11 22:32:34
13,SUPERIOR INCOMPLETO,FEMININO,20 anos,122,25,"0,2049",0,2,2022-07-11 22:32:34
13,SUPERIOR INCOMPLETO,FEMININO,21 a 24 anos,593,523,"0,882",0,0,2022-07-11 22:32:34
13,SUPERIOR INCOMPLETO,FEMININO,25 a 29 anos,1543,1523,"0,987",2,0,2022-07-11 22:32:34
13,SUPERIOR INCOMPLETO,FEMININO,30 a 34 anos,605,591,"0,9769",0,1,2022-07-11 22:32:34
13,SUPERIOR INCOMPLETO,FEMININO,35 a 39 anos,383,368,"0,9608",0,2,2022-07-11 22:32:34
13,SUPERIOR INCOMPLETO,FEMININO,40 a 44 anos,337,325,"0,9644",0,4,2022-07-11 22:32:34
13,SUPERIOR INCOMPLETO,FEMININO,45 a 49 anos,281,276,"0,9822",0,0,2022-07-11 22:32:34
13,SUPERIOR INCOMPLETO,FEMININO,50 a 54 anos,213,212,"0,9953",0,1,2022-07-11 22:32:34
13,SUPERIOR INCOMPLETO,FEMININO,55 a 59 anos,241,237,"0,9834",0,0,2022-07-11 22:32:34
13,SUPERIOR INCOMPLETO,FEMININO,60 a 64 anos,228,224,"0,9825",0,2,2022-07-11 22:32:34
13,SUPERIOR INCOMPLETO,FEMININO,65 a 69 anos,171,169,"0,9883",0,5,2022-07-11 22:32:34
13,SUPERIOR INCOMPLETO,FEMININO,70 a 74 anos,160,158,"0,9875",0,3,2022-07-11 22:32:34
13,SUPERIOR INCOMPLETO,FEMININO,75 a 79 anos,56,55,"0,9821",0,0,2022-07-11 22:32:34
13,SUPERIOR INCOMPLETO,FEMININO,80 a 84 anos,18,18,1,0,1,2022-07-11 22:32:34
13,SUPERIOR INCOMPLETO,FEMININO,85 a 89 anos,6,6,1,0,0,2022-07-11 22:32:34
13,SUPERIOR INCOMPLETO,FEMININO,90 a 94 anos,1,1,1,0,0,2022-07-11 22:32:34
13,SUPERIOR INCOMPLETO,MASCULINO,17 anos,4,0,0,0,0,2022-07-11 22:32:34
13,SUPERIOR INCOMPLETO,MASCULINO,18 anos,49,0,0,0,2,2022-07-11 22:32:34
13,SUPERIOR INCOMPLETO,MASCULINO,19 anos,86,3,"0,0349",0,1,2022-07-11 22:32:34
13,SUPERIOR INCOMPLETO,MASCULINO,20 anos,97,25,"0,2577",0,1,2022-07-11 22:32:34
13,SUPERIOR INCOMPLETO,MASCULINO,21 a 24 anos,514,454,"0,8833",0,0,2022-07-11 22:32:34
13,SUPERIOR INCOMPLETO,MASCULINO,25 a 29 anos,1374,1353,"0,9847",1,1,2022-07-11 22:32:34
13,SUPERIOR INCOMPLETO,MASCULINO,30 a 34 anos,684,667,"0,9751",0,0,2022-07-11 22:32:34
13,SUPERIOR INCOMPLETO,MASCULINO,35 a 39 anos,424,407,"0,9599",0,1,2022-07-11 22:32:34
13,SUPERIOR INCOMPLETO,MASCULINO,40 a 44 anos,315,304,"0,9651",0,1,2022-07-11 22:32:34
13,SUPERIOR INCOMPLETO,MASCULINO,45 a 49 anos,249,241,"0,9679",0,1,2022-07-11 22:32:34
13,SUPERIOR INCOMPLETO,MASCULINO,50 a 54 anos,227,219,"0,9648",0,0,2022-07-11 22:32:34
13,SUPERIOR INCOMPLETO,MASCULINO,55 a 59 anos,247,235,"0,9514",0,0,2022-07-11 22:32:34
13,SUPERIOR INCOMPLETO,MASCULINO,60 a 64 anos,227,223,"0,9824",0,2,2022-07-11 22:32:34
13,SUPERIOR INCOMPLETO,MASCULINO,65 a 69 anos,168,165,"0,9821",0,2,2022-07-11 22:32:34
13,SUPERIOR INCOMPLETO,MASCULINO,70 a 74 anos,137,136,"0,9927",0,1,2022-07-11 22:32:34
13,SUPERIOR INCOMPLETO,MASCULINO,75 a 79 anos,47,46,"0,9787",0,0,2022-07-11 22:32:34
13,SUPERIOR INCOMPLETO,MASCULINO,80 a 84 anos,31,30,"0,9677",0,0,2022-07-11 22:32:34
13,SUPERIOR INCOMPLETO,MASCULINO,85 a 89 anos,5,5,1,0,0,2022-07-11 22:32:34
13,SUPERIOR INCOMPLETO,MASCULINO,90 a 94 anos,4,4,1,0,1,2022-07-11 22:32:34
14,ANALFABETO,FEMININO,100 anos ou mais,1,1,1,0,0,2022-07-11 22:32:34
14,ANALFABETO,FEMININO,18 anos,1,0,0,0,1,2022-07-11 22:32:34
14,ANALFABETO,FEMININO,19 anos,1,0,0,0,1,2022-07-11 22:32:34
14,ANALFABETO,FEMININO,20 anos,1,0,0,0,0,2022-07-11 22:32:34
14,ANALFABETO,FEMININO,21 a 24 anos,6,5,"0,8333",0,5,2022-07-11 22:32:34
14,ANALFABETO,FEMININO,25 a 29 anos,9,8,"0,8889",0,6,2022-07-11 22:32:34
14,ANALFABETO,FEMININO,30 a 34 anos,8,7,"0,875",0,2,2022-07-11 22:32:34
14,ANALFABETO,FEMININO,35 a 39 anos,14,14,1,0,3,2022-07-11 22:32:34
14,ANALFABETO,FEMININO,40 a 44 anos,20,17,"0,85",0,5,2022-07-11 22:32:34
14,ANALFABETO,FEMININO,45 a 49 anos,30,27,"0,9",0,2,2022-07-11 22:32:34
14,ANALFABETO,FEMININO,50 a 54 anos,48,43,"0,8958",0,1,2022-07-11 22:32:34
14,ANALFABETO,FEMININO,55 a 59 anos,69,66,"0,9565",0,1,2022-07-11 22:32:34
14,ANALFABETO,FEMININO,60 a 64 anos,101,97,"0,9604",0,6,2022-07-11 22:32:34
14,ANALFABETO,FEMININO,65 a 69 anos,121,118,"0,9752",0,6,2022-07-11 22:32:34
14,ANALFABETO,FEMININO,70 a 74 anos,135,133,"0,9852",0,18,2022-07-11 22:32:34
14,ANALFABETO,FEMININO,75 a 79 anos,74,73,"0,9865",0,3,2022-07-11 22:32:34
14,ANALFABETO,FEMININO,80 a 84 anos,50,48,"0,96",0,2,2022-07-11 22:32:34
14,ANALFABETO,FEMININO,85 a 89 anos,12,11,"0,9167",0,1,2022-07-11 22:32:34
14,ANALFABETO,FEMININO,90 a 94 anos,4,4,1,0,0,2022-07-11 22:32:34
14,ANALFABETO,FEMININO,95 a 99 anos,2,2,1,0,0,2022-07-11 22:32:34
14,ANALFABETO,MASCULINO,17 anos,2,0,0,0,0,2022-07-11 22:32:34
14,ANALFABETO,MASCULINO,18 anos,3,0,0,0,2,2022-07-11 22:32:34
14,ANALFABETO,MASCULINO,20 anos,3,1,"0,3333",0,0,2022-07-11 22:32:34
14,ANALFABETO,MASCULINO,21 a 24 anos,9,7,"0,7778",0,3,2022-07-11 22:32:34
14,ANALFABETO,MASCULINO,25 a 29 anos,11,11,1,0,4,2022-07-11 22:32:34
14,ANALFABETO,MASCULINO,30 a 34 anos,9,8,"0,8889",0,4,2022-07-11 22:32:34
14,ANALFABETO,MASCULINO,35 a 39 anos,17,10,"0,5882",0,7,2022-07-11 22:32:34
14,ANALFABETO,MASCULINO,40 a 44 anos,34,27,"0,7941",0,7,2022-07-11 22:32:34
14,ANALFABETO,MASCULINO,45 a 49 anos,39,34,"0,8718",0,4,2022-07-11 22:32:34
14,ANALFABETO,MASCULINO,50 a 54 anos,48,38,"0,7917",0,3,2022-07-11 22:32:34
14,ANALFABETO,MASCULINO,55 a 59 anos,45,40,"0,8889",0,4,2022-07-11 22:32:34
14,ANALFABETO,MASCULINO,60 a 64 anos,49,44,"0,898",0,7,2022-07-11 22:32:34
14,ANALFABETO,MASCULINO,65 a 69 anos,48,46,"0,9583",0,7,2022-07-11 22:32:34
14,ANALFABETO,MASCULINO,70 a 74 anos,47,44,"0,9362",0,5,2022-07-11 22:32:34
14,ANALFABETO,MASCULINO,75 a 79 anos,27,26,"0,963",0,2,2022-07-11 22:32:34
14,ANALFABETO,MASCULINO,80 a 84 anos,15,15,1,0,1,2022-07-11 22:32:34
14,ANALFABETO,MASCULINO,85 a 89 anos,4,4,1,0,1,2022-07-11 22:32:34
14,ENSINO FUNDAMENTAL COMPLETO,FEMININO,16 anos,21,0,0,0,0,2022-07-11 22:32:34
14,ENSINO FUNDAMENTAL COMPLETO,FEMININO,17 anos,25,0,0,1,0,2022-07-11 22:32:34
14,ENSINO FUNDAMENTAL COMPLETO,FEMININO,18 anos,22,0,0,0,0,2022-07-11 22:32:34
14,ENSINO FUNDAMENTAL COMPLETO,FEMININO,19 anos,33,5,"0,1515",0,0,2022-07-11 22:32:34
14,ENSINO FUNDAMENTAL COMPLETO,FEMININO,20 anos,26,10,"0,3846",0,0,2022-07-11 22:32:34
14,ENSINO FUNDAMENTAL COMPLETO,FEMININO,21 a 24 anos,140,124,"0,8857",0,1,2022-07-11 22:32:34
14,ENSINO FUNDAMENTAL COMPLETO,FEMININO,25 a 29 anos,178,177,"0,9944",0,2,2022-07-11 22:32:34
14,ENSINO FUNDAMENTAL COMPLETO,FEMININO,30 a 34 anos,176,169,"0,9602",0,0,2022-07-11 22:32:34
14,ENSINO FUNDAMENTAL COMPLETO,FEMININO,35 a 39 anos,253,250,"0,9881",0,4,2022-07-11 22:32:34
14,ENSINO FUNDAMENTAL COMPLETO,FEMININO,40 a 44 anos,369,360,"0,9756",0,1,2022-07-11 22:32:34
14,ENSINO FUNDAMENTAL COMPLETO,FEMININO,45 a 49 anos,327,323,"0,9878",0,1,2022-07-11 22:32:34
14,ENSINO FUNDAMENTAL COMPLETO,FEMININO,50 a 54 anos,329,325,"0,9878",0,6,2022-07-11 22:32:34
14,ENSINO FUNDAMENTAL COMPLETO,FEMININO,55 a 59 anos,324,323,"0,9969",0,5,2022-07-11 22:32:34
14,ENSINO FUNDAMENTAL COMPLETO,FEMININO,60 a 64 anos,319,317,"0,9937",0,11,2022-07-11 22:32:34
14,ENSINO FUNDAMENTAL COMPLETO,FEMININO,65 a 69 anos,264,264,1,0,7,2022-07-11 22:32:34
14,ENSINO FUNDAMENTAL COMPLETO,FEMININO,70 a 74 anos,163,162,"0,9939",0,5,2022-07-11 22:32:34
14,ENSINO FUNDAMENTAL COMPLETO,FEMININO,75 a 79 anos,52,51,"0,9808",0,1,2022-07-11 22:32:34
14,ENSINO FUNDAMENTAL COMPLETO,FEMININO,80 a 84 anos,19,17,"0,8947",0,1,2022-07-11 22:32:34
14,ENSINO FUNDAMENTAL COMPLETO,FEMININO,85 a 89 anos,7,7,1,0,0,2022-07-11 22:32:34
14,ENSINO FUNDAMENTAL COMPLETO,FEMININO,90 a 94 anos,3,3,1,0,0,2022-07-11 22:32:34
14,ENSINO FUNDAMENTAL COMPLETO,MASCULINO,16 anos,12,0,0,0,0,2022-07-11 22:32:34
14,ENSINO FUNDAMENTAL COMPLETO,MASCULINO,17 anos,21,0,0,0,0,2022-07-11 22:32:34
14,ENSINO FUNDAMENTAL COMPLETO,MASCULINO,18 anos,22,0,0,0,0,2022-07-11 22:32:34
14,ENSINO FUNDAMENTAL COMPLETO,MASCULINO,19 anos,19,1,"0,0526",1,1,2022-07-11 22:32:34
14,ENSINO FUNDAMENTAL COMPLETO,MASCULINO,20 anos,29,16,"0,5517",0,0,2022-07-11 22:32:34
14,ENSINO FUNDAMENTAL COMPLETO,MASCULINO,21 a 24 anos,157,141,"0,8981",0,3,2022-07-11 22:32:34
14,ENSINO FUNDAMENTAL COMPLETO,MASCULINO,25 a 29 anos,217,211,"0,9724",0,0,2022-07-11 22:32:34
14,ENSINO FUNDAMENTAL COMPLETO,MASCULINO,30 a 34 anos,212,204,"0,9623",0,2,2022-07-11 22:32:34
14,ENSINO FUNDAMENTAL COMPLETO,MASCULINO,35 a 39 anos,314,304,"0,9682",0,1,2022-07-11 22:32:34
14,ENSINO FUNDAMENTAL COMPLETO,MASCULINO,40 a 44 anos,349,341,"0,9771",0,2,2022-07-11 22:32:34
14,ENSINO FUNDAMENTAL COMPLETO,MASCULINO,45 a 49 anos,415,408,"0,9831",0,4,2022-07-11 22:32:34
14,ENSINO FUNDAMENTAL COMPLETO,MASCULINO,50 a 54 anos,354,343,"0,9689",0,4,2022-07-11 22:32:34
14,ENSINO FUNDAMENTAL COMPLETO,MASCULINO,55 a 59 anos,329,325,"0,9878",0,5,2022-07-11 22:32:34
14,ENSINO FUNDAMENTAL COMPLETO,MASCULINO,60 a 64 anos,319,316,"0,9906",0,3,2022-07-11 22:32:34
14,ENSINO FUNDAMENTAL COMPLETO,MASCULINO,65 a 69 anos,240,239,"0,9958",0,5,2022-07-11 22:32:34
14,ENSINO FUNDAMENTAL COMPLETO,MASCULINO,70 a 74 anos,164,164,1,0,12,2022-07-11 22:32:34
14,ENSINO FUNDAMENTAL COMPLETO,MASCULINO,75 a 79 anos,52,52,1,0,3,2022-07-11 22:32:34
14,ENSINO FUNDAMENTAL COMPLETO,MASCULINO,80 a 84 anos,20,20,1,0,2,2022-07-11 22:32:34
14,ENSINO FUNDAMENTAL COMPLETO,MASCULINO,85 a 89 anos,5,5,1,0,1,2022-07-11 22:32:34
14,ENSINO FUNDAMENTAL COMPLETO,MASCULINO,90 a 94 anos,1,1,1,0,0,2022-07-11 22:32:34
14,ENSINO FUNDAMENTAL INCOMPLETO,FEMININO,16 anos,27,0,0,0,0,2022-07-11 22:32:34
14,ENSINO FUNDAMENTAL INCOMPLETO,FEMININO,17 anos,44,0,0,0,0,2022-07-11 22:32:34
14,ENSINO FUNDAMENTAL INCOMPLETO,FEMININO,18 anos,47,3,"0,0638",0,1,2022-07-11 22:32:34
14,ENSINO FUNDAMENTAL INCOMPLETO,FEMININO,19 anos,103,37,"0,3592",1,4,2022-07-11 22:32:34
14,ENSINO FUNDAMENTAL INCOMPLETO,FEMININO,20 anos,126,72,"0,5714",1,0,2022-07-11 22:32:34
14,ENSINO FUNDAMENTAL INCOMPLETO,FEMININO,21 a 24 anos,863,801,"0,9282",2,2,2022-07-11 22:32:34
14,ENSINO FUNDAMENTAL INCOMPLETO,FEMININO,25 a 29 anos,873,855,"0,9794",1,4,2022-07-11 22:32:34
14,ENSINO FUNDAMENTAL INCOMPLETO,FEMININO,30 a 34 anos,703,683,"0,9716",0,7,2022-07-11 22:32:34
14,ENSINO FUNDAMENTAL INCOMPLETO,FEMININO,35 a 39 anos,876,862,"0,984",2,7,2022-07-11 22:32:34
14,ENSINO FUNDAMENTAL INCOMPLETO,FEMININO,40 a 44 anos,1378,1364,"0,9898",0,14,2022-07-11 22:32:34
14,ENSINO FUNDAMENTAL INCOMPLETO,FEMININO,45 a 49 anos,1567,1542,"0,984",0,12,2022-07-11 22:32:34
14,ENSINO FUNDAMENTAL INCOMPLETO,FEMININO,50 a 54 anos,1487,1463,"0,9839",0,19,2022-07-11 22:32:34
14,ENSINO FUNDAMENTAL INCOMPLETO,FEMININO,55 a 59 anos,1430,1416,"0,9902",0,21,2022-07-11 22:32:34
14,ENSINO FUNDAMENTAL INCOMPLETO,FEMININO,60 a 64 anos,1241,1229,"0,9903",0,15,2022-07-11 22:32:34
14,ENSINO FUNDAMENTAL INCOMPLETO,FEMININO,65 a 69 anos,993,984,"0,9909",0,57,2022-07-11 22:32:34
14,ENSINO FUNDAMENTAL INCOMPLETO,FEMININO,70 a 74 anos,627,627,1,0,32,2022-07-11 22:32:34
14,ENSINO FUNDAMENTAL INCOMPLETO,FEMININO,75 a 79 anos,263,259,"0,9848",0,16,2022-07-11 22:32:34
14,ENSINO FUNDAMENTAL INCOMPLETO,FEMININO,80 a 84 anos,101,100,"0,9901",0,10,2022-07-11 22:32:34
14,ENSINO FUNDAMENTAL INCOMPLETO,FEMININO,85 a 89 anos,30,30,1,0,2,2022-07-11 22:32:34
14,ENSINO FUNDAMENTAL INCOMPLETO,FEMININO,90 a 94 anos,11,11,1,0,1,2022-07-11 22:32:34
14,ENSINO FUNDAMENTAL INCOMPLETO,MASCULINO,16 anos,44,0,0,1,1,2022-07-11 22:32:34
14,ENSINO FUNDAMENTAL INCOMPLETO,MASCULINO,17 anos,51,0,0,0,0,2022-07-11 22:32:34
14,ENSINO FUNDAMENTAL INCOMPLETO,MASCULINO,18 anos,71,7,"0,0986",0,2,2022-07-11 22:32:34
14,ENSINO FUNDAMENTAL INCOMPLETO,MASCULINO,19 anos,103,36,"0,3495",0,3,2022-07-11 22:32:34
14,ENSINO FUNDAMENTAL INCOMPLETO,MASCULINO,20 anos,147,96,"0,6531",0,0,2022-07-11 22:32:34
14,ENSINO FUNDAMENTAL INCOMPLETO,MASCULINO,21 a 24 anos,1116,1045,"0,9364",0,4,2022-07-11 22:32:34
14,ENSINO FUNDAMENTAL INCOMPLETO,MASCULINO,25 a 29 anos,1136,1103,"0,971",1,10,2022-07-11 22:32:34
14,ENSINO FUNDAMENTAL INCOMPLETO,MASCULINO,30 a 34 anos,896,857,"0,9565",0,13,2022-07-11 22:32:34
14,ENSINO FUNDAMENTAL INCOMPLETO,MASCULINO,35 a 39 anos,1149,1103,"0,96",0,14,2022-07-11 22:32:34
14,ENSINO FUNDAMENTAL INCOMPLETO,MASCULINO,40 a 44 anos,1432,1391,"0,9714",0,16,2022-07-11 22:32:34
14,ENSINO FUNDAMENTAL INCOMPLETO,MASCULINO,45 a 49 anos,1347,1308,"0,971",0,10,2022-07-11 22:32:34
14,ENSINO FUNDAMENTAL INCOMPLETO,MASCULINO,50 a 54 anos,1299,1260,"0,97",0,16,2022-07-11 22:32:34
14,ENSINO FUNDAMENTAL INCOMPLETO,MASCULINO,55 a 59 anos,1161,1136,"0,9785",0,10,2022-07-11 22:32:34
14,ENSINO FUNDAMENTAL INCOMPLETO,MASCULINO,60 a 64 anos,984,965,"0,9807",0,15,2022-07-11 22:32:34
14,ENSINO FUNDAMENTAL INCOMPLETO,MASCULINO,65 a 69 anos,719,715,"0,9944",0,38,2022-07-11 22:32:34
14,ENSINO FUNDAMENTAL INCOMPLETO,MASCULINO,70 a 74 anos,452,450,"0,9956",0,25,2022-07-11 22:32:34
14,ENSINO FUNDAMENTAL INCOMPLETO,MASCULINO,75 a 79 anos,208,208,1,0,10,2022-07-11 22:32:34
14,ENSINO FUNDAMENTAL INCOMPLETO,MASCULINO,80 a 84 anos,54,53,"0,9815",0,7,2022-07-11 22:32:34
14,ENSINO FUNDAMENTAL INCOMPLETO,MASCULINO,85 a 89 anos,20,20,1,0,5,2022-07-11 22:32:34
14,ENSINO FUNDAMENTAL INCOMPLETO,MASCULINO,90 a 94 anos,1,1,1,0,0,2022-07-11 22:32:34
14,ENSINO FUNDAMENTAL INCOMPLETO,MASCULINO,95 a 99 anos,1,1,1,0,1,2022-07-11 22:32:34
14,ENSINO MÉDIO COMPLETO,FEMININO,16 anos,9,0,0,2,0,2022-07-11 22:32:34
14,ENSINO MÉDIO COMPLETO,FEMININO,17 anos,40,0,0,0,0,2022-07-11 22:32:34
14,ENSINO MÉDIO COMPLETO,FEMININO,18 anos,278,0,0,2,1,2022-07-11 22:32:34
14,ENSINO MÉDIO COMPLETO,FEMININO,19 anos,318,9,"0,0283",0,2,2022-07-11 22:32:34
14,ENSINO MÉDIO COMPLETO,FEMININO,20 anos,375,109,"0,2907",1,4,2022-07-11 22:32:34
14,ENSINO MÉDIO COMPLETO,FEMININO,21 a 24 anos,1577,1376,"0,8725",1,3,2022-07-11 22:32:34
14,ENSINO MÉDIO COMPLETO,FEMININO,25 a 29 anos,3075,3037,"0,9876",1,10,2022-07-11 22:32:34
14,ENSINO MÉDIO COMPLETO,FEMININO,30 a 34 anos,2814,2770,"0,9844",0,9,2022-07-11 22:32:34
14,ENSINO MÉDIO COMPLETO,FEMININO,35 a 39 anos,3881,3836,"0,9884",0,14,2022-07-11 22:32:34
14,ENSINO MÉDIO COMPLETO,FEMININO,40 a 44 anos,3693,3664,"0,9921",0,12,2022-07-11 22:32:34
14,ENSINO MÉDIO COMPLETO,FEMININO,45 a 49 anos,2774,2749,"0,991",0,12,2022-07-11 22:32:34
14,ENSINO MÉDIO COMPLETO,FEMININO,50 a 54 anos,2063,2044,"0,9908",0,13,2022-07-11 22:32:34
14,ENSINO MÉDIO COMPLETO,FEMININO,55 a 59 anos,1580,1562,"0,9886",0,17,2022-07-11 22:32:34
14,ENSINO MÉDIO COMPLETO,FEMININO,60 a 64 anos,1253,1248,"0,996",0,15,2022-07-11 22:32:34
14,ENSINO MÉDIO COMPLETO,FEMININO,65 a 69 anos,777,774,"0,9961",0,28,2022-07-11 22:32:34
14,ENSINO MÉDIO COMPLETO,FEMININO,70 a 74 anos,381,380,"0,9974",0,32,2022-07-11 22:32:34
14,ENSINO MÉDIO COMPLETO,FEMININO,75 a 79 anos,124,123,"0,9919",0,8,2022-07-11 22:32:34
14,ENSINO MÉDIO COMPLETO,FEMININO,80 a 84 anos,39,35,"0,8974",0,3,2022-07-11 22:32:34
14,ENSINO MÉDIO COMPLETO,FEMININO,85 a 89 anos,11,10,"0,9091",0,1,2022-07-11 22:32:34
14,ENSINO MÉDIO COMPLETO,FEMININO,95 a 99 anos,1,1,1,0,1,2022-07-11 22:32:34
14,ENSINO MÉDIO COMPLETO,MASCULINO,16 anos,3,0,0,0,0,2022-07-11 22:32:34
14,ENSINO MÉDIO COMPLETO,MASCULINO,17 anos,17,0,0,0,0,2022-07-11 22:32:34
14,ENSINO MÉDIO COMPLETO,MASCULINO,18 anos,165,1,"0,0061",0,0,2022-07-11 22:32:34
14,ENSINO MÉDIO COMPLETO,MASCULINO,19 anos,192,3,"0,0156",2,2,2022-07-11 22:32:34
14,ENSINO MÉDIO COMPLETO,MASCULINO,20 anos,252,82,"0,3254",3,0,2022-07-11 22:32:34
14,ENSINO MÉDIO COMPLETO,MASCULINO,21 a 24 anos,1098,944,"0,8597",0,3,2022-07-11 22:32:34
14,ENSINO MÉDIO COMPLETO,MASCULINO,25 a 29 anos,2330,2283,"0,9798",3,9,2022-07-11 22:32:34
14,ENSINO MÉDIO COMPLETO,MASCULINO,30 a 34 anos,2312,2278,"0,9853",0,9,2022-07-11 22:32:34
14,ENSINO MÉDIO COMPLETO,MASCULINO,35 a 39 anos,2973,2921,"0,9825",0,6,2022-07-11 22:32:34
14,ENSINO MÉDIO COMPLETO,MASCULINO,40 a 44 anos,2817,2764,"0,9812",0,10,2022-07-11 22:32:34
14,ENSINO MÉDIO COMPLETO,MASCULINO,45 a 49 anos,1949,1910,"0,98",0,9,2022-07-11 22:32:34
14,ENSINO MÉDIO COMPLETO,MASCULINO,50 a 54 anos,1433,1412,"0,9853",1,8,2022-07-11 22:32:34
14,ENSINO MÉDIO COMPLETO,MASCULINO,55 a 59 anos,1181,1164,"0,9856",0,6,2022-07-11 22:32:34
14,ENSINO MÉDIO COMPLETO,MASCULINO,60 a 64 anos,795,791,"0,995",0,4,2022-07-11 22:32:34
14,ENSINO MÉDIO COMPLETO,MASCULINO,65 a 69 anos,558,552,"0,9892",0,17,2022-07-11 22:32:34
14,ENSINO MÉDIO COMPLETO,MASCULINO,70 a 74 anos,293,292,"0,9966",0,11,2022-07-11 22:32:34
14,ENSINO MÉDIO COMPLETO,MASCULINO,75 a 79 anos,89,88,"0,9888",0,5,2022-07-11 22:32:34
14,ENSINO MÉDIO COMPLETO,MASCULINO,80 a 84 anos,36,35,"0,9722",0,1,2022-07-11 22:32:34
14,ENSINO MÉDIO COMPLETO,MASCULINO,85 a 89 anos,9,9,1,0,1,2022-07-11 22:32:34
14,ENSINO MÉDIO COMPLETO,MASCULINO,90 a 94 anos,4,4,1,0,1,2022-07-11 22:32:34
14,ENSINO MÉDIO INCOMPLETO,FEMININO,16 anos,236,0,0,1,3,2022-07-11 22:32:34
14,ENSINO MÉDIO INCOMPLETO,FEMININO,17 anos,409,0,0,1,1,2022-07-11 22:32:34
14,ENSINO MÉDIO INCOMPLETO,FEMININO,18 anos,434,17,"0,0392",0,3,2022-07-11 22:32:34
14,ENSINO MÉDIO INCOMPLETO,FEMININO,19 anos,378,97,"0,2566",1,3,2022-07-11 22:32:34
14,ENSINO MÉDIO INCOMPLETO,FEMININO,20 anos,476,237,"0,4979",2,2,2022-07-11 22:32:34
14,ENSINO MÉDIO INCOMPLETO,FEMININO,21 a 24 anos,2303,2158,"0,937",2,2,2022-07-11 22:32:34
14,ENSINO MÉDIO INCOMPLETO,FEMININO,25 a 29 anos,1282,1264,"0,986",2,2,2022-07-11 22:32:34
14,ENSINO MÉDIO INCOMPLETO,FEMININO,30 a 34 anos,727,710,"0,9766",0,4,2022-07-11 22:32:34
14,ENSINO MÉDIO INCOMPLETO,FEMININO,35 a 39 anos,855,847,"0,9906",0,4,2022-07-11 22:32:34
14,ENSINO MÉDIO INCOMPLETO,FEMININO,40 a 44 anos,783,775,"0,9898",0,1,2022-07-11 22:32:34
14,ENSINO MÉDIO INCOMPLETO,FEMININO,45 a 49 anos,595,584,"0,9815",0,3,2022-07-11 22:32:34
14,ENSINO MÉDIO INCOMPLETO,FEMININO,50 a 54 anos,508,500,"0,9843",0,5,2022-07-11 22:32:34
14,ENSINO MÉDIO INCOMPLETO,FEMININO,55 a 59 anos,348,345,"0,9914",0,0,2022-07-11 22:32:34
14,ENSINO MÉDIO INCOMPLETO,FEMININO,60 a 64 anos,268,267,"0,9963",0,3,2022-07-11 22:32:34
14,ENSINO MÉDIO INCOMPLETO,FEMININO,65 a 69 anos,147,147,1,0,7,2022-07-11 22:32:34
14,ENSINO MÉDIO INCOMPLETO,FEMININO,70 a 74 anos,84,83,"0,9881",0,6,2022-07-11 22:32:34
14,ENSINO MÉDIO INCOMPLETO,FEMININO,75 a 79 anos,24,24,1,0,3,2022-07-11 22:32:34
14,ENSINO MÉDIO INCOMPLETO,FEMININO,80 a 84 anos,8,7,"0,875",0,0,2022-07-11 22:32:34
14,ENSINO MÉDIO INCOMPLETO,FEMININO,85 a 89 anos,3,3,1,0,1,2022-07-11 22:32:34
14,ENSINO MÉDIO INCOMPLETO,MASCULINO,16 anos,133,0,0,1,1,2022-07-11 22:32:34
14,ENSINO MÉDIO INCOMPLETO,MASCULINO,17 anos,301,0,0,1,2,2022-07-11 22:32:34
14,ENSINO MÉDIO INCOMPLETO,MASCULINO,18 anos,407,22,"0,0541",1,3,2022-07-11 22:32:34
14,ENSINO MÉDIO INCOMPLETO,MASCULINO,19 anos,393,98,"0,2494",0,1,2022-07-11 22:32:34
14,ENSINO MÉDIO INCOMPLETO,MASCULINO,20 anos,422,245,"0,5806",1,1,2022-07-11 22:32:34
14,ENSINO MÉDIO INCOMPLETO,MASCULINO,21 a 24 anos,2123,1992,"0,9383",1,5,2022-07-11 22:32:34
14,ENSINO MÉDIO INCOMPLETO,MASCULINO,25 a 29 anos,1414,1382,"0,9774",1,8,2022-07-11 22:32:34
14,ENSINO MÉDIO INCOMPLETO,MASCULINO,30 a 34 anos,851,831,"0,9765",0,2,2022-07-11 22:32:34
14,ENSINO MÉDIO INCOMPLETO,MASCULINO,35 a 39 anos,917,896,"0,9771",0,5,2022-07-11 22:32:34
14,ENSINO MÉDIO INCOMPLETO,MASCULINO,40 a 44 anos,800,782,"0,9775",0,8,2022-07-11 22:32:34
14,ENSINO MÉDIO INCOMPLETO,MASCULINO,45 a 49 anos,476,461,"0,9685",0,1,2022-07-11 22:32:34
14,ENSINO MÉDIO INCOMPLETO,MASCULINO,50 a 54 anos,424,417,"0,9835",0,3,2022-07-11 22:32:34
14,ENSINO MÉDIO INCOMPLETO,MASCULINO,55 a 59 anos,275,274,"0,9964",0,1,2022-07-11 22:32:34
14,ENSINO MÉDIO INCOMPLETO,MASCULINO,60 a 64 anos,213,209,"0,9812",0,0,2022-07-11 22:32:34
14,ENSINO MÉDIO INCOMPLETO,MASCULINO,65 a 69 anos,138,136,"0,9855",0,4,2022-07-11 22:32:34
14,ENSINO MÉDIO INCOMPLETO,MASCULINO,70 a 74 anos,91,91,1,0,5,2022-07-11 22:32:34
14,ENSINO MÉDIO INCOMPLETO,MASCULINO,75 a 79 anos,25,25,1,0,1,2022-07-11 22:32:34
14,ENSINO MÉDIO INCOMPLETO,MASCULINO,80 a 84 anos,8,8,1,0,0,2022-07-11 22:32:34
14,ENSINO MÉDIO INCOMPLETO,MASCULINO,85 a 89 anos,1,1,1,0,0,2022-07-11 22:32:34
14,LÊ E ESCREVE,FEMININO,16 anos,1,0,0,0,0,2022-07-11 22:32:34
14,LÊ E ESCREVE,FEMININO,17 anos,6,0,0,0,0,2022-07-11 22:32:34
14,LÊ E ESCREVE,FEMININO,18 anos,3,0,0,0,0,2022-07-11 22:32:34
14,LÊ E ESCREVE,FEMININO,19 anos,3,0,0,0,0,2022-07-11 22:32:34
14,LÊ E ESCREVE,FEMININO,20 anos,3,1,"0,3333",0,0,2022-07-11 22:32:34
14,LÊ E ESCREVE,FEMININO,21 a 24 anos,14,8,"0,5714",1,0,2022-07-11 22:32:34
14,LÊ E ESCREVE,FEMININO,25 a 29 anos,24,23,"0,9583",0,1,2022-07-11 22:32:34
14,LÊ E ESCREVE,FEMININO,30 a 34 anos,19,17,"0,8947",0,1,2022-07-11 22:32:34
14,LÊ E ESCREVE,FEMININO,35 a 39 anos,46,44,"0,9565",0,3,2022-07-11 22:32:34
14,LÊ E ESCREVE,FEMININO,40 a 44 anos,108,107,"0,9907",0,2,2022-07-11 22:32:34
14,LÊ E ESCREVE,FEMININO,45 a 49 anos,171,168,"0,9825",0,4,2022-07-11 22:32:34
14,LÊ E ESCREVE,FEMININO,50 a 54 anos,253,249,"0,9842",0,3,2022-07-11 22:32:34
14,LÊ E ESCREVE,FEMININO,55 a 59 anos,351,347,"0,9886",0,3,2022-07-11 22:32:34
14,LÊ E ESCREVE,FEMININO,60 a 64 anos,428,425,"0,993",0,10,2022-07-11 22:32:34
14,LÊ E ESCREVE,FEMININO,65 a 69 anos,451,448,"0,9933",0,30,2022-07-11 22:32:34
14,LÊ E ESCREVE,FEMININO,70 a 74 anos,401,399,"0,995",0,28,2022-07-11 22:32:34
14,LÊ E ESCREVE,FEMININO,75 a 79 anos,173,168,"0,9711",0,17,2022-07-11 22:32:34
14,LÊ E ESCREVE,FEMININO,80 a 84 anos,70,70,1,0,5,2022-07-11 22:32:34
14,LÊ E ESCREVE,FEMININO,85 a 89 anos,29,28,"0,9655",0,6,2022-07-11 22:32:34
14,LÊ E ESCREVE,FEMININO,90 a 94 anos,9,8,"0,8889",0,2,2022-07-11 22:32:34
14,LÊ E ESCREVE,FEMININO,95 a 99 anos,6,6,1,0,3,2022-07-11 22:32:34
14,LÊ E ESCREVE,MASCULINO,16 anos,3,0,0,0,0,2022-07-11 22:32:34
14,LÊ E ESCREVE,MASCULINO,17 anos,19,0,0,1,0,2022-07-11 22:32:34
14,LÊ E ESCREVE,MASCULINO,18 anos,26,0,0,0,1,2022-07-11 22:32:34
14,LÊ E ESCREVE,MASCULINO,19 anos,21,1,"0,0476",0,0,2022-07-11 22:32:34
14,LÊ E ESCREVE,MASCULINO,20 anos,16,3,"0,1875",0,0,2022-07-11 22:32:34
14,LÊ E ESCREVE,MASCULINO,21 a 24 anos,37,30,"0,8108",0,1,2022-07-11 22:32:34
14,LÊ E ESCREVE,MASCULINO,25 a 29 anos,34,31,"0,9118",0,1,2022-07-11 22:32:34
14,LÊ E ESCREVE,MASCULINO,30 a 34 anos,44,41,"0,9318",0,2,2022-07-11 22:32:34
14,LÊ E ESCREVE,MASCULINO,35 a 39 anos,62,58,"0,9355",0,4,2022-07-11 22:32:34
14,LÊ E ESCREVE,MASCULINO,40 a 44 anos,141,129,"0,9149",0,7,2022-07-11 22:32:34
14,LÊ E ESCREVE,MASCULINO,45 a 49 anos,197,185,"0,9391",0,6,2022-07-11 22:32:34
14,LÊ E ESCREVE,MASCULINO,50 a 54 anos,252,236,"0,9365",0,5,2022-07-11 22:32:34
14,LÊ E ESCREVE,MASCULINO,55 a 59 anos,287,282,"0,9826",0,6,2022-07-11 22:32:34
14,LÊ E ESCREVE,MASCULINO,60 a 64 anos,330,317,"0,9606",0,3,2022-07-11 22:32:34
14,LÊ E ESCREVE,MASCULINO,65 a 69 anos,323,317,"0,9814",0,18,2022-07-11 22:32:34
14,LÊ E ESCREVE,MASCULINO,70 a 74 anos,246,244,"0,9919",0,16,2022-07-11 22:32:34
14,LÊ E ESCREVE,MASCULINO,75 a 79 anos,123,122,"0,9919",0,14,2022-07-11 22:32:34
14,LÊ E ESCREVE,MASCULINO,80 a 84 anos,40,40,1,0,4,2022-07-11 22:32:34
14,LÊ E ESCREVE,MASCULINO,85 a 89 anos,11,11,1,0,2,2022-07-11 22:32:34
14,LÊ E ESCREVE,MASCULINO,90 a 94 anos,5,5,1,0,0,2022-07-11 22:32:34
14,SUPERIOR COMPLETO,FEMININO,17 anos,1,0,0,0,0,2022-07-11 22:32:34
14,SUPERIOR COMPLETO,FEMININO,18 anos,3,0,0,0,0,2022-07-11 22:32:34
14,SUPERIOR COMPLETO,FEMININO,19 anos,2,0,0,0,0,2022-07-11 22:32:34
14,SUPERIOR COMPLETO,FEMININO,20 anos,1,0,0,0,0,2022-07-11 22:32:34
14,SUPERIOR COMPLETO,FEMININO,21 a 24 anos,31,29,"0,9355",0,0,2022-07-11 22:32:34
14,SUPERIOR COMPLETO,FEMININO,25 a 29 anos,370,359,"0,9703",1,0,2022-07-11 22:32:34
14,SUPERIOR COMPLETO,FEMININO,30 a 34 anos,1096,1082,"0,9872",0,6,2022-07-11 22:32:34
14,SUPERIOR COMPLETO,FEMININO,35 a 39 anos,1426,1406,"0,986",0,2,2022-07-11 22:32:34
14,SUPERIOR COMPLETO,FEMININO,40 a 44 anos,1238,1226,"0,9903",0,5,2022-07-11 22:32:34
14,SUPERIOR COMPLETO,FEMININO,45 a 49 anos,775,766,"0,9884",0,2,2022-07-11 22:32:34
14,SUPERIOR COMPLETO,FEMININO,50 a 54 anos,605,601,"0,9934",0,2,2022-07-11 22:32:34
14,SUPERIOR COMPLETO,FEMININO,55 a 59 anos,422,422,1,0,0,2022-07-11 22:32:34
14,SUPERIOR COMPLETO,FEMININO,60 a 64 anos,274,274,1,0,4,2022-07-11 22:32:34
14,SUPERIOR COMPLETO,FEMININO,65 a 69 anos,194,194,1,0,3,2022-07-11 22:32:34
14,SUPERIOR COMPLETO,FEMININO,70 a 74 anos,115,115,1,0,6,2022-07-11 22:32:34
14,SUPERIOR COMPLETO,FEMININO,75 a 79 anos,51,51,1,0,1,2022-07-11 22:32:34
14,SUPERIOR COMPLETO,FEMININO,80 a 84 anos,13,13,1,0,1,2022-07-11 22:32:34
14,SUPERIOR COMPLETO,FEMININO,85 a 89 anos,2,2,1,0,0,2022-07-11 22:32:34
14,SUPERIOR COMPLETO,FEMININO,90 a 94 anos,1,1,1,0,0,2022-07-11 22:32:34
14,SUPERIOR COMPLETO,MASCULINO,18 anos,1,0,0,0,0,2022-07-11 22:32:34
14,SUPERIOR COMPLETO,MASCULINO,21 a 24 anos,7,7,1,0,0,2022-07-11 22:32:34
14,SUPERIOR COMPLETO,MASCULINO,25 a 29 anos,158,150,"0,9494",0,1,2022-07-11 22:32:34
14,SUPERIOR COMPLETO,MASCULINO,30 a 34 anos,573,557,"0,9721",0,1,2022-07-11 22:32:34
14,SUPERIOR COMPLETO,MASCULINO,35 a 39 anos,735,719,"0,9782",0,1,2022-07-11 22:32:34
14,SUPERIOR COMPLETO,MASCULINO,40 a 44 anos,703,697,"0,9915",0,0,2022-07-11 22:32:34
14,SUPERIOR COMPLETO,MASCULINO,45 a 49 anos,442,431,"0,9751",0,3,2022-07-11 22:32:34
14,SUPERIOR COMPLETO,MASCULINO,50 a 54 anos,299,296,"0,99",0,1,2022-07-11 22:32:34
14,SUPERIOR COMPLETO,MASCULINO,55 a 59 anos,220,216,"0,9818",0,1,2022-07-11 22:32:34
14,SUPERIOR COMPLETO,MASCULINO,60 a 64 anos,137,135,"0,9854",0,2,2022-07-11 22:32:34
14,SUPERIOR COMPLETO,MASCULINO,65 a 69 anos,90,88,"0,9778",0,1,2022-07-11 22:32:34
14,SUPERIOR COMPLETO,MASCULINO,70 a 74 anos,49,49,1,0,3,2022-07-11 22:32:34
14,SUPERIOR COMPLETO,MASCULINO,75 a 79 anos,16,16,1,0,0,2022-07-11 22:32:34
14,SUPERIOR COMPLETO,MASCULINO,80 a 84 anos,9,9,1,0,0,2022-07-11 22:32:34
14,SUPERIOR COMPLETO,MASCULINO,85 a 89 anos,1,1,1,0,0,2022-07-11 22:32:34
14,SUPERIOR INCOMPLETO,FEMININO,17 anos,3,0,0,0,0,2022-07-11 22:32:34
14,SUPERIOR INCOMPLETO,FEMININO,18 anos,18,0,0,0,0,2022-07-11 22:32:34
14,SUPERIOR INCOMPLETO,FEMININO,19 anos,26,0,0,0,0,2022-07-11 22:32:34
14,SUPERIOR INCOMPLETO,FEMININO,20 anos,56,15,"0,2679",0,1,2022-07-11 22:32:34
14,SUPERIOR INCOMPLETO,FEMININO,21 a 24 anos,293,264,"0,901",0,1,2022-07-11 22:32:34
14,SUPERIOR INCOMPLETO,FEMININO,25 a 29 anos,1043,1031,"0,9885",0,2,2022-07-11 22:32:34
14,SUPERIOR INCOMPLETO,FEMININO,30 a 34 anos,702,693,"0,9872",0,1,2022-07-11 22:32:34
14,SUPERIOR INCOMPLETO,FEMININO,35 a 39 anos,645,638,"0,9891",0,2,2022-07-11 22:32:34
14,SUPERIOR INCOMPLETO,FEMININO,40 a 44 anos,497,493,"0,992",0,1,2022-07-11 22:32:34
14,SUPERIOR INCOMPLETO,FEMININO,45 a 49 anos,245,242,"0,9878",0,1,2022-07-11 22:32:34
14,SUPERIOR INCOMPLETO,FEMININO,50 a 54 anos,154,150,"0,974",0,0,2022-07-11 22:32:34
14,SUPERIOR INCOMPLETO,FEMININO,55 a 59 anos,110,109,"0,9909",0,1,2022-07-11 22:32:34
14,SUPERIOR INCOMPLETO,FEMININO,60 a 64 anos,67,67,1,0,1,2022-07-11 22:32:34
14,SUPERIOR INCOMPLETO,FEMININO,65 a 69 anos,49,49,1,0,2,2022-07-11 22:32:34
14,SUPERIOR INCOMPLETO,FEMININO,70 a 74 anos,27,27,1,0,0,2022-07-11 22:32:34
14,SUPERIOR INCOMPLETO,FEMININO,75 a 79 anos,7,7,1,0,0,2022-07-11 22:32:34
14,SUPERIOR INCOMPLETO,FEMININO,80 a 84 anos,1,1,1,0,1,2022-07-11 22:32:34
14,SUPERIOR INCOMPLETO,MASCULINO,17 anos,2,0,0,0,0,2022-07-11 22:32:34
14,SUPERIOR INCOMPLETO,MASCULINO,18 anos,13,0,0,0,0,2022-07-11 22:32:34
14,SUPERIOR INCOMPLETO,MASCULINO,19 anos,23,1,"0,0435",0,0,2022-07-11 22:32:34
14,SUPERIOR INCOMPLETO,MASCULINO,20 anos,38,13,"0,3421",0,0,2022-07-11 22:32:34
14,SUPERIOR INCOMPLETO,MASCULINO,21 a 24 anos,211,185,"0,8768",0,0,2022-07-11 22:32:34
14,SUPERIOR INCOMPLETO,MASCULINO,25 a 29 anos,691,682,"0,987",0,0,2022-07-11 22:32:34
14,SUPERIOR INCOMPLETO,MASCULINO,30 a 34 anos,521,515,"0,9885",0,1,2022-07-11 22:32:34
14,SUPERIOR INCOMPLETO,MASCULINO,35 a 39 anos,462,452,"0,9784",0,4,2022-07-11 22:32:34
14,SUPERIOR INCOMPLETO,MASCULINO,40 a 44 anos,309,299,"0,9676",0,0,2022-07-11 22:32:34
14,SUPERIOR INCOMPLETO,MASCULINO,45 a 49 anos,214,204,"0,9533",1,2,2022-07-11 22:32:34
14,SUPERIOR INCOMPLETO,MASCULINO,50 a 54 anos,132,126,"0,9545",0,1,2022-07-11 22:32:34
14,SUPERIOR INCOMPLETO,MASCULINO,55 a 59 anos,91,87,"0,956",0,4,2022-07-11 22:32:34
14,SUPERIOR INCOMPLETO,MASCULINO,60 a 64 anos,50,49,"0,98",0,0,2022-07-11 22:32:34
14,SUPERIOR INCOMPLETO,MASCULINO,65 a 69 anos,46,45,"0,9783",0,1,2022-07-11 22:32:34
14,SUPERIOR INCOMPLETO,MASCULINO,70 a 74 anos,21,21,1,0,2,2022-07-11 22:32:34
14,SUPERIOR INCOMPLETO,MASCULINO,75 a 79 anos,5,5,1,0,0,2022-07-11 22:32:34
14,SUPERIOR INCOMPLETO,MASCULINO,80 a 84 anos,1,1,1,0,0,2022-07-11 22:32:34
15,ANALFABETO,FEMININO,19 anos,2,0,0,0,0,2022-07-11 22:32:34
15,ANALFABETO,FEMININO,21 a 24 anos,4,4,1,0,1,2022-07-11 22:32:34
15,ANALFABETO,FEMININO,25 a 29 anos,8,7,"0,875",0,4,2022-07-11 22:32:34
15,ANALFABETO,FEMININO,30 a 34 anos,11,9,"0,8182",0,5,2022-07-11 22:32:34
15,ANALFABETO,FEMININO,35 a 39 anos,14,14,1,0,5,2022-07-11 22:32:34
15,ANALFABETO,FEMININO,40 a 44 anos,10,10,1,1,2,2022-07-11 22:32:34
15,ANALFABETO,FEMININO,45 a 49 anos,18,17,"0,9444",0,1,2022-07-11 22:32:34
15,ANALFABETO,FEMININO,50 a 54 anos,35,30,"0,8571",0,4,2022-07-11 22:32:34
15,ANALFABETO,FEMININO,55 a 59 anos,44,40,"0,9091",0,5,2022-07-11 22:32:34
15,ANALFABETO,FEMININO,60 a 64 anos,53,52,"0,9811",0,2,2022-07-11 22:32:34
15,ANALFABETO,FEMININO,65 a 69 anos,87,81,"0,931",0,7,2022-07-11 22:32:34
15,ANALFABETO,FEMININO,70 a 74 anos,73,72,"0,9863",0,2,2022-07-11 22:32:34
15,ANALFABETO,FEMININO,75 a 79 anos,40,40,1,0,3,2022-07-11 22:32:34
15,ANALFABETO,FEMININO,80 a 84 anos,23,21,"0,913",0,2,2022-07-11 22:32:34
15,ANALFABETO,FEMININO,85 a 89 anos,8,8,1,0,1,2022-07-11 22:32:34
15,ANALFABETO,FEMININO,90 a 94 anos,2,2,1,0,0,2022-07-11 22:32:34
15,ANALFABETO,FEMININO,95 a 99 anos,1,1,1,0,0,2022-07-11 22:32:34
15,ANALFABETO,MASCULINO,16 anos,1,0,0,0,0,2022-07-11 22:32:34
15,ANALFABETO,MASCULINO,18 anos,1,0,0,0,1,2022-07-11 22:32:34
15,ANALFABETO,MASCULINO,21 a 24 anos,5,5,1,0,2,2022-07-11 22:32:34
15,ANALFABETO,MASCULINO,25 a 29 anos,7,5,"0,7143",0,3,2022-07-11 22:32:34
15,ANALFABETO,MASCULINO,30 a 34 anos,8,7,"0,875",0,4,2022-07-11 22:32:34
15,ANALFABETO,MASCULINO,35 a 39 anos,11,10,"0,9091",0,1,2022-07-11 22:32:34
15,ANALFABETO,MASCULINO,40 a 44 anos,16,12,"0,75",0,6,2022-07-11 22:32:34
15,ANALFABETO,MASCULINO,45 a 49 anos,23,19,"0,8261",0,8,2022-07-11 22:32:34
15,ANALFABETO,MASCULINO,50 a 54 anos,30,27,"0,9",0,4,2022-07-11 22:32:34
15,ANALFABETO,MASCULINO,55 a 59 anos,29,24,"0,8276",0,4,2022-07-11 22:32:34
15,ANALFABETO,MASCULINO,60 a 64 anos,27,23,"0,8519",0,5,2022-07-11 22:32:34
15,ANALFABETO,MASCULINO,65 a 69 anos,37,30,"0,8108",0,3,2022-07-11 22:32:34
15,ANALFABETO,MASCULINO,70 a 74 anos,29,29,1,0,2,2022-07-11 22:32:34
15,ANALFABETO,MASCULINO,75 a 79 anos,12,12,1,0,0,2022-07-11 22:32:34
15,ANALFABETO,MASCULINO,80 a 84 anos,9,8,"0,8889",0,2,2022-07-11 22:32:34
15,ANALFABETO,MASCULINO,85 a 89 anos,2,2,1,0,0,2022-07-11 22:32:34
15,ENSINO FUNDAMENTAL COMPLETO,FEMININO,16 anos,13,0,0,0,0,2022-07-11 22:32:34
15,ENSINO FUNDAMENTAL COMPLETO,FEMININO,17 anos,21,0,0,0,0,2022-07-11 22:32:34
15,ENSINO FUNDAMENTAL COMPLETO,FEMININO,18 anos,20,0,0,1,0,2022-07-11 22:32:34
15,ENSINO FUNDAMENTAL COMPLETO,FEMININO,19 anos,19,8,"0,4211",0,0,2022-07-11 22:32:34
15,ENSINO FUNDAMENTAL COMPLETO,FEMININO,20 anos,22,3,"0,1364",0,0,2022-07-11 22:32:34
15,ENSINO FUNDAMENTAL COMPLETO,FEMININO,21 a 24 anos,85,68,"0,8",0,2,2022-07-11 22:32:34
15,ENSINO FUNDAMENTAL COMPLETO,FEMININO,25 a 29 anos,115,112,"0,9739",0,0,2022-07-11 22:32:34
15,ENSINO FUNDAMENTAL COMPLETO,FEMININO,30 a 34 anos,133,128,"0,9624",0,0,2022-07-11 22:32:34
15,ENSINO FUNDAMENTAL COMPLETO,FEMININO,35 a 39 anos,186,185,"0,9946",0,1,2022-07-11 22:32:34
15,ENSINO FUNDAMENTAL COMPLETO,FEMININO,40 a 44 anos,242,239,"0,9876",1,4,2022-07-11 22:32:34
15,ENSINO FUNDAMENTAL COMPLETO,FEMININO,45 a 49 anos,281,275,"0,9786",0,1,2022-07-11 22:32:34
15,ENSINO FUNDAMENTAL COMPLETO,FEMININO,50 a 54 anos,280,276,"0,9857",0,0,2022-07-11 22:32:34
15,ENSINO FUNDAMENTAL COMPLETO,FEMININO,55 a 59 anos,291,285,"0,9794",0,6,2022-07-11 22:32:34
15,ENSINO FUNDAMENTAL COMPLETO,FEMININO,60 a 64 anos,313,309,"0,9872",0,7,2022-07-11 22:32:34
15,ENSINO FUNDAMENTAL COMPLETO,FEMININO,65 a 69 anos,273,270,"0,989",0,15,2022-07-11 22:32:34
15,ENSINO FUNDAMENTAL COMPLETO,FEMININO,70 a 74 anos,169,169,1,0,10,2022-07-11 22:32:34
15,ENSINO FUNDAMENTAL COMPLETO,FEMININO,75 a 79 anos,59,57,"0,9661",0,2,2022-07-11 22:32:34
15,ENSINO FUNDAMENTAL COMPLETO,FEMININO,80 a 84 anos,28,28,1,0,0,2022-07-11 22:32:34
15,ENSINO FUNDAMENTAL COMPLETO,FEMININO,85 a 89 anos,10,9,"0,9",0,1,2022-07-11 22:32:34
15,ENSINO FUNDAMENTAL COMPLETO,FEMININO,90 a 94 anos,3,3,1,0,0,2022-07-11 22:32:34
15,ENSINO FUNDAMENTAL COMPLETO,MASCULINO,16 anos,8,0,0,1,0,2022-07-11 22:32:34
15,ENSINO FUNDAMENTAL COMPLETO,MASCULINO,17 anos,12,0,0,0,0,2022-07-11 22:32:34
15,ENSINO FUNDAMENTAL COMPLETO,MASCULINO,18 anos,19,1,"0,0526",1,0,2022-07-11 22:32:34
15,ENSINO FUNDAMENTAL COMPLETO,MASCULINO,19 anos,16,6,"0,375",0,2,2022-07-11 22:32:34
15,ENSINO FUNDAMENTAL COMPLETO,MASCULINO,20 anos,17,8,"0,4706",0,0,2022-07-11 22:32:34
15,ENSINO FUNDAMENTAL COMPLETO,MASCULINO,21 a 24 anos,106,96,"0,9057",0,0,2022-07-11 22:32:34
15,ENSINO FUNDAMENTAL COMPLETO,MASCULINO,25 a 29 anos,157,148,"0,9427",0,2,2022-07-11 22:32:34
15,ENSINO FUNDAMENTAL COMPLETO,MASCULINO,30 a 34 anos,167,164,"0,982",0,2,2022-07-11 22:32:34
15,ENSINO FUNDAMENTAL COMPLETO,MASCULINO,35 a 39 anos,208,199,"0,9567",0,1,2022-07-11 22:32:34
15,ENSINO FUNDAMENTAL COMPLETO,MASCULINO,40 a 44 anos,239,232,"0,9707",0,2,2022-07-11 22:32:34
15,ENSINO FUNDAMENTAL COMPLETO,MASCULINO,45 a 49 anos,292,281,"0,9623",0,2,2022-07-11 22:32:34
15,ENSINO FUNDAMENTAL COMPLETO,MASCULINO,50 a 54 anos,309,301,"0,9741",0,2,2022-07-11 22:32:34
15,ENSINO FUNDAMENTAL COMPLETO,MASCULINO,55 a 59 anos,329,316,"0,9605",0,3,2022-07-11 22:32:34
15,ENSINO FUNDAMENTAL COMPLETO,MASCULINO,60 a 64 anos,330,322,"0,9758",0,2,2022-07-11 22:32:34
15,ENSINO FUNDAMENTAL COMPLETO,MASCULINO,65 a 69 anos,221,219,"0,991",0,11,2022-07-11 22:32:34
15,ENSINO FUNDAMENTAL COMPLETO,MASCULINO,70 a 74 anos,174,174,1,0,10,2022-07-11 22:32:34
15,ENSINO FUNDAMENTAL COMPLETO,MASCULINO,75 a 79 anos,63,61,"0,9683",0,1,2022-07-11 22:32:34
15,ENSINO FUNDAMENTAL COMPLETO,MASCULINO,80 a 84 anos,21,21,1,0,0,2022-07-11 22:32:34
15,ENSINO FUNDAMENTAL COMPLETO,MASCULINO,85 a 89 anos,9,7,"0,7778",0,0,2022-07-11 22:32:34
15,ENSINO FUNDAMENTAL COMPLETO,MASCULINO,90 a 94 anos,6,5,"0,8333",0,0,2022-07-11 22:32:34
15,ENSINO FUNDAMENTAL INCOMPLETO,FEMININO,16 anos,12,0,0,0,0,2022-07-11 22:32:34
15,ENSINO FUNDAMENTAL INCOMPLETO,FEMININO,17 anos,18,0,0,0,0,2022-07-11 22:32:34
15,ENSINO FUNDAMENTAL INCOMPLETO,FEMININO,18 anos,20,0,0,0,0,2022-07-11 22:32:34
15,ENSINO FUNDAMENTAL INCOMPLETO,FEMININO,19 anos,43,9,"0,2093",0,1,2022-07-11 22:32:34
15,ENSINO FUNDAMENTAL INCOMPLETO,FEMININO,20 anos,64,34,"0,5313",0,1,2022-07-11 22:32:34
15,ENSINO FUNDAMENTAL INCOMPLETO,FEMININO,21 a 24 anos,480,438,"0,9125",0,2,2022-07-11 22:32:34
15,ENSINO FUNDAMENTAL INCOMPLETO,FEMININO,25 a 29 anos,521,499,"0,9578",0,4,2022-07-11 22:32:34
15,ENSINO FUNDAMENTAL INCOMPLETO,FEMININO,30 a 34 anos,487,476,"0,9774",0,2,2022-07-11 22:32:34
15,ENSINO FUNDAMENTAL INCOMPLETO,FEMININO,35 a 39 anos,646,630,"0,9752",0,6,2022-07-11 22:32:34
15,ENSINO FUNDAMENTAL INCOMPLETO,FEMININO,40 a 44 anos,903,881,"0,9756",0,8,2022-07-11 22:32:34
15,ENSINO FUNDAMENTAL INCOMPLETO,FEMININO,45 a 49 anos,1118,1101,"0,9848",0,7,2022-07-11 22:32:34
15,ENSINO FUNDAMENTAL INCOMPLETO,FEMININO,50 a 54 anos,1177,1159,"0,9847",0,3,2022-07-11 22:32:34
15,ENSINO FUNDAMENTAL INCOMPLETO,FEMININO,55 a 59 anos,1153,1142,"0,9905",0,20,2022-07-11 22:32:34
15,ENSINO FUNDAMENTAL INCOMPLETO,FEMININO,60 a 64 anos,1007,1000,"0,993",0,14,2022-07-11 22:32:34
15,ENSINO FUNDAMENTAL INCOMPLETO,FEMININO,65 a 69 anos,798,792,"0,9925",0,30,2022-07-11 22:32:34
15,ENSINO FUNDAMENTAL INCOMPLETO,FEMININO,70 a 74 anos,586,584,"0,9966",0,21,2022-07-11 22:32:34
15,ENSINO FUNDAMENTAL INCOMPLETO,FEMININO,75 a 79 anos,269,268,"0,9963",0,17,2022-07-11 22:32:34
15,ENSINO FUNDAMENTAL INCOMPLETO,FEMININO,80 a 84 anos,125,124,"0,992",0,8,2022-07-11 22:32:34
15,ENSINO FUNDAMENTAL INCOMPLETO,FEMININO,85 a 89 anos,33,33,1,0,1,2022-07-11 22:32:34
15,ENSINO FUNDAMENTAL INCOMPLETO,FEMININO,90 a 94 anos,17,17,1,0,3,2022-07-11 22:32:34
15,ENSINO FUNDAMENTAL INCOMPLETO,MASCULINO,16 anos,37,0,0,0,0,2022-07-11 22:32:34
15,ENSINO FUNDAMENTAL INCOMPLETO,MASCULINO,17 anos,29,0,0,0,0,2022-07-11 22:32:34
15,ENSINO FUNDAMENTAL INCOMPLETO,MASCULINO,18 anos,46,4,"0,087",0,1,2022-07-11 22:32:34
15,ENSINO FUNDAMENTAL INCOMPLETO,MASCULINO,19 anos,57,19,"0,3333",0,0,2022-07-11 22:32:34
15,ENSINO FUNDAMENTAL INCOMPLETO,MASCULINO,20 anos,70,42,"0,6",0,0,2022-07-11 22:32:34
15,ENSINO FUNDAMENTAL INCOMPLETO,MASCULINO,21 a 24 anos,538,488,"0,9071",0,6,2022-07-11 22:32:34
15,ENSINO FUNDAMENTAL INCOMPLETO,MASCULINO,25 a 29 anos,665,631,"0,9489",0,9,2022-07-11 22:32:34
15,ENSINO FUNDAMENTAL INCOMPLETO,MASCULINO,30 a 34 anos,570,550,"0,9649",0,10,2022-07-11 22:32:34
15,ENSINO FUNDAMENTAL INCOMPLETO,MASCULINO,35 a 39 anos,753,725,"0,9628",0,9,2022-07-11 22:32:34
15,ENSINO FUNDAMENTAL INCOMPLETO,MASCULINO,40 a 44 anos,998,968,"0,9699",0,16,2022-07-11 22:32:34
15,ENSINO FUNDAMENTAL INCOMPLETO,MASCULINO,45 a 49 anos,994,953,"0,9588",0,21,2022-07-11 22:32:34
15,ENSINO FUNDAMENTAL INCOMPLETO,MASCULINO,50 a 54 anos,1020,996,"0,9765",0,14,2022-07-11 22:32:34
15,ENSINO FUNDAMENTAL INCOMPLETO,MASCULINO,55 a 59 anos,943,921,"0,9767",0,19,2022-07-11 22:32:34
15,ENSINO FUNDAMENTAL INCOMPLETO,MASCULINO,60 a 64 anos,786,778,"0,9898",0,16,2022-07-11 22:32:34
15,ENSINO FUNDAMENTAL INCOMPLETO,MASCULINO,65 a 69 anos,537,526,"0,9795",0,22,2022-07-11 22:32:34
15,ENSINO FUNDAMENTAL INCOMPLETO,MASCULINO,70 a 74 anos,389,387,"0,9949",0,17,2022-07-11 22:32:34
15,ENSINO FUNDAMENTAL INCOMPLETO,MASCULINO,75 a 79 anos,164,164,1,0,6,2022-07-11 22:32:34
15,ENSINO FUNDAMENTAL INCOMPLETO,MASCULINO,80 a 84 anos,67,66,"0,9851",0,5,2022-07-11 22:32:34
15,ENSINO FUNDAMENTAL INCOMPLETO,MASCULINO,85 a 89 anos,25,25,1,0,3,2022-07-11 22:32:34
15,ENSINO FUNDAMENTAL INCOMPLETO,MASCULINO,90 a 94 anos,3,3,1,0,0,2022-07-11 22:32:34
15,ENSINO FUNDAMENTAL INCOMPLETO,MASCULINO,95 a 99 anos,4,4,1,0,0,2022-07-11 22:32:34
15,ENSINO MÉDIO COMPLETO,FEMININO,100 anos ou mais,1,1,1,0,0,2022-07-11 22:32:34
15,ENSINO MÉDIO COMPLETO,FEMININO,16 anos,5,0,0,0,0,2022-07-11 22:32:34
15,ENSINO MÉDIO COMPLETO,FEMININO,17 anos,32,0,0,0,0,2022-07-11 22:32:34
15,ENSINO MÉDIO COMPLETO,FEMININO,18 anos,188,0,0,0,1,2022-07-11 22:32:34
15,ENSINO MÉDIO COMPLETO,FEMININO,19 anos,240,9,"0,0375",0,2,2022-07-11 22:32:34
15,ENSINO MÉDIO COMPLETO,FEMININO,20 anos,296,72,"0,2432",0,3,2022-07-11 22:32:34
15,ENSINO MÉDIO COMPLETO,FEMININO,21 a 24 anos,1244,1059,"0,8513",1,2,2022-07-11 22:32:34
15,ENSINO MÉDIO COMPLETO,FEMININO,25 a 29 anos,2347,2311,"0,9847",1,1,2022-07-11 22:32:34
15,ENSINO MÉDIO COMPLETO,FEMININO,30 a 34 anos,2444,2408,"0,9853",0,3,2022-07-11 22:32:34
15,ENSINO MÉDIO COMPLETO,FEMININO,35 a 39 anos,2949,2910,"0,9868",1,6,2022-07-11 22:32:34
15,ENSINO MÉDIO COMPLETO,FEMININO,40 a 44 anos,3103,3073,"0,9903",0,9,2022-07-11 22:32:34
15,ENSINO MÉDIO COMPLETO,FEMININO,45 a 49 anos,2342,2317,"0,9893",0,10,2022-07-11 22:32:34
15,ENSINO MÉDIO COMPLETO,FEMININO,50 a 54 anos,2041,2027,"0,9931",0,14,2022-07-11 22:32:34
15,ENSINO MÉDIO COMPLETO,FEMININO,55 a 59 anos,1591,1573,"0,9887",0,14,2022-07-11 22:32:34
15,ENSINO MÉDIO COMPLETO,FEMININO,60 a 64 anos,1070,1062,"0,9925",0,16,2022-07-11 22:32:34
15,ENSINO MÉDIO COMPLETO,FEMININO,65 a 69 anos,647,643,"0,9938",0,14,2022-07-11 22:32:34
15,ENSINO MÉDIO COMPLETO,FEMININO,70 a 74 anos,363,362,"0,9972",0,18,2022-07-11 22:32:34
15,ENSINO MÉDIO COMPLETO,FEMININO,75 a 79 anos,104,103,"0,9904",0,1,2022-07-11 22:32:34
15,ENSINO MÉDIO COMPLETO,FEMININO,80 a 84 anos,36,36,1,0,2,2022-07-11 22:32:34
15,ENSINO MÉDIO COMPLETO,FEMININO,85 a 89 anos,7,7,1,0,2,2022-07-11 22:32:34
15,ENSINO MÉDIO COMPLETO,FEMININO,90 a 94 anos,2,2,1,0,0,2022-07-11 22:32:34
15,ENSINO MÉDIO COMPLETO,MASCULINO,100 anos ou mais,1,1,1,0,0,2022-07-11 22:32:34
15,ENSINO MÉDIO COMPLETO,MASCULINO,16 anos,4,0,0,0,0,2022-07-11 22:32:34
15,ENSINO MÉDIO COMPLETO,MASCULINO,17 anos,19,0,0,0,0,2022-07-11 22:32:34
15,ENSINO MÉDIO COMPLETO,MASCULINO,18 anos,135,0,0,1,0,2022-07-11 22:32:34
15,ENSINO MÉDIO COMPLETO,MASCULINO,19 anos,173,4,"0,0231",0,1,2022-07-11 22:32:34
15,ENSINO MÉDIO COMPLETO,MASCULINO,20 anos,192,53,"0,276",2,1,2022-07-11 22:32:34
15,ENSINO MÉDIO COMPLETO,MASCULINO,21 a 24 anos,900,762,"0,8467",1,3,2022-07-11 22:32:34
15,ENSINO MÉDIO COMPLETO,MASCULINO,25 a 29 anos,1957,1921,"0,9816",0,3,2022-07-11 22:32:34
15,ENSINO MÉDIO COMPLETO,MASCULINO,30 a 34 anos,1963,1931,"0,9837",1,4,2022-07-11 22:32:34
15,ENSINO MÉDIO COMPLETO,MASCULINO,35 a 39 anos,2375,2333,"0,9823",0,7,2022-07-11 22:32:34
15,ENSINO MÉDIO COMPLETO,MASCULINO,40 a 44 anos,2320,2288,"0,9862",1,6,2022-07-11 22:32:34
15,ENSINO MÉDIO COMPLETO,MASCULINO,45 a 49 anos,1784,1763,"0,9882",0,13,2022-07-11 22:32:34
15,ENSINO MÉDIO COMPLETO,MASCULINO,50 a 54 anos,1519,1495,"0,9842",0,7,2022-07-11 22:32:34
15,ENSINO MÉDIO COMPLETO,MASCULINO,55 a 59 anos,1207,1190,"0,9859",0,12,2022-07-11 22:32:34
15,ENSINO MÉDIO COMPLETO,MASCULINO,60 a 64 anos,815,799,"0,9804",0,11,2022-07-11 22:32:34
15,ENSINO MÉDIO COMPLETO,MASCULINO,65 a 69 anos,477,470,"0,9853",0,19,2022-07-11 22:32:34
15,ENSINO MÉDIO COMPLETO,MASCULINO,70 a 74 anos,252,250,"0,9921",0,9,2022-07-11 22:32:34
15,ENSINO MÉDIO COMPLETO,MASCULINO,75 a 79 anos,65,64,"0,9846",0,2,2022-07-11 22:32:34
15,ENSINO MÉDIO COMPLETO,MASCULINO,80 a 84 anos,25,25,1,0,1,2022-07-11 22:32:34
15,ENSINO MÉDIO COMPLETO,MASCULINO,85 a 89 anos,4,4,1,0,0,2022-07-11 22:32:34
15,ENSINO MÉDIO COMPLETO,MASCULINO,90 a 94 anos,4,4,1,0,0,2022-07-11 22:32:34
15,ENSINO MÉDIO COMPLETO,MASCULINO,95 a 99 anos,2,2,1,0,0,2022-07-11 22:32:34
15,ENSINO MÉDIO INCOMPLETO,FEMININO,100 anos ou mais,1,1,1,0,0,2022-07-11 22:32:34
15,ENSINO MÉDIO INCOMPLETO,FEMININO,16 anos,155,0,0,0,0,2022-07-11 22:32:34
15,ENSINO MÉDIO INCOMPLETO,FEMININO,17 anos,258,0,0,0,2,2022-07-11 22:32:34
15,ENSINO MÉDIO INCOMPLETO,FEMININO,18 anos,303,13,"0,0429",1,1,2022-07-11 22:32:34
15,ENSINO MÉDIO INCOMPLETO,FEMININO,19 anos,272,56,"0,2059",1,2,2022-07-11 22:32:34
15,ENSINO MÉDIO INCOMPLETO,FEMININO,20 anos,322,159,"0,4938",0,1,2022-07-11 22:32:34
15,ENSINO MÉDIO INCOMPLETO,FEMININO,21 a 24 anos,1619,1485,"0,9172",0,3,2022-07-11 22:32:34
15,ENSINO MÉDIO INCOMPLETO,FEMININO,25 a 29 anos,973,954,"0,9805",1,1,2022-07-11 22:32:34
15,ENSINO MÉDIO INCOMPLETO,FEMININO,30 a 34 anos,650,632,"0,9723",0,2,2022-07-11 22:32:34
15,ENSINO MÉDIO INCOMPLETO,FEMININO,35 a 39 anos,665,657,"0,988",0,2,2022-07-11 22:32:34
15,ENSINO MÉDIO INCOMPLETO,FEMININO,40 a 44 anos,672,664,"0,9881",0,1,2022-07-11 22:32:34
15,ENSINO MÉDIO INCOMPLETO,FEMININO,45 a 49 anos,514,508,"0,9883",0,4,2022-07-11 22:32:34
15,ENSINO MÉDIO INCOMPLETO,FEMININO,50 a 54 anos,510,506,"0,9922",0,1,2022-07-11 22:32:34
15,ENSINO MÉDIO INCOMPLETO,FEMININO,55 a 59 anos,407,403,"0,9902",0,0,2022-07-11 22:32:34
15,ENSINO MÉDIO INCOMPLETO,FEMININO,60 a 64 anos,279,276,"0,9892",0,7,2022-07-11 22:32:34
15,ENSINO MÉDIO INCOMPLETO,FEMININO,65 a 69 anos,149,146,"0,9799",0,6,2022-07-11 22:32:34
15,ENSINO MÉDIO INCOMPLETO,FEMININO,70 a 74 anos,85,84,"0,9882",0,2,2022-07-11 22:32:34
15,ENSINO MÉDIO INCOMPLETO,FEMININO,75 a 79 anos,22,22,1,0,0,2022-07-11 22:32:34
15,ENSINO MÉDIO INCOMPLETO,FEMININO,80 a 84 anos,9,9,1,0,3,2022-07-11 22:32:34
15,ENSINO MÉDIO INCOMPLETO,FEMININO,85 a 89 anos,3,3,1,0,1,2022-07-11 22:32:34
15,ENSINO MÉDIO INCOMPLETO,MASCULINO,16 anos,128,0,0,1,0,2022-07-11 22:32:34
15,ENSINO MÉDIO INCOMPLETO,MASCULINO,17 anos,230,0,0,1,1,2022-07-11 22:32:34
15,ENSINO MÉDIO INCOMPLETO,MASCULINO,18 anos,286,3,"0,0105",4,1,2022-07-11 22:32:34
15,ENSINO MÉDIO INCOMPLETO,MASCULINO,19 anos,244,63,"0,2582",4,2,2022-07-11 22:32:34
15,ENSINO MÉDIO INCOMPLETO,MASCULINO,20 anos,334,162,"0,485",1,5,2022-07-11 22:32:34
15,ENSINO MÉDIO INCOMPLETO,MASCULINO,21 a 24 anos,1605,1491,"0,929",0,0,2022-07-11 22:32:34
15,ENSINO MÉDIO INCOMPLETO,MASCULINO,25 a 29 anos,1046,1021,"0,9761",0,1,2022-07-11 22:32:34
15,ENSINO MÉDIO INCOMPLETO,MASCULINO,30 a 34 anos,597,574,"0,9615",1,2,2022-07-11 22:32:34
15,ENSINO MÉDIO INCOMPLETO,MASCULINO,35 a 39 anos,692,675,"0,9754",0,3,2022-07-11 22:32:34
15,ENSINO MÉDIO INCOMPLETO,MASCULINO,40 a 44 anos,557,541,"0,9713",0,7,2022-07-11 22:32:34
15,ENSINO MÉDIO INCOMPLETO,MASCULINO,45 a 49 anos,467,454,"0,9722",0,1,2022-07-11 22:32:34
15,ENSINO MÉDIO INCOMPLETO,MASCULINO,50 a 54 anos,434,426,"0,9816",0,1,2022-07-11 22:32:34
15,ENSINO MÉDIO INCOMPLETO,MASCULINO,55 a 59 anos,332,325,"0,9789",0,0,2022-07-11 22:32:34
15,ENSINO MÉDIO INCOMPLETO,MASCULINO,60 a 64 anos,231,227,"0,9827",0,4,2022-07-11 22:32:34
15,ENSINO MÉDIO INCOMPLETO,MASCULINO,65 a 69 anos,131,129,"0,9847",0,4,2022-07-11 22:32:34
15,ENSINO MÉDIO INCOMPLETO,MASCULINO,70 a 74 anos,80,80,1,0,0,2022-07-11 22:32:34
15,ENSINO MÉDIO INCOMPLETO,MASCULINO,75 a 79 anos,36,36,1,0,0,2022-07-11 22:32:34
15,ENSINO MÉDIO INCOMPLETO,MASCULINO,80 a 84 anos,10,10,1,0,1,2022-07-11 22:32:34
15,ENSINO MÉDIO INCOMPLETO,MASCULINO,85 a 89 anos,2,2,1,0,0,2022-07-11 22:32:34
15,ENSINO MÉDIO INCOMPLETO,MASCULINO,90 a 94 anos,1,1,1,0,0,2022-07-11 22:32:34
15,LÊ E ESCREVE,FEMININO,100 anos ou mais,1,0,0,0,1,2022-07-11 22:32:34
15,LÊ E ESCREVE,FEMININO,17 anos,1,0,0,0,0,2022-07-11 22:32:34
15,LÊ E ESCREVE,FEMININO,19 anos,2,0,0,0,0,2022-07-11 22:32:34
15,LÊ E ESCREVE,FEMININO,21 a 24 anos,10,4,"0,4",0,0,2022-07-11 22:32:34
15,LÊ E ESCREVE,FEMININO,25 a 29 anos,11,9,"0,8182",0,1,2022-07-11 22:32:34
15,LÊ E ESCREVE,FEMININO,30 a 34 anos,17,16,"0,9412",0,1,2022-07-11 22:32:34
15,LÊ E ESCREVE,FEMININO,35 a 39 anos,29,28,"0,9655",0,3,2022-07-11 22:32:34
15,LÊ E ESCREVE,FEMININO,40 a 44 anos,56,56,1,0,2,2022-07-11 22:32:34
15,LÊ E ESCREVE,FEMININO,45 a 49 anos,128,123,"0,9609",0,1,2022-07-11 22:32:34
15,LÊ E ESCREVE,FEMININO,50 a 54 anos,132,129,"0,9773",0,6,2022-07-11 22:32:34
15,LÊ E ESCREVE,FEMININO,55 a 59 anos,222,217,"0,9775",0,4,2022-07-11 22:32:34
15,LÊ E ESCREVE,FEMININO,60 a 64 anos,280,277,"0,9893",0,9,2022-07-11 22:32:34
15,LÊ E ESCREVE,FEMININO,65 a 69 anos,339,339,1,0,11,2022-07-11 22:32:34
15,LÊ E ESCREVE,FEMININO,70 a 74 anos,338,337,"0,997",0,23,2022-07-11 22:32:34
15,LÊ E ESCREVE,FEMININO,75 a 79 anos,183,183,1,0,10,2022-07-11 22:32:34
15,LÊ E ESCREVE,FEMININO,80 a 84 anos,94,93,"0,9894",0,0,2022-07-11 22:32:34
15,LÊ E ESCREVE,FEMININO,85 a 89 anos,33,32,"0,9697",0,1,2022-07-11 22:32:34
15,LÊ E ESCREVE,FEMININO,90 a 94 anos,7,7,1,0,1,2022-07-11 22:32:34
15,LÊ E ESCREVE,MASCULINO,16 anos,1,0,0,0,0,2022-07-11 22:32:34
15,LÊ E ESCREVE,MASCULINO,17 anos,1,0,0,0,0,2022-07-11 22:32:34
15,LÊ E ESCREVE,MASCULINO,18 anos,1,0,0,0,0,2022-07-11 22:32:34
15,LÊ E ESCREVE,MASCULINO,19 anos,1,1,1,0,0,2022-07-11 22:32:34
15,LÊ E ESCREVE,MASCULINO,20 anos,2,0,0,0,0,2022-07-11 22:32:34
15,LÊ E ESCREVE,MASCULINO,21 a 24 anos,7,4,"0,5714",0,0,2022-07-11 22:32:34
15,LÊ E ESCREVE,MASCULINO,25 a 29 anos,25,22,"0,88",0,1,2022-07-11 22:32:34
15,LÊ E ESCREVE,MASCULINO,30 a 34 anos,22,20,"0,9091",0,3,2022-07-11 22:32:34
15,LÊ E ESCREVE,MASCULINO,35 a 39 anos,45,42,"0,9333",0,1,2022-07-11 22:32:34
15,LÊ E ESCREVE,MASCULINO,40 a 44 anos,66,63,"0,9545",0,1,2022-07-11 22:32:34
15,LÊ E ESCREVE,MASCULINO,45 a 49 anos,107,100,"0,9346",0,4,2022-07-11 22:32:34
15,LÊ E ESCREVE,MASCULINO,50 a 54 anos,145,141,"0,9724",0,6,2022-07-11 22:32:34
15,LÊ E ESCREVE,MASCULINO,55 a 59 anos,199,193,"0,9698",0,7,2022-07-11 22:32:34
15,LÊ E ESCREVE,MASCULINO,60 a 64 anos,244,238,"0,9754",0,8,2022-07-11 22:32:34
15,LÊ E ESCREVE,MASCULINO,65 a 69 anos,218,210,"0,9633",0,9,2022-07-11 22:32:34
15,LÊ E ESCREVE,MASCULINO,70 a 74 anos,210,209,"0,9952",0,9,2022-07-11 22:32:34
15,LÊ E ESCREVE,MASCULINO,75 a 79 anos,89,87,"0,9775",0,4,2022-07-11 22:32:34
15,LÊ E ESCREVE,MASCULINO,80 a 84 anos,41,41,1,0,0,2022-07-11 22:32:34
15,LÊ E ESCREVE,MASCULINO,85 a 89 anos,16,16,1,0,1,2022-07-11 22:32:34
15,LÊ E ESCREVE,MASCULINO,90 a 94 anos,9,9,1,0,1,2022-07-11 22:32:34
15,SUPERIOR COMPLETO,FEMININO,17 anos,1,0,0,0,0,2022-07-11 22:32:34
15,SUPERIOR COMPLETO,FEMININO,19 anos,1,0,0,0,0,2022-07-11 22:32:34
15,SUPERIOR COMPLETO,FEMININO,20 anos,2,0,0,0,0,2022-07-11 22:32:34
15,SUPERIOR COMPLETO,FEMININO,21 a 24 anos,16,13,"0,8125",0,0,2022-07-11 22:32:34
15,SUPERIOR COMPLETO,FEMININO,25 a 29 anos,243,240,"0,9877",0,0,2022-07-11 22:32:34
15,SUPERIOR COMPLETO,FEMININO,30 a 34 anos,577,576,"0,9983",0,0,2022-07-11 22:32:34
15,SUPERIOR COMPLETO,FEMININO,35 a 39 anos,728,722,"0,9918",0,0,2022-07-11 22:32:34
15,SUPERIOR COMPLETO,FEMININO,40 a 44 anos,691,682,"0,987",0,0,2022-07-11 22:32:34
15,SUPERIOR COMPLETO,FEMININO,45 a 49 anos,518,515,"0,9942",1,3,2022-07-11 22:32:34
15,SUPERIOR COMPLETO,FEMININO,50 a 54 anos,371,370,"0,9973",0,1,2022-07-11 22:32:34
15,SUPERIOR COMPLETO,FEMININO,55 a 59 anos,233,232,"0,9957",0,0,2022-07-11 22:32:34
15,SUPERIOR COMPLETO,FEMININO,60 a 64 anos,140,139,"0,9929",0,1,2022-07-11 22:32:34
15,SUPERIOR COMPLETO,FEMININO,65 a 69 anos,73,72,"0,9863",0,4,2022-07-11 22:32:34
15,SUPERIOR COMPLETO,FEMININO,70 a 74 anos,38,38,1,0,1,2022-07-11 22:32:34
15,SUPERIOR COMPLETO,FEMININO,75 a 79 anos,19,18,"0,9474",0,3,2022-07-11 22:32:34
15,SUPERIOR COMPLETO,FEMININO,80 a 84 anos,10,10,1,0,0,2022-07-11 22:32:34
15,SUPERIOR COMPLETO,MASCULINO,18 anos,2,0,0,0,0,2022-07-11 22:32:34
15,SUPERIOR COMPLETO,MASCULINO,20 anos,1,0,0,0,0,2022-07-11 22:32:34
15,SUPERIOR COMPLETO,MASCULINO,21 a 24 anos,6,5,"0,8333",0,0,2022-07-11 22:32:34
15,SUPERIOR COMPLETO,MASCULINO,25 a 29 anos,102,100,"0,9804",0,1,2022-07-11 22:32:34
15,SUPERIOR COMPLETO,MASCULINO,30 a 34 anos,316,314,"0,9937",0,0,2022-07-11 22:32:34
15,SUPERIOR COMPLETO,MASCULINO,35 a 39 anos,363,359,"0,989",0,0,2022-07-11 22:32:34
15,SUPERIOR COMPLETO,MASCULINO,40 a 44 anos,349,345,"0,9885",0,1,2022-07-11 22:32:34
15,SUPERIOR COMPLETO,MASCULINO,45 a 49 anos,228,226,"0,9912",0,1,2022-07-11 22:32:34
15,SUPERIOR COMPLETO,MASCULINO,50 a 54 anos,196,195,"0,9949",0,0,2022-07-11 22:32:34
15,SUPERIOR COMPLETO,MASCULINO,55 a 59 anos,143,143,1,0,1,2022-07-11 22:32:34
15,SUPERIOR COMPLETO,MASCULINO,60 a 64 anos,70,69,"0,9857",0,0,2022-07-11 22:32:34
15,SUPERIOR COMPLETO,MASCULINO,65 a 69 anos,37,37,1,0,0,2022-07-11 22:32:34
15,SUPERIOR COMPLETO,MASCULINO,70 a 74 anos,23,23,1,0,1,2022-07-11 22:32:34
15,SUPERIOR COMPLETO,MASCULINO,75 a 79 anos,7,7,1,0,1,2022-07-11 22:32:34
15,SUPERIOR COMPLETO,MASCULINO,80 a 84 anos,1,1,1,0,0,2022-07-11 22:32:34
15,SUPERIOR COMPLETO,MASCULINO,85 a 89 anos,3,3,1,0,0,2022-07-11 22:32:34
15,SUPERIOR INCOMPLETO,FEMININO,17 anos,2,0,0,0,0,2022-07-11 22:32:34
15,SUPERIOR INCOMPLETO,FEMININO,18 anos,10,0,0,0,0,2022-07-11 22:32:34
15,SUPERIOR INCOMPLETO,FEMININO,19 anos,22,0,0,0,0,2022-07-11 22:32:34
15,SUPERIOR INCOMPLETO,FEMININO,20 anos,35,11,"0,3143",0,0,2022-07-11 22:32:34
15,SUPERIOR INCOMPLETO,FEMININO,21 a 24 anos,193,179,"0,9275",0,0,2022-07-11 22:32:34
15,SUPERIOR INCOMPLETO,FEMININO,25 a 29 anos,665,659,"0,991",1,0,2022-07-11 22:32:34
15,SUPERIOR INCOMPLETO,FEMININO,30 a 34 anos,461,453,"0,9826",1,0,2022-07-11 22:32:34
15,SUPERIOR INCOMPLETO,FEMININO,35 a 39 anos,373,371,"0,9946",0,1,2022-07-11 22:32:34
15,SUPERIOR INCOMPLETO,FEMININO,40 a 44 anos,301,297,"0,9867",0,1,2022-07-11 22:32:34
15,SUPERIOR INCOMPLETO,FEMININO,45 a 49 anos,198,197,"0,9949",0,1,2022-07-11 22:32:34
15,SUPERIOR INCOMPLETO,FEMININO,50 a 54 anos,116,115,"0,9914",0,1,2022-07-11 22:32:34
15,SUPERIOR INCOMPLETO,FEMININO,55 a 59 anos,79,78,"0,9873",0,0,2022-07-11 22:32:34
15,SUPERIOR INCOMPLETO,FEMININO,60 a 64 anos,45,45,1,0,0,2022-07-11 22:32:34
15,SUPERIOR INCOMPLETO,FEMININO,65 a 69 anos,11,11,1,0,1,2022-07-11 22:32:34
15,SUPERIOR INCOMPLETO,FEMININO,70 a 74 anos,4,3,"0,75",0,0,2022-07-11 22:32:34
15,SUPERIOR INCOMPLETO,FEMININO,75 a 79 anos,2,2,1,0,0,2022-07-11 22:32:34
15,SUPERIOR INCOMPLETO,FEMININO,80 a 84 anos,1,1,1,0,0,2022-07-11 22:32:34
15,SUPERIOR INCOMPLETO,MASCULINO,16 anos,1,0,0,0,0,2022-07-11 22:32:34
15,SUPERIOR INCOMPLETO,MASCULINO,17 anos,2,0,0,0,0,2022-07-11 22:32:34
15,SUPERIOR INCOMPLETO,MASCULINO,18 anos,6,0,0,0,0,2022-07-11 22:32:34
15,SUPERIOR INCOMPLETO,MASCULINO,19 anos,16,0,0,0,0,2022-07-11 22:32:34
15,SUPERIOR INCOMPLETO,MASCULINO,20 anos,14,4,"0,2857",0,0,2022-07-11 22:32:34
15,SUPERIOR INCOMPLETO,MASCULINO,21 a 24 anos,110,93,"0,8455",0,0,2022-07-11 22:32:34
15,SUPERIOR INCOMPLETO,MASCULINO,25 a 29 anos,408,407,"0,9975",0,3,2022-07-11 22:32:34
15,SUPERIOR INCOMPLETO,MASCULINO,30 a 34 anos,333,327,"0,982",0,0,2022-07-11 22:32:34
15,SUPERIOR INCOMPLETO,MASCULINO,35 a 39 anos,281,277,"0,9858",0,0,2022-07-11 22:32:34
15,SUPERIOR INCOMPLETO,MASCULINO,40 a 44 anos,194,189,"0,9742",0,1,2022-07-11 22:32:34
15,SUPERIOR INCOMPLETO,MASCULINO,45 a 49 anos,145,141,"0,9724",0,2,2022-07-11 22:32:34
15,SUPERIOR INCOMPLETO,MASCULINO,50 a 54 anos,99,97,"0,9798",0,2,2022-07-11 22:32:34
15,SUPERIOR INCOMPLETO,MASCULINO,55 a 59 anos,75,73,"0,9733",0,0,2022-07-11 22:32:34
15,SUPERIOR INCOMPLETO,MASCULINO,60 a 64 anos,33,33,1,0,0,2022-07-11 22:32:34
15,SUPERIOR INCOMPLETO,MASCULINO,65 a 69 anos,13,13,1,0,0,2022-07-11 22:32:34
15,SUPERIOR INCOMPLETO,MASCULINO,70 a 74 anos,12,12,1,0,1,2022-07-11 22:32:34
15,SUPERIOR INCOMPLETO,MASCULINO,75 a 79 anos,6,6,1,0,1,2022-07-11 22:32:34
15,SUPERIOR INCOMPLETO,MASCULINO,80 a 84 anos,1,1,1,0,0,2022-07-11 22:32:34
16,ANALFABETO,FEMININO,100 anos ou mais,1,1,1,0,1,2022-07-11 22:32:34
16,ANALFABETO,FEMININO,18 anos,1,0,0,0,0,2022-07-11 22:32:34
16,ANALFABETO,FEMININO,19 anos,1,0,0,0,0,2022-07-11 22:32:34
16,ANALFABETO,FEMININO,21 a 24 anos,7,6,"0,8571",0,3,2022-07-11 22:32:34
16,ANALFABETO,FEMININO,25 a 29 anos,10,10,1,0,2,2022-07-11 22:32:34
16,ANALFABETO,FEMININO,30 a 34 anos,7,5,"0,7143",0,5,2022-07-11 22:32:34
16,ANALFABETO,FEMININO,35 a 39 anos,18,17,"0,9444",0,2,2022-07-11 22:32:34
16,ANALFABETO,FEMININO,40 a 44 anos,12,10,"0,8333",0,2,2022-07-11 22:32:34
16,ANALFABETO,FEMININO,45 a 49 anos,36,34,"0,9444",0,2,2022-07-11 22:32:34
16,ANALFABETO,FEMININO,50 a 54 anos,39,37,"0,9487",0,2,2022-07-11 22:32:34
16,ANALFABETO,FEMININO,55 a 59 anos,61,56,"0,918",0,2,2022-07-11 22:32:34
16,ANALFABETO,FEMININO,60 a 64 anos,96,90,"0,9375",0,2,2022-07-11 22:32:34
16,ANALFABETO,FEMININO,65 a 69 anos,96,87,"0,9063",0,1,2022-07-11 22:32:34
16,ANALFABETO,FEMININO,70 a 74 anos,95,95,1,0,10,2022-07-11 22:32:34
16,ANALFABETO,FEMININO,75 a 79 anos,44,44,1,0,3,2022-07-11 22:32:34
16,ANALFABETO,FEMININO,80 a 84 anos,36,36,1,0,2,2022-07-11 22:32:34
16,ANALFABETO,FEMININO,85 a 89 anos,9,9,1,0,0,2022-07-11 22:32:34
16,ANALFABETO,FEMININO,90 a 94 anos,6,6,1,0,1,2022-07-11 22:32:34
16,ANALFABETO,MASCULINO,16 anos,1,0,0,0,0,2022-07-11 22:32:34
16,ANALFABETO,MASCULINO,18 anos,3,1,"0,3333",0,0,2022-07-11 22:32:34
16,ANALFABETO,MASCULINO,19 anos,1,0,0,0,0,2022-07-11 22:32:34
16,ANALFABETO,MASCULINO,20 anos,1,0,0,0,0,2022-07-11 22:32:34
16,ANALFABETO,MASCULINO,21 a 24 anos,6,4,"0,6667",0,2,2022-07-11 22:32:34
16,ANALFABETO,MASCULINO,25 a 29 anos,13,11,"0,8462",0,4,2022-07-11 22:32:34
16,ANALFABETO,MASCULINO,30 a 34 anos,12,9,"0,75",0,4,2022-07-11 22:32:34
16,ANALFABETO,MASCULINO,35 a 39 anos,9,7,"0,7778",0,2,2022-07-11 22:32:34
16,ANALFABETO,MASCULINO,40 a 44 anos,23,21,"0,913",0,7,2022-07-11 22:32:34
16,ANALFABETO,MASCULINO,45 a 49 anos,28,24,"0,8571",0,3,2022-07-11 22:32:34
16,ANALFABETO,MASCULINO,50 a 54 anos,36,33,"0,9167",0,4,2022-07-11 22:32:34
16,ANALFABETO,MASCULINO,55 a 59 anos,37,34,"0,9189",0,2,2022-07-11 22:32:34
16,ANALFABETO,MASCULINO,60 a 64 anos,40,37,"0,925",0,5,2022-07-11 22:32:34
16,ANALFABETO,MASCULINO,65 a 69 anos,45,37,"0,8222",0,4,2022-07-11 22:32:34
16,ANALFABETO,MASCULINO,70 a 74 anos,36,36,1,0,1,2022-07-11 22:32:34
16,ANALFABETO,MASCULINO,75 a 79 anos,14,12,"0,8571",0,2,2022-07-11 22:32:34
16,ANALFABETO,MASCULINO,80 a 84 anos,12,12,1,0,0,2022-07-11 22:32:34
16,ANALFABETO,MASCULINO,85 a 89 anos,3,3,1,0,0,2022-07-11 22:32:34
16,ENSINO FUNDAMENTAL COMPLETO,FEMININO,16 anos,17,0,0,0,0,2022-07-11 22:32:34
16,ENSINO FUNDAMENTAL COMPLETO,FEMININO,17 anos,28,0,0,0,0,2022-07-11 22:32:34
16,ENSINO FUNDAMENTAL COMPLETO,FEMININO,18 anos,29,2,"0,069",0,0,2022-07-11 22:32:34
16,ENSINO FUNDAMENTAL COMPLETO,FEMININO,19 anos,17,0,0,0,0,2022-07-11 22:32:34
16,ENSINO FUNDAMENTAL COMPLETO,FEMININO,20 anos,22,5,"0,2273",0,0,2022-07-11 22:32:34
16,ENSINO FUNDAMENTAL COMPLETO,FEMININO,21 a 24 anos,109,99,"0,9083",0,1,2022-07-11 22:32:34
16,ENSINO FUNDAMENTAL COMPLETO,FEMININO,25 a 29 anos,138,135,"0,9783",0,0,2022-07-11 22:32:34
16,ENSINO FUNDAMENTAL COMPLETO,FEMININO,30 a 34 anos,140,137,"0,9786",0,0,2022-07-11 22:32:34
16,ENSINO FUNDAMENTAL COMPLETO,FEMININO,35 a 39 anos,199,196,"0,9849",0,1,2022-07-11 22:32:34
16,ENSINO FUNDAMENTAL COMPLETO,FEMININO,40 a 44 anos,280,273,"0,975",1,1,2022-07-11 22:32:34
16,ENSINO FUNDAMENTAL COMPLETO,FEMININO,45 a 49 anos,311,306,"0,9839",0,3,2022-07-11 22:32:34
16,ENSINO FUNDAMENTAL COMPLETO,FEMININO,50 a 54 anos,285,282,"0,9895",0,2,2022-07-11 22:32:34
16,ENSINO FUNDAMENTAL COMPLETO,FEMININO,55 a 59 anos,315,311,"0,9873",0,3,2022-07-11 22:32:34
16,ENSINO FUNDAMENTAL COMPLETO,FEMININO,60 a 64 anos,300,296,"0,9867",0,4,2022-07-11 22:32:34
16,ENSINO FUNDAMENTAL COMPLETO,FEMININO,65 a 69 anos,232,231,"0,9957",0,8,2022-07-11 22:32:34
16,ENSINO FUNDAMENTAL COMPLETO,FEMININO,70 a 74 anos,161,161,1,0,9,2022-07-11 22:32:34
16,ENSINO FUNDAMENTAL COMPLETO,FEMININO,75 a 79 anos,81,79,"0,9753",0,4,2022-07-11 22:32:34
16,ENSINO FUNDAMENTAL COMPLETO,FEMININO,80 a 84 anos,36,36,1,0,2,2022-07-11 22:32:34
16,ENSINO FUNDAMENTAL COMPLETO,FEMININO,85 a 89 anos,16,16,1,0,2,2022-07-11 22:32:34
16,ENSINO FUNDAMENTAL COMPLETO,FEMININO,90 a 94 anos,8,8,1,0,0,2022-07-11 22:32:34
16,ENSINO FUNDAMENTAL COMPLETO,MASCULINO,16 anos,12,0,0,0,0,2022-07-11 22:32:34
16,ENSINO FUNDAMENTAL COMPLETO,MASCULINO,17 anos,12,0,0,0,0,2022-07-11 22:32:34
16,ENSINO FUNDAMENTAL COMPLETO,MASCULINO,18 anos,24,0,0,0,0,2022-07-11 22:32:34
16,ENSINO FUNDAMENTAL COMPLETO,MASCULINO,19 anos,17,4,"0,2353",0,1,2022-07-11 22:32:34
16,ENSINO FUNDAMENTAL COMPLETO,MASCULINO,20 anos,30,7,"0,2333",0,1,2022-07-11 22:32:34
16,ENSINO FUNDAMENTAL COMPLETO,MASCULINO,21 a 24 anos,123,115,"0,935",0,0,2022-07-11 22:32:34
16,ENSINO FUNDAMENTAL COMPLETO,MASCULINO,25 a 29 anos,182,175,"0,9615",0,1,2022-07-11 22:32:34
16,ENSINO FUNDAMENTAL COMPLETO,MASCULINO,30 a 34 anos,172,169,"0,9826",1,2,2022-07-11 22:32:34
16,ENSINO FUNDAMENTAL COMPLETO,MASCULINO,35 a 39 anos,264,257,"0,9735",0,2,2022-07-11 22:32:34
16,ENSINO FUNDAMENTAL COMPLETO,MASCULINO,40 a 44 anos,286,276,"0,965",0,2,2022-07-11 22:32:34
16,ENSINO FUNDAMENTAL COMPLETO,MASCULINO,45 a 49 anos,301,293,"0,9734",0,2,2022-07-11 22:32:34
16,ENSINO FUNDAMENTAL COMPLETO,MASCULINO,50 a 54 anos,329,322,"0,9787",1,3,2022-07-11 22:32:34
16,ENSINO FUNDAMENTAL COMPLETO,MASCULINO,55 a 59 anos,281,269,"0,9573",0,2,2022-07-11 22:32:34
16,ENSINO FUNDAMENTAL COMPLETO,MASCULINO,60 a 64 anos,276,270,"0,9783",0,4,2022-07-11 22:32:34
16,ENSINO FUNDAMENTAL COMPLETO,MASCULINO,65 a 69 anos,223,220,"0,9865",0,13,2022-07-11 22:32:34
16,ENSINO FUNDAMENTAL COMPLETO,MASCULINO,70 a 74 anos,131,130,"0,9924",0,3,2022-07-11 22:32:34
16,ENSINO FUNDAMENTAL COMPLETO,MASCULINO,75 a 79 anos,57,56,"0,9825",0,1,2022-07-11 22:32:34
16,ENSINO FUNDAMENTAL COMPLETO,MASCULINO,80 a 84 anos,32,31,"0,9688",0,0,2022-07-11 22:32:34
16,ENSINO FUNDAMENTAL COMPLETO,MASCULINO,85 a 89 anos,9,9,1,0,0,2022-07-11 22:32:34
16,ENSINO FUNDAMENTAL COMPLETO,MASCULINO,90 a 94 anos,5,5,1,0,0,2022-07-11 22:32:34
16,ENSINO FUNDAMENTAL INCOMPLETO,FEMININO,100 anos ou mais,1,1,1,0,0,2022-07-11 22:32:34
16,ENSINO FUNDAMENTAL INCOMPLETO,FEMININO,16 anos,36,0,0,0,0,2022-07-11 22:32:34
16,ENSINO FUNDAMENTAL INCOMPLETO,FEMININO,17 anos,53,0,0,0,1,2022-07-11 22:32:34
16,ENSINO FUNDAMENTAL INCOMPLETO,FEMININO,18 anos,53,6,"0,1132",2,0,2022-07-11 22:32:34
16,ENSINO FUNDAMENTAL INCOMPLETO,FEMININO,19 anos,58,18,"0,3103",0,1,2022-07-11 22:32:34
16,ENSINO FUNDAMENTAL INCOMPLETO,FEMININO,20 anos,76,35,"0,4605",0,1,2022-07-11 22:32:34
16,ENSINO FUNDAMENTAL INCOMPLETO,FEMININO,21 a 24 anos,671,615,"0,9165",0,3,2022-07-11 22:32:34
16,ENSINO FUNDAMENTAL INCOMPLETO,FEMININO,25 a 29 anos,693,679,"0,9798",0,5,2022-07-11 22:32:34
16,ENSINO FUNDAMENTAL INCOMPLETO,FEMININO,30 a 34 anos,562,555,"0,9875",0,6,2022-07-11 22:32:34
16,ENSINO FUNDAMENTAL INCOMPLETO,FEMININO,35 a 39 anos,779,760,"0,9756",0,8,2022-07-11 22:32:34
16,ENSINO FUNDAMENTAL INCOMPLETO,FEMININO,40 a 44 anos,1094,1080,"0,9872",0,10,2022-07-11 22:32:34
16,ENSINO FUNDAMENTAL INCOMPLETO,FEMININO,45 a 49 anos,1367,1344,"0,9832",0,11,2022-07-11 22:32:34
16,ENSINO FUNDAMENTAL INCOMPLETO,FEMININO,50 a 54 anos,1273,1251,"0,9827",0,1,2022-07-11 22:32:34
16,ENSINO FUNDAMENTAL INCOMPLETO,FEMININO,55 a 59 anos,1195,1181,"0,9883",0,12,2022-07-11 22:32:34
16,ENSINO FUNDAMENTAL INCOMPLETO,FEMININO,60 a 64 anos,933,927,"0,9936",0,12,2022-07-11 22:32:34
16,ENSINO FUNDAMENTAL INCOMPLETO,FEMININO,65 a 69 anos,748,739,"0,988",0,45,2022-07-11 22:32:34
16,ENSINO FUNDAMENTAL INCOMPLETO,FEMININO,70 a 74 anos,537,534,"0,9944",0,38,2022-07-11 22:32:34
16,ENSINO FUNDAMENTAL INCOMPLETO,FEMININO,75 a 79 anos,271,270,"0,9963",0,13,2022-07-11 22:32:34
16,ENSINO FUNDAMENTAL INCOMPLETO,FEMININO,80 a 84 anos,106,105,"0,9906",0,9,2022-07-11 22:32:34
16,ENSINO FUNDAMENTAL INCOMPLETO,FEMININO,85 a 89 anos,35,35,1,0,2,2022-07-11 22:32:34
16,ENSINO FUNDAMENTAL INCOMPLETO,FEMININO,90 a 94 anos,11,10,"0,9091",0,1,2022-07-11 22:32:34
16,ENSINO FUNDAMENTAL INCOMPLETO,FEMININO,95 a 99 anos,2,2,1,0,0,2022-07-11 22:32:34
16,ENSINO FUNDAMENTAL INCOMPLETO,MASCULINO,16 anos,40,0,0,0,2,2022-07-11 22:32:34
16,ENSINO FUNDAMENTAL INCOMPLETO,MASCULINO,17 anos,58,0,0,1,2,2022-07-11 22:32:34
16,ENSINO FUNDAMENTAL INCOMPLETO,MASCULINO,18 anos,64,3,"0,0469",1,1,2022-07-11 22:32:34
16,ENSINO FUNDAMENTAL INCOMPLETO,MASCULINO,19 anos,64,14,"0,2188",0,0,2022-07-11 22:32:34
16,ENSINO FUNDAMENTAL INCOMPLETO,MASCULINO,20 anos,111,68,"0,6126",1,1,2022-07-11 22:32:34
16,ENSINO FUNDAMENTAL INCOMPLETO,MASCULINO,21 a 24 anos,765,701,"0,9163",1,7,2022-07-11 22:32:34
16,ENSINO FUNDAMENTAL INCOMPLETO,MASCULINO,25 a 29 anos,922,896,"0,9718",0,9,2022-07-11 22:32:34
16,ENSINO FUNDAMENTAL INCOMPLETO,MASCULINO,30 a 34 anos,793,760,"0,9584",1,11,2022-07-11 22:32:34
16,ENSINO FUNDAMENTAL INCOMPLETO,MASCULINO,35 a 39 anos,905,865,"0,9558",0,7,2022-07-11 22:32:34
16,ENSINO FUNDAMENTAL INCOMPLETO,MASCULINO,40 a 44 anos,1195,1154,"0,9657",0,12,2022-07-11 22:32:34
16,ENSINO FUNDAMENTAL INCOMPLETO,MASCULINO,45 a 49 anos,1266,1231,"0,9724",0,15,2022-07-11 22:32:34
16,ENSINO FUNDAMENTAL INCOMPLETO,MASCULINO,50 a 54 anos,1069,1030,"0,9635",1,13,2022-07-11 22:32:34
16,ENSINO FUNDAMENTAL INCOMPLETO,MASCULINO,55 a 59 anos,978,942,"0,9632",0,12,2022-07-11 22:32:34
16,ENSINO FUNDAMENTAL INCOMPLETO,MASCULINO,60 a 64 anos,750,735,"0,98",0,11,2022-07-11 22:32:34
16,ENSINO FUNDAMENTAL INCOMPLETO,MASCULINO,65 a 69 anos,553,544,"0,9837",0,17,2022-07-11 22:32:34
16,ENSINO FUNDAMENTAL INCOMPLETO,MASCULINO,70 a 74 anos,386,386,1,0,22,2022-07-11 22:32:34
16,ENSINO FUNDAMENTAL INCOMPLETO,MASCULINO,75 a 79 anos,174,172,"0,9885",0,8,2022-07-11 22:32:34
16,ENSINO FUNDAMENTAL INCOMPLETO,MASCULINO,80 a 84 anos,72,70,"0,9722",0,7,2022-07-11 22:32:34
16,ENSINO FUNDAMENTAL INCOMPLETO,MASCULINO,85 a 89 anos,19,19,1,0,0,2022-07-11 22:32:34
16,ENSINO FUNDAMENTAL INCOMPLETO,MASCULINO,90 a 94 anos,4,4,1,0,0,2022-07-11 22:32:34
16,ENSINO FUNDAMENTAL INCOMPLETO,MASCULINO,95 a 99 anos,2,2,1,0,0,2022-07-11 22:32:34
16,ENSINO FUNDAMENTAL INCOMPLETO,MASCULINO,Inválido,1,1,1,0,0,2022-07-11 22:32:34
16,ENSINO MÉDIO COMPLETO,FEMININO,100 anos ou mais,1,1,1,0,0,2022-07-11 22:32:34
16,ENSINO MÉDIO COMPLETO,FEMININO,16 anos,5,0,0,0,0,2022-07-11 22:32:34
16,ENSINO MÉDIO COMPLETO,FEMININO,17 anos,22,0,0,0,0,2022-07-11 22:32:34
16,ENSINO MÉDIO COMPLETO,FEMININO,18 anos,189,0,0,2,1,2022-07-11 22:32:34
16,ENSINO MÉDIO COMPLETO,FEMININO,19 anos,249,7,"0,0281",1,2,2022-07-11 22:32:34
16,ENSINO MÉDIO COMPLETO,FEMININO,20 anos,338,95,"0,2811",1,0,2022-07-11 22:32:34
16,ENSINO MÉDIO COMPLETO,FEMININO,21 a 24 anos,1335,1161,"0,8697",2,1,2022-07-11 22:32:34
16,ENSINO MÉDIO COMPLETO,FEMININO,25 a 29 anos,2248,2204,"0,9804",1,7,2022-07-11 22:32:34
16,ENSINO MÉDIO COMPLETO,FEMININO,30 a 34 anos,2298,2267,"0,9865",0,6,2022-07-11 22:32:34
16,ENSINO MÉDIO COMPLETO,FEMININO,35 a 39 anos,2902,2842,"0,9793",2,6,2022-07-11 22:32:34
16,ENSINO MÉDIO COMPLETO,FEMININO,40 a 44 anos,3099,3057,"0,9864",1,4,2022-07-11 22:32:34
16,ENSINO MÉDIO COMPLETO,FEMININO,45 a 49 anos,2401,2375,"0,9892",0,11,2022-07-11 22:32:34
16,ENSINO MÉDIO COMPLETO,FEMININO,50 a 54 anos,1982,1959,"0,9884",0,8,2022-07-11 22:32:34
16,ENSINO MÉDIO COMPLETO,FEMININO,55 a 59 anos,1557,1543,"0,991",0,7,2022-07-11 22:32:34
16,ENSINO MÉDIO COMPLETO,FEMININO,60 a 64 anos,1129,1120,"0,992",0,7,2022-07-11 22:32:34
16,ENSINO MÉDIO COMPLETO,FEMININO,65 a 69 anos,851,846,"0,9941",0,25,2022-07-11 22:32:34
16,ENSINO MÉDIO COMPLETO,FEMININO,70 a 74 anos,524,523,"0,9981",0,18,2022-07-11 22:32:34
16,ENSINO MÉDIO COMPLETO,FEMININO,75 a 79 anos,208,208,1,0,11,2022-07-11 22:32:34
16,ENSINO MÉDIO COMPLETO,FEMININO,80 a 84 anos,86,84,"0,9767",0,3,2022-07-11 22:32:34
16,ENSINO MÉDIO COMPLETO,FEMININO,85 a 89 anos,19,19,1,0,0,2022-07-11 22:32:34
16,ENSINO MÉDIO COMPLETO,FEMININO,90 a 94 anos,1,1,1,0,0,2022-07-11 22:32:34
16,ENSINO MÉDIO COMPLETO,MASCULINO,16 anos,4,0,0,0,0,2022-07-11 22:32:34
16,ENSINO MÉDIO COMPLETO,MASCULINO,17 anos,12,0,0,0,0,2022-07-11 22:32:34
16,ENSINO MÉDIO COMPLETO,MASCULINO,18 anos,137,1,"0,0073",1,0,2022-07-11 22:32:34
16,ENSINO MÉDIO COMPLETO,MASCULINO,19 anos,181,8,"0,0442",1,1,2022-07-11 22:32:34
16,ENSINO MÉDIO COMPLETO,MASCULINO,20 anos,205,61,"0,2976",0,1,2022-07-11 22:32:34
16,ENSINO MÉDIO COMPLETO,MASCULINO,21 a 24 anos,993,837,"0,8429",2,1,2022-07-11 22:32:34
16,ENSINO MÉDIO COMPLETO,MASCULINO,25 a 29 anos,1828,1791,"0,9798",2,6,2022-07-11 22:32:34
16,ENSINO MÉDIO COMPLETO,MASCULINO,30 a 34 anos,1904,1864,"0,979",0,5,2022-07-11 22:32:34
16,ENSINO MÉDIO COMPLETO,MASCULINO,35 a 39 anos,2315,2260,"0,9762",0,6,2022-07-11 22:32:34
16,ENSINO MÉDIO COMPLETO,MASCULINO,40 a 44 anos,2311,2268,"0,9814",1,12,2022-07-11 22:32:34
16,ENSINO MÉDIO COMPLETO,MASCULINO,45 a 49 anos,1708,1674,"0,9801",1,7,2022-07-11 22:32:34
16,ENSINO MÉDIO COMPLETO,MASCULINO,50 a 54 anos,1411,1383,"0,9802",0,10,2022-07-11 22:32:34
16,ENSINO MÉDIO COMPLETO,MASCULINO,55 a 59 anos,1120,1107,"0,9884",0,8,2022-07-11 22:32:34
16,ENSINO MÉDIO COMPLETO,MASCULINO,60 a 64 anos,842,828,"0,9834",0,9,2022-07-11 22:32:34
16,ENSINO MÉDIO COMPLETO,MASCULINO,65 a 69 anos,542,537,"0,9908",0,17,2022-07-11 22:32:34
16,ENSINO MÉDIO COMPLETO,MASCULINO,70 a 74 anos,352,350,"0,9943",0,13,2022-07-11 22:32:34
16,ENSINO MÉDIO COMPLETO,MASCULINO,75 a 79 anos,145,144,"0,9931",0,4,2022-07-11 22:32:34
16,ENSINO MÉDIO COMPLETO,MASCULINO,80 a 84 anos,56,55,"0,9821",0,3,2022-07-11 22:32:34
16,ENSINO MÉDIO COMPLETO,MASCULINO,85 a 89 anos,16,16,1,0,3,2022-07-11 22:32:34
16,ENSINO MÉDIO COMPLETO,MASCULINO,90 a 94 anos,1,1,1,0,0,2022-07-11 22:32:34
16,ENSINO MÉDIO INCOMPLETO,FEMININO,16 anos,250,0,0,1,1,2022-07-11 22:32:34
16,ENSINO MÉDIO INCOMPLETO,FEMININO,17 anos,359,0,0,0,1,2022-07-11 22:32:34
16,ENSINO MÉDIO INCOMPLETO,FEMININO,18 anos,344,10,"0,0291",3,5,2022-07-11 22:32:34
16,ENSINO MÉDIO INCOMPLETO,FEMININO,19 anos,372,81,"0,2177",4,1,2022-07-11 22:32:34
16,ENSINO MÉDIO INCOMPLETO,FEMININO,20 anos,358,171,"0,4777",0,0,2022-07-11 22:32:34
16,ENSINO MÉDIO INCOMPLETO,FEMININO,21 a 24 anos,1726,1605,"0,9299",1,2,2022-07-11 22:32:34
16,ENSINO MÉDIO INCOMPLETO,FEMININO,25 a 29 anos,1039,1023,"0,9846",0,1,2022-07-11 22:32:34
16,ENSINO MÉDIO INCOMPLETO,FEMININO,30 a 34 anos,643,621,"0,9658",0,1,2022-07-11 22:32:34
16,ENSINO MÉDIO INCOMPLETO,FEMININO,35 a 39 anos,686,664,"0,9679",0,3,2022-07-11 22:32:34
16,ENSINO MÉDIO INCOMPLETO,FEMININO,40 a 44 anos,674,659,"0,9777",0,1,2022-07-11 22:32:34
16,ENSINO MÉDIO INCOMPLETO,FEMININO,45 a 49 anos,491,484,"0,9857",0,1,2022-07-11 22:32:34
16,ENSINO MÉDIO INCOMPLETO,FEMININO,50 a 54 anos,416,413,"0,9928",0,4,2022-07-11 22:32:34
16,ENSINO MÉDIO INCOMPLETO,FEMININO,55 a 59 anos,347,337,"0,9712",0,1,2022-07-11 22:32:34
16,ENSINO MÉDIO INCOMPLETO,FEMININO,60 a 64 anos,239,235,"0,9833",0,4,2022-07-11 22:32:34
16,ENSINO MÉDIO INCOMPLETO,FEMININO,65 a 69 anos,166,165,"0,994",0,5,2022-07-11 22:32:34
16,ENSINO MÉDIO INCOMPLETO,FEMININO,70 a 74 anos,93,92,"0,9892",0,3,2022-07-11 22:32:34
16,ENSINO MÉDIO INCOMPLETO,FEMININO,75 a 79 anos,35,34,"0,9714",0,2,2022-07-11 22:32:34
16,ENSINO MÉDIO INCOMPLETO,FEMININO,80 a 84 anos,13,13,1,0,2,2022-07-11 22:32:34
16,ENSINO MÉDIO INCOMPLETO,FEMININO,85 a 89 anos,5,5,1,0,1,2022-07-11 22:32:34
16,ENSINO MÉDIO INCOMPLETO,FEMININO,90 a 94 anos,2,2,1,0,1,2022-07-11 22:32:34
16,ENSINO MÉDIO INCOMPLETO,MASCULINO,16 anos,150,0,0,0,2,2022-07-11 22:32:34
16,ENSINO MÉDIO INCOMPLETO,MASCULINO,17 anos,270,0,0,1,0,2022-07-11 22:32:34
16,ENSINO MÉDIO INCOMPLETO,MASCULINO,18 anos,369,11,"0,0298",0,5,2022-07-11 22:32:34
16,ENSINO MÉDIO INCOMPLETO,MASCULINO,19 anos,265,38,"0,1434",0,2,2022-07-11 22:32:34
16,ENSINO MÉDIO INCOMPLETO,MASCULINO,20 anos,339,165,"0,4867",1,1,2022-07-11 22:32:34
16,ENSINO MÉDIO INCOMPLETO,MASCULINO,21 a 24 anos,1623,1502,"0,9254",4,5,2022-07-11 22:32:34
16,ENSINO MÉDIO INCOMPLETO,MASCULINO,25 a 29 anos,1058,1026,"0,9698",1,1,2022-07-11 22:32:34
16,ENSINO MÉDIO INCOMPLETO,MASCULINO,30 a 34 anos,662,639,"0,9653",0,5,2022-07-11 22:32:34
16,ENSINO MÉDIO INCOMPLETO,MASCULINO,35 a 39 anos,666,629,"0,9444",0,2,2022-07-11 22:32:34
16,ENSINO MÉDIO INCOMPLETO,MASCULINO,40 a 44 anos,648,625,"0,9645",0,2,2022-07-11 22:32:34
16,ENSINO MÉDIO INCOMPLETO,MASCULINO,45 a 49 anos,457,440,"0,9628",0,4,2022-07-11 22:32:34
16,ENSINO MÉDIO INCOMPLETO,MASCULINO,50 a 54 anos,366,354,"0,9672",0,4,2022-07-11 22:32:34
16,ENSINO MÉDIO INCOMPLETO,MASCULINO,55 a 59 anos,286,282,"0,986",0,2,2022-07-11 22:32:34
16,ENSINO MÉDIO INCOMPLETO,MASCULINO,60 a 64 anos,222,217,"0,9775",0,5,2022-07-11 22:32:34
16,ENSINO MÉDIO INCOMPLETO,MASCULINO,65 a 69 anos,132,129,"0,9773",0,3,2022-07-11 22:32:34
16,ENSINO MÉDIO INCOMPLETO,MASCULINO,70 a 74 anos,91,90,"0,989",0,3,2022-07-11 22:32:34
16,ENSINO MÉDIO INCOMPLETO,MASCULINO,75 a 79 anos,26,25,"0,9615",0,1,2022-07-11 22:32:34
16,ENSINO MÉDIO INCOMPLETO,MASCULINO,80 a 84 anos,8,8,1,0,0,2022-07-11 22:32:34
16,LÊ E ESCREVE,FEMININO,16 anos,3,0,0,1,0,2022-07-11 22:32:34
16,LÊ E ESCREVE,FEMININO,17 anos,1,0,0,0,0,2022-07-11 22:32:34
16,LÊ E ESCREVE,FEMININO,18 anos,2,0,0,0,0,2022-07-11 22:32:34
16,LÊ E ESCREVE,FEMININO,19 anos,2,0,0,0,0,2022-07-11 22:32:34
16,LÊ E ESCREVE,FEMININO,20 anos,5,0,0,0,0,2022-07-11 22:32:34
16,LÊ E ESCREVE,FEMININO,21 a 24 anos,17,13,"0,7647",0,1,2022-07-11 22:32:34
16,LÊ E ESCREVE,FEMININO,25 a 29 anos,23,22,"0,9565",0,1,2022-07-11 22:32:34
16,LÊ E ESCREVE,FEMININO,30 a 34 anos,20,20,1,0,2,2022-07-11 22:32:34
16,LÊ E ESCREVE,FEMININO,35 a 39 anos,49,49,1,0,5,2022-07-11 22:32:34
16,LÊ E ESCREVE,FEMININO,40 a 44 anos,84,80,"0,9524",0,3,2022-07-11 22:32:34
16,LÊ E ESCREVE,FEMININO,45 a 49 anos,153,149,"0,9739",0,2,2022-07-11 22:32:34
16,LÊ E ESCREVE,FEMININO,50 a 54 anos,238,230,"0,9664",0,5,2022-07-11 22:32:34
16,LÊ E ESCREVE,FEMININO,55 a 59 anos,301,300,"0,9967",0,1,2022-07-11 22:32:34
16,LÊ E ESCREVE,FEMININO,60 a 64 anos,359,354,"0,9861",0,8,2022-07-11 22:32:34
16,LÊ E ESCREVE,FEMININO,65 a 69 anos,359,357,"0,9944",0,19,2022-07-11 22:32:34
16,LÊ E ESCREVE,FEMININO,70 a 74 anos,326,326,1,0,18,2022-07-11 22:32:34
16,LÊ E ESCREVE,FEMININO,75 a 79 anos,184,183,"0,9946",0,10,2022-07-11 22:32:34
16,LÊ E ESCREVE,FEMININO,80 a 84 anos,84,83,"0,9881",0,8,2022-07-11 22:32:34
16,LÊ E ESCREVE,FEMININO,85 a 89 anos,33,29,"0,8788",0,2,2022-07-11 22:32:34
16,LÊ E ESCREVE,FEMININO,90 a 94 anos,7,6,"0,8571",0,1,2022-07-11 22:32:34
16,LÊ E ESCREVE,FEMININO,95 a 99 anos,3,3,1,0,0,2022-07-11 22:32:34
16,LÊ E ESCREVE,MASCULINO,17 anos,2,0,0,0,0,2022-07-11 22:32:34
16,LÊ E ESCREVE,MASCULINO,18 anos,2,0,0,0,0,2022-07-11 22:32:34
16,LÊ E ESCREVE,MASCULINO,19 anos,3,0,0,0,0,2022-07-11 22:32:34
16,LÊ E ESCREVE,MASCULINO,20 anos,4,2,"0,5",0,1,2022-07-11 22:32:34
16,LÊ E ESCREVE,MASCULINO,21 a 24 anos,29,19,"0,6552",0,0,2022-07-11 22:32:34
16,LÊ E ESCREVE,MASCULINO,25 a 29 anos,31,26,"0,8387",0,1,2022-07-11 22:32:34
16,LÊ E ESCREVE,MASCULINO,30 a 34 anos,35,33,"0,9429",0,2,2022-07-11 22:32:34
16,LÊ E ESCREVE,MASCULINO,35 a 39 anos,55,50,"0,9091",0,4,2022-07-11 22:32:34
16,LÊ E ESCREVE,MASCULINO,40 a 44 anos,107,101,"0,9439",0,1,2022-07-11 22:32:34
16,LÊ E ESCREVE,MASCULINO,45 a 49 anos,160,152,"0,95",0,2,2022-07-11 22:32:34
16,LÊ E ESCREVE,MASCULINO,50 a 54 anos,208,200,"0,9615",0,5,2022-07-11 22:32:34
16,LÊ E ESCREVE,MASCULINO,55 a 59 anos,261,248,"0,9502",0,6,2022-07-11 22:32:34
16,LÊ E ESCREVE,MASCULINO,60 a 64 anos,232,225,"0,9698",0,8,2022-07-11 22:32:34
16,LÊ E ESCREVE,MASCULINO,65 a 69 anos,264,261,"0,9886",0,14,2022-07-11 22:32:34
16,LÊ E ESCREVE,MASCULINO,70 a 74 anos,193,192,"0,9948",0,15,2022-07-11 22:32:34
16,LÊ E ESCREVE,MASCULINO,75 a 79 anos,116,114,"0,9828",0,11,2022-07-11 22:32:34
16,LÊ E ESCREVE,MASCULINO,80 a 84 anos,47,47,1,0,2,2022-07-11 22:32:34
16,LÊ E ESCREVE,MASCULINO,85 a 89 anos,10,9,"0,9",0,1,2022-07-11 22:32:34
16,LÊ E ESCREVE,MASCULINO,90 a 94 anos,3,3,1,0,0,2022-07-11 22:32:34
16,SUPERIOR COMPLETO,FEMININO,19 anos,1,0,0,0,0,2022-07-11 22:32:34
16,SUPERIOR COMPLETO,FEMININO,20 anos,4,1,"0,25",0,0,2022-07-11 22:32:34
16,SUPERIOR COMPLETO,FEMININO,21 a 24 anos,31,26,"0,8387",1,2,2022-07-11 22:32:34
16,SUPERIOR COMPLETO,FEMININO,25 a 29 anos,338,331,"0,9793",0,1,2022-07-11 22:32:34
16,SUPERIOR COMPLETO,FEMININO,30 a 34 anos,1040,1024,"0,9846",0,1,2022-07-11 22:32:34
16,SUPERIOR COMPLETO,FEMININO,35 a 39 anos,1518,1492,"0,9829",0,3,2022-07-11 22:32:34
16,SUPERIOR COMPLETO,FEMININO,40 a 44 anos,1615,1601,"0,9913",0,7,2022-07-11 22:32:34
16,SUPERIOR COMPLETO,FEMININO,45 a 49 anos,1071,1061,"0,9907",1,2,2022-07-11 22:32:34
16,SUPERIOR COMPLETO,FEMININO,50 a 54 anos,831,825,"0,9928",1,2,2022-07-11 22:32:34
16,SUPERIOR COMPLETO,FEMININO,55 a 59 anos,554,552,"0,9964",1,0,2022-07-11 22:32:34
16,SUPERIOR COMPLETO,FEMININO,60 a 64 anos,333,331,"0,994",0,3,2022-07-11 22:32:34
16,SUPERIOR COMPLETO,FEMININO,65 a 69 anos,218,217,"0,9954",0,12,2022-07-11 22:32:34
16,SUPERIOR COMPLETO,FEMININO,70 a 74 anos,193,191,"0,9896",0,7,2022-07-11 22:32:34
16,SUPERIOR COMPLETO,FEMININO,75 a 79 anos,86,85,"0,9884",0,4,2022-07-11 22:32:34
16,SUPERIOR COMPLETO,FEMININO,80 a 84 anos,22,22,1,0,0,2022-07-11 22:32:34
16,SUPERIOR COMPLETO,FEMININO,85 a 89 anos,9,9,1,0,0,2022-07-11 22:32:34
16,SUPERIOR COMPLETO,FEMININO,90 a 94 anos,1,1,1,0,0,2022-07-11 22:32:34
16,SUPERIOR COMPLETO,MASCULINO,19 anos,1,0,0,0,0,2022-07-11 22:32:34
16,SUPERIOR COMPLETO,MASCULINO,20 anos,1,0,0,0,0,2022-07-11 22:32:34
16,SUPERIOR COMPLETO,MASCULINO,21 a 24 anos,13,10,"0,7692",0,0,2022-07-11 22:32:34
16,SUPERIOR COMPLETO,MASCULINO,25 a 29 anos,185,177,"0,9568",2,0,2022-07-11 22:32:34
16,SUPERIOR COMPLETO,MASCULINO,30 a 34 anos,563,550,"0,9769",0,1,2022-07-11 22:32:34
16,SUPERIOR COMPLETO,MASCULINO,35 a 39 anos,930,910,"0,9785",0,3,2022-07-11 22:32:34
16,SUPERIOR COMPLETO,MASCULINO,40 a 44 anos,860,847,"0,9849",0,5,2022-07-11 22:32:34
16,SUPERIOR COMPLETO,MASCULINO,45 a 49 anos,576,565,"0,9809",1,5,2022-07-11 22:32:34
16,SUPERIOR COMPLETO,MASCULINO,50 a 54 anos,442,432,"0,9774",0,1,2022-07-11 22:32:34
16,SUPERIOR COMPLETO,MASCULINO,55 a 59 anos,320,317,"0,9906",0,1,2022-07-11 22:32:34
16,SUPERIOR COMPLETO,MASCULINO,60 a 64 anos,238,236,"0,9916",0,1,2022-07-11 22:32:34
16,SUPERIOR COMPLETO,MASCULINO,65 a 69 anos,158,157,"0,9937",0,5,2022-07-11 22:32:34
16,SUPERIOR COMPLETO,MASCULINO,70 a 74 anos,98,97,"0,9898",0,0,2022-07-11 22:32:34
16,SUPERIOR COMPLETO,MASCULINO,75 a 79 anos,53,52,"0,9811",0,1,2022-07-11 22:32:34
16,SUPERIOR COMPLETO,MASCULINO,80 a 84 anos,18,17,"0,9444",0,2,2022-07-11 22:32:34
16,SUPERIOR COMPLETO,MASCULINO,85 a 89 anos,5,5,1,0,0,2022-07-11 22:32:34
16,SUPERIOR INCOMPLETO,FEMININO,17 anos,1,0,0,0,0,2022-07-11 22:32:34
16,SUPERIOR INCOMPLETO,FEMININO,18 anos,18,0,0,0,0,2022-07-11 22:32:34
16,SUPERIOR INCOMPLETO,FEMININO,19 anos,31,1,"0,0323",0,1,2022-07-11 22:32:34
16,SUPERIOR INCOMPLETO,FEMININO,20 anos,72,20,"0,2778",1,1,2022-07-11 22:32:34
16,SUPERIOR INCOMPLETO,FEMININO,21 a 24 anos,331,298,"0,9003",0,1,2022-07-11 22:32:34
16,SUPERIOR INCOMPLETO,FEMININO,25 a 29 anos,1017,1010,"0,9931",0,2,2022-07-11 22:32:34
16,SUPERIOR INCOMPLETO,FEMININO,30 a 34 anos,672,658,"0,9792",1,0,2022-07-11 22:32:34
16,SUPERIOR INCOMPLETO,FEMININO,35 a 39 anos,590,582,"0,9864",1,1,2022-07-11 22:32:34
16,SUPERIOR INCOMPLETO,FEMININO,40 a 44 anos,468,461,"0,985",0,2,2022-07-11 22:32:34
16,SUPERIOR INCOMPLETO,FEMININO,45 a 49 anos,253,245,"0,9684",0,0,2022-07-11 22:32:34
16,SUPERIOR INCOMPLETO,FEMININO,50 a 54 anos,183,180,"0,9836",0,3,2022-07-11 22:32:34
16,SUPERIOR INCOMPLETO,FEMININO,55 a 59 anos,118,118,1,0,3,2022-07-11 22:32:34
16,SUPERIOR INCOMPLETO,FEMININO,60 a 64 anos,91,91,1,0,0,2022-07-11 22:32:34
16,SUPERIOR INCOMPLETO,FEMININO,65 a 69 anos,44,43,"0,9773",0,2,2022-07-11 22:32:34
16,SUPERIOR INCOMPLETO,FEMININO,70 a 74 anos,40,40,1,0,0,2022-07-11 22:32:34
16,SUPERIOR INCOMPLETO,FEMININO,75 a 79 anos,11,11,1,0,0,2022-07-11 22:32:34
16,SUPERIOR INCOMPLETO,MASCULINO,18 anos,15,0,0,0,0,2022-07-11 22:32:34
16,SUPERIOR INCOMPLETO,MASCULINO,19 anos,28,2,"0,0714",1,0,2022-07-11 22:32:34
16,SUPERIOR INCOMPLETO,MASCULINO,20 anos,39,4,"0,1026",0,0,2022-07-11 22:32:34
16,SUPERIOR INCOMPLETO,MASCULINO,21 a 24 anos,227,196,"0,8634",0,1,2022-07-11 22:32:34
16,SUPERIOR INCOMPLETO,MASCULINO,25 a 29 anos,737,721,"0,9783",0,1,2022-07-11 22:32:34
16,SUPERIOR INCOMPLETO,MASCULINO,30 a 34 anos,593,575,"0,9696",0,0,2022-07-11 22:32:34
16,SUPERIOR INCOMPLETO,MASCULINO,35 a 39 anos,453,442,"0,9757",0,3,2022-07-11 22:32:34
16,SUPERIOR INCOMPLETO,MASCULINO,40 a 44 anos,388,377,"0,9716",0,4,2022-07-11 22:32:34
16,SUPERIOR INCOMPLETO,MASCULINO,45 a 49 anos,225,222,"0,9867",0,0,2022-07-11 22:32:34
16,SUPERIOR INCOMPLETO,MASCULINO,50 a 54 anos,149,148,"0,9933",0,2,2022-07-11 22:32:34
16,SUPERIOR INCOMPLETO,MASCULINO,55 a 59 anos,101,100,"0,9901",0,1,2022-07-11 22:32:34
16,SUPERIOR INCOMPLETO,MASCULINO,60 a 64 anos,69,68,"0,9855",0,0,2022-07-11 22:32:34
16,SUPERIOR INCOMPLETO,MASCULINO,65 a 69 anos,44,43,"0,9773",0,2,2022-07-11 22:32:34
16,SUPERIOR INCOMPLETO,MASCULINO,70 a 74 anos,32,32,1,0,2,2022-07-11 22:32:34
16,SUPERIOR INCOMPLETO,MASCULINO,75 a 79 anos,13,13,1,0,0,2022-07-11 22:32:34
16,SUPERIOR INCOMPLETO,MASCULINO,80 a 84 anos,5,5,1,0,0,2022-07-11 22:32:34
17,ANALFABETO,FEMININO,16 anos,1,0,0,0,0,2022-07-11 22:32:34
17,ANALFABETO,FEMININO,17 anos,1,0,0,0,0,2022-07-11 22:32:34
17,ANALFABETO,FEMININO,18 anos,2,0,0,0,2,2022-07-11 22:32:34
17,ANALFABETO,FEMININO,19 anos,1,1,1,0,0,2022-07-11 22:32:34
17,ANALFABETO,FEMININO,20 anos,1,0,0,0,0,2022-07-11 22:32:34
17,ANALFABETO,FEMININO,21 a 24 anos,6,4,"0,6667",0,3,2022-07-11 22:32:34
17,ANALFABETO,FEMININO,25 a 29 anos,12,10,"0,8333",0,2,2022-07-11 22:32:34
17,ANALFABETO,FEMININO,30 a 34 anos,8,7,"0,875",0,1,2022-07-11 22:32:34
17,ANALFABETO,FEMININO,35 a 39 anos,16,13,"0,8125",0,4,2022-07-11 22:32:34
17,ANALFABETO,FEMININO,40 a 44 anos,22,20,"0,9091",0,2,2022-07-11 22:32:34
17,ANALFABETO,FEMININO,45 a 49 anos,24,22,"0,9167",0,7,2022-07-11 22:32:34
17,ANALFABETO,FEMININO,50 a 54 anos,30,26,"0,8667",0,4,2022-07-11 22:32:34
17,ANALFABETO,FEMININO,55 a 59 anos,57,52,"0,9123",0,2,2022-07-11 22:32:34
17,ANALFABETO,FEMININO,60 a 64 anos,53,49,"0,9245",0,7,2022-07-11 22:32:34
17,ANALFABETO,FEMININO,65 a 69 anos,107,101,"0,9439",0,5,2022-07-11 22:32:34
17,ANALFABETO,FEMININO,70 a 74 anos,74,73,"0,9865",0,3,2022-07-11 22:32:34
17,ANALFABETO,FEMININO,75 a 79 anos,45,45,1,0,1,2022-07-11 22:32:34
17,ANALFABETO,FEMININO,80 a 84 anos,23,23,1,0,2,2022-07-11 22:32:34
17,ANALFABETO,FEMININO,85 a 89 anos,13,13,1,0,0,2022-07-11 22:32:34
17,ANALFABETO,FEMININO,90 a 94 anos,8,8,1,0,0,2022-07-11 22:32:34
17,ANALFABETO,FEMININO,95 a 99 anos,2,2,1,0,0,2022-07-11 22:32:34
17,ANALFABETO,MASCULINO,19 anos,2,1,"0,5",0,1,2022-07-11 22:32:34
17,ANALFABETO,MASCULINO,20 anos,1,1,1,0,0,2022-07-11 22:32:34
17,ANALFABETO,MASCULINO,21 a 24 anos,11,11,1,0,6,2022-07-11 22:32:34
17,ANALFABETO,MASCULINO,25 a 29 anos,10,10,1,0,2,2022-07-11 22:32:34
17,ANALFABETO,MASCULINO,30 a 34 anos,9,8,"0,8889",0,3,2022-07-11 22:32:34
17,ANALFABETO,MASCULINO,35 a 39 anos,10,9,"0,9",0,2,2022-07-11 22:32:34
17,ANALFABETO,MASCULINO,40 a 44 anos,24,16,"0,6667",0,3,2022-07-11 22:32:34
17,ANALFABETO,MASCULINO,45 a 49 anos,29,23,"0,7931",0,10,2022-07-11 22:32:34
17,ANALFABETO,MASCULINO,50 a 54 anos,34,29,"0,8529",0,5,2022-07-11 22:32:34
17,ANALFABETO,MASCULINO,55 a 59 anos,49,42,"0,8571",0,4,2022-07-11 22:32:34
17,ANALFABETO,MASCULINO,60 a 64 anos,31,29,"0,9355",0,2,2022-07-11 22:32:34
17,ANALFABETO,MASCULINO,65 a 69 anos,34,32,"0,9412",0,5,2022-07-11 22:32:34
17,ANALFABETO,MASCULINO,70 a 74 anos,39,38,"0,9744",0,4,2022-07-11 22:32:34
17,ANALFABETO,MASCULINO,75 a 79 anos,22,22,1,0,2,2022-07-11 22:32:34
17,ANALFABETO,MASCULINO,80 a 84 anos,7,7,1,0,1,2022-07-11 22:32:34
17,ANALFABETO,MASCULINO,85 a 89 anos,4,4,1,0,0,2022-07-11 22:32:34
17,ANALFABETO,MASCULINO,95 a 99 anos,2,2,1,0,0,2022-07-11 22:32:34
17,ENSINO FUNDAMENTAL COMPLETO,FEMININO,16 anos,19,0,0,0,0,2022-07-11 22:32:34
17,ENSINO FUNDAMENTAL COMPLETO,FEMININO,17 anos,30,0,0,0,0,2022-07-11 22:32:34
17,ENSINO FUNDAMENTAL COMPLETO,FEMININO,18 anos,26,0,0,0,0,2022-07-11 22:32:34
17,ENSINO FUNDAMENTAL COMPLETO,FEMININO,19 anos,37,23,"0,6216",0,1,2022-07-11 22:32:34
17,ENSINO FUNDAMENTAL COMPLETO,FEMININO,20 anos,33,19,"0,5758",1,0,2022-07-11 22:32:34
17,ENSINO FUNDAMENTAL COMPLETO,FEMININO,21 a 24 anos,155,141,"0,9097",0,0,2022-07-11 22:32:34
17,ENSINO FUNDAMENTAL COMPLETO,FEMININO,25 a 29 anos,153,151,"0,9869",0,0,2022-07-11 22:32:34
17,ENSINO FUNDAMENTAL COMPLETO,FEMININO,30 a 34 anos,177,171,"0,9661",0,0,2022-07-11 22:32:34
17,ENSINO FUNDAMENTAL COMPLETO,FEMININO,35 a 39 anos,204,204,1,0,0,2022-07-11 22:32:34
17,ENSINO FUNDAMENTAL COMPLETO,FEMININO,40 a 44 anos,286,283,"0,9895",0,4,2022-07-11 22:32:34
17,ENSINO FUNDAMENTAL COMPLETO,FEMININO,45 a 49 anos,297,296,"0,9966",0,4,2022-07-11 22:32:34
17,ENSINO FUNDAMENTAL COMPLETO,FEMININO,50 a 54 anos,288,283,"0,9826",0,3,2022-07-11 22:32:34
17,ENSINO FUNDAMENTAL COMPLETO,FEMININO,55 a 59 anos,327,323,"0,9878",0,3,2022-07-11 22:32:34
17,ENSINO FUNDAMENTAL COMPLETO,FEMININO,60 a 64 anos,358,356,"0,9944",0,6,2022-07-11 22:32:34
17,ENSINO FUNDAMENTAL COMPLETO,FEMININO,65 a 69 anos,286,285,"0,9965",0,7,2022-07-11 22:32:34
17,ENSINO FUNDAMENTAL COMPLETO,FEMININO,70 a 74 anos,161,161,1,0,6,2022-07-11 22:32:34
17,ENSINO FUNDAMENTAL COMPLETO,FEMININO,75 a 79 anos,69,69,1,0,3,2022-07-11 22:32:34
17,ENSINO FUNDAMENTAL COMPLETO,FEMININO,80 a 84 anos,38,38,1,0,0,2022-07-11 22:32:34
17,ENSINO FUNDAMENTAL COMPLETO,FEMININO,85 a 89 anos,3,3,1,0,0,2022-07-11 22:32:34
17,ENSINO FUNDAMENTAL COMPLETO,FEMININO,90 a 94 anos,3,3,1,0,0,2022-07-11 22:32:34
17,ENSINO FUNDAMENTAL COMPLETO,MASCULINO,16 anos,10,0,0,0,0,2022-07-11 22:32:34
17,ENSINO FUNDAMENTAL COMPLETO,MASCULINO,17 anos,16,0,0,0,0,2022-07-11 22:32:34
17,ENSINO FUNDAMENTAL COMPLETO,MASCULINO,18 anos,23,2,"0,087",0,0,2022-07-11 22:32:34
17,ENSINO FUNDAMENTAL COMPLETO,MASCULINO,19 anos,39,19,"0,4872",0,1,2022-07-11 22:32:34
17,ENSINO FUNDAMENTAL COMPLETO,MASCULINO,20 anos,58,37,"0,6379",0,0,2022-07-11 22:32:34
17,ENSINO FUNDAMENTAL COMPLETO,MASCULINO,21 a 24 anos,205,190,"0,9268",0,0,2022-07-11 22:32:34
17,ENSINO FUNDAMENTAL COMPLETO,MASCULINO,25 a 29 anos,199,188,"0,9447",1,1,2022-07-11 22:32:34
17,ENSINO FUNDAMENTAL COMPLETO,MASCULINO,30 a 34 anos,196,188,"0,9592",0,0,2022-07-11 22:32:34
17,ENSINO FUNDAMENTAL COMPLETO,MASCULINO,35 a 39 anos,262,252,"0,9618",0,4,2022-07-11 22:32:34
17,ENSINO FUNDAMENTAL COMPLETO,MASCULINO,40 a 44 anos,283,272,"0,9611",0,4,2022-07-11 22:32:34
17,ENSINO FUNDAMENTAL COMPLETO,MASCULINO,45 a 49 anos,343,330,"0,9621",0,3,2022-07-11 22:32:34
17,ENSINO FUNDAMENTAL COMPLETO,MASCULINO,50 a 54 anos,316,310,"0,981",0,3,2022-07-11 22:32:34
17,ENSINO FUNDAMENTAL COMPLETO,MASCULINO,55 a 59 anos,387,379,"0,9793",0,3,2022-07-11 22:32:34
17,ENSINO FUNDAMENTAL COMPLETO,MASCULINO,60 a 64 anos,367,362,"0,9864",0,4,2022-07-11 22:32:34
17,ENSINO FUNDAMENTAL COMPLETO,MASCULINO,65 a 69 anos,296,288,"0,973",0,13,2022-07-11 22:32:34
17,ENSINO FUNDAMENTAL COMPLETO,MASCULINO,70 a 74 anos,177,176,"0,9944",0,5,2022-07-11 22:32:34
17,ENSINO FUNDAMENTAL COMPLETO,MASCULINO,75 a 79 anos,58,57,"0,9828",0,2,2022-07-11 22:32:34
17,ENSINO FUNDAMENTAL COMPLETO,MASCULINO,80 a 84 anos,23,23,1,0,0,2022-07-11 22:32:34
17,ENSINO FUNDAMENTAL COMPLETO,MASCULINO,85 a 89 anos,6,6,1,0,1,2022-07-11 22:32:34
17,ENSINO FUNDAMENTAL COMPLETO,MASCULINO,90 a 94 anos,6,5,"0,8333",0,1,2022-07-11 22:32:34
17,ENSINO FUNDAMENTAL INCOMPLETO,FEMININO,100 anos ou mais,1,0,0,0,1,2022-07-11 22:32:34
17,ENSINO FUNDAMENTAL INCOMPLETO,FEMININO,16 anos,25,0,0,1,0,2022-07-11 22:32:34
17,ENSINO FUNDAMENTAL INCOMPLETO,FEMININO,17 anos,34,0,0,0,0,2022-07-11 22:32:34
17,ENSINO FUNDAMENTAL INCOMPLETO,FEMININO,18 anos,40,3,"0,075",0,0,2022-07-11 22:32:34
17,ENSINO FUNDAMENTAL INCOMPLETO,FEMININO,19 anos,90,54,"0,6",0,1,2022-07-11 22:32:34
17,ENSINO FUNDAMENTAL INCOMPLETO,FEMININO,20 anos,122,75,"0,6148",3,0,2022-07-11 22:32:34
17,ENSINO FUNDAMENTAL INCOMPLETO,FEMININO,21 a 24 anos,739,689,"0,9323",1,2,2022-07-11 22:32:34
17,ENSINO FUNDAMENTAL INCOMPLETO,FEMININO,25 a 29 anos,971,954,"0,9825",0,2,2022-07-11 22:32:34
17,ENSINO FUNDAMENTAL INCOMPLETO,FEMININO,30 a 34 anos,726,716,"0,9862",0,5,2022-07-11 22:32:34
17,ENSINO FUNDAMENTAL INCOMPLETO,FEMININO,35 a 39 anos,995,983,"0,9879",0,10,2022-07-11 22:32:34
17,ENSINO FUNDAMENTAL INCOMPLETO,FEMININO,40 a 44 anos,1277,1263,"0,989",0,7,2022-07-11 22:32:34
17,ENSINO FUNDAMENTAL INCOMPLETO,FEMININO,45 a 49 anos,1422,1401,"0,9852",0,10,2022-07-11 22:32:34
17,ENSINO FUNDAMENTAL INCOMPLETO,FEMININO,50 a 54 anos,1588,1570,"0,9887",0,10,2022-07-11 22:32:34
17,ENSINO FUNDAMENTAL INCOMPLETO,FEMININO,55 a 59 anos,1529,1509,"0,9869",0,13,2022-07-11 22:32:34
17,ENSINO FUNDAMENTAL INCOMPLETO,FEMININO,60 a 64 anos,1308,1299,"0,9931",0,19,2022-07-11 22:32:34
17,ENSINO FUNDAMENTAL INCOMPLETO,FEMININO,65 a 69 anos,942,937,"0,9947",0,40,2022-07-11 22:32:34
17,ENSINO FUNDAMENTAL INCOMPLETO,FEMININO,70 a 74 anos,663,660,"0,9955",0,28,2022-07-11 22:32:34
17,ENSINO FUNDAMENTAL INCOMPLETO,FEMININO,75 a 79 anos,283,280,"0,9894",0,12,2022-07-11 22:32:34
17,ENSINO FUNDAMENTAL INCOMPLETO,FEMININO,80 a 84 anos,139,138,"0,9928",0,12,2022-07-11 22:32:34
17,ENSINO FUNDAMENTAL INCOMPLETO,FEMININO,85 a 89 anos,35,35,1,0,3,2022-07-11 22:32:34
17,ENSINO FUNDAMENTAL INCOMPLETO,FEMININO,90 a 94 anos,9,9,1,0,1,2022-07-11 22:32:34
17,ENSINO FUNDAMENTAL INCOMPLETO,FEMININO,95 a 99 anos,7,7,1,0,0,2022-07-11 22:32:34
17,ENSINO FUNDAMENTAL INCOMPLETO,MASCULINO,100 anos ou mais,1,0,0,0,0,2022-07-11 22:32:34
17,ENSINO FUNDAMENTAL INCOMPLETO,MASCULINO,16 anos,31,0,0,0,1,2022-07-11 22:32:34
17,ENSINO FUNDAMENTAL INCOMPLETO,MASCULINO,17 anos,40,0,0,0,1,2022-07-11 22:32:34
17,ENSINO FUNDAMENTAL INCOMPLETO,MASCULINO,18 anos,54,2,"0,037",0,2,2022-07-11 22:32:34
17,ENSINO FUNDAMENTAL INCOMPLETO,MASCULINO,19 anos,105,60,"0,5714",0,1,2022-07-11 22:32:34
17,ENSINO FUNDAMENTAL INCOMPLETO,MASCULINO,20 anos,152,106,"0,6974",0,0,2022-07-11 22:32:34
17,ENSINO FUNDAMENTAL INCOMPLETO,MASCULINO,21 a 24 anos,968,890,"0,9194",0,9,2022-07-11 22:32:34
17,ENSINO FUNDAMENTAL INCOMPLETO,MASCULINO,25 a 29 anos,1223,1169,"0,9558",0,3,2022-07-11 22:32:34
17,ENSINO FUNDAMENTAL INCOMPLETO,MASCULINO,30 a 34 anos,913,889,"0,9737",0,6,2022-07-11 22:32:34
17,ENSINO FUNDAMENTAL INCOMPLETO,MASCULINO,35 a 39 anos,1088,1046,"0,9614",0,5,2022-07-11 22:32:34
17,ENSINO FUNDAMENTAL INCOMPLETO,MASCULINO,40 a 44 anos,1241,1208,"0,9734",0,13,2022-07-11 22:32:34
17,ENSINO FUNDAMENTAL INCOMPLETO,MASCULINO,45 a 49 anos,1209,1184,"0,9793",0,15,2022-07-11 22:32:34
17,ENSINO FUNDAMENTAL INCOMPLETO,MASCULINO,50 a 54 anos,1336,1304,"0,976",0,13,2022-07-11 22:32:34
17,ENSINO FUNDAMENTAL INCOMPLETO,MASCULINO,55 a 59 anos,1204,1177,"0,9776",0,19,2022-07-11 22:32:34
17,ENSINO FUNDAMENTAL INCOMPLETO,MASCULINO,60 a 64 anos,940,916,"0,9745",0,15,2022-07-11 22:32:34
17,ENSINO FUNDAMENTAL INCOMPLETO,MASCULINO,65 a 69 anos,655,651,"0,9939",0,27,2022-07-11 22:32:34
17,ENSINO FUNDAMENTAL INCOMPLETO,MASCULINO,70 a 74 anos,435,432,"0,9931",0,12,2022-07-11 22:32:34
17,ENSINO FUNDAMENTAL INCOMPLETO,MASCULINO,75 a 79 anos,168,168,1,0,12,2022-07-11 22:32:34
17,ENSINO FUNDAMENTAL INCOMPLETO,MASCULINO,80 a 84 anos,77,74,"0,961",0,3,2022-07-11 22:32:34
17,ENSINO FUNDAMENTAL INCOMPLETO,MASCULINO,85 a 89 anos,25,25,1,0,0,2022-07-11 22:32:34
17,ENSINO FUNDAMENTAL INCOMPLETO,MASCULINO,90 a 94 anos,8,8,1,0,1,2022-07-11 22:32:34
17,ENSINO MÉDIO COMPLETO,FEMININO,16 anos,1,0,0,0,0,2022-07-11 22:32:34
17,ENSINO MÉDIO COMPLETO,FEMININO,17 anos,33,0,0,0,0,2022-07-11 22:32:34
17,ENSINO MÉDIO COMPLETO,FEMININO,18 anos,190,1,"0,0053",1,1,2022-07-11 22:32:34
17,ENSINO MÉDIO COMPLETO,FEMININO,19 anos,224,14,"0,0625",0,1,2022-07-11 22:32:34
17,ENSINO MÉDIO COMPLETO,FEMININO,20 anos,281,104,"0,3701",0,1,2022-07-11 22:32:34
17,ENSINO MÉDIO COMPLETO,FEMININO,21 a 24 anos,1396,1211,"0,8675",1,4,2022-07-11 22:32:34
17,ENSINO MÉDIO COMPLETO,FEMININO,25 a 29 anos,2851,2820,"0,9891",1,0,2022-07-11 22:32:34
17,ENSINO MÉDIO COMPLETO,FEMININO,30 a 34 anos,2740,2709,"0,9887",1,3,2022-07-11 22:32:34
17,ENSINO MÉDIO COMPLETO,FEMININO,35 a 39 anos,3287,3246,"0,9875",0,8,2022-07-11 22:32:34
17,ENSINO MÉDIO COMPLETO,FEMININO,40 a 44 anos,3396,3373,"0,9932",2,13,2022-07-11 22:32:34
17,ENSINO MÉDIO COMPLETO,FEMININO,45 a 49 anos,2460,2439,"0,9915",0,17,2022-07-11 22:32:34
17,ENSINO MÉDIO COMPLETO,FEMININO,50 a 54 anos,1990,1969,"0,9894",0,11,2022-07-11 22:32:34
17,ENSINO MÉDIO COMPLETO,FEMININO,55 a 59 anos,1566,1551,"0,9904",0,12,2022-07-11 22:32:34
17,ENSINO MÉDIO COMPLETO,FEMININO,60 a 64 anos,1075,1070,"0,9953",0,8,2022-07-11 22:32:34
17,ENSINO MÉDIO COMPLETO,FEMININO,65 a 69 anos,637,634,"0,9953",0,23,2022-07-11 22:32:34
17,ENSINO MÉDIO COMPLETO,FEMININO,70 a 74 anos,350,350,1,0,15,2022-07-11 22:32:34
17,ENSINO MÉDIO COMPLETO,FEMININO,75 a 79 anos,109,109,1,0,6,2022-07-11 22:32:34
17,ENSINO MÉDIO COMPLETO,FEMININO,80 a 84 anos,29,28,"0,9655",0,0,2022-07-11 22:32:34
17,ENSINO MÉDIO COMPLETO,FEMININO,85 a 89 anos,4,4,1,0,1,2022-07-11 22:32:34
17,ENSINO MÉDIO COMPLETO,FEMININO,90 a 94 anos,4,4,1,0,0,2022-07-11 22:32:34
17,ENSINO MÉDIO COMPLETO,FEMININO,95 a 99 anos,2,1,"0,5",0,0,2022-07-11 22:32:34
17,ENSINO MÉDIO COMPLETO,MASCULINO,16 anos,4,0,0,0,0,2022-07-11 22:32:34
17,ENSINO MÉDIO COMPLETO,MASCULINO,17 anos,24,0,0,0,1,2022-07-11 22:32:34
17,ENSINO MÉDIO COMPLETO,MASCULINO,18 anos,114,2,"0,0175",0,0,2022-07-11 22:32:34
17,ENSINO MÉDIO COMPLETO,MASCULINO,19 anos,169,3,"0,0178",1,0,2022-07-11 22:32:34
17,ENSINO MÉDIO COMPLETO,MASCULINO,20 anos,202,56,"0,2772",0,0,2022-07-11 22:32:34
17,ENSINO MÉDIO COMPLETO,MASCULINO,21 a 24 anos,1042,900,"0,8637",4,2,2022-07-11 22:32:34
17,ENSINO MÉDIO COMPLETO,MASCULINO,25 a 29 anos,2282,2233,"0,9785",1,4,2022-07-11 22:32:34
17,ENSINO MÉDIO COMPLETO,MASCULINO,30 a 34 anos,2272,2232,"0,9824",1,8,2022-07-11 22:32:34
17,ENSINO MÉDIO COMPLETO,MASCULINO,35 a 39 anos,2771,2738,"0,9881",0,6,2022-07-11 22:32:34
17,ENSINO MÉDIO COMPLETO,MASCULINO,40 a 44 anos,2661,2619,"0,9842",0,5,2022-07-11 22:32:34
17,ENSINO MÉDIO COMPLETO,MASCULINO,45 a 49 anos,1858,1828,"0,9839",0,11,2022-07-11 22:32:34
17,ENSINO MÉDIO COMPLETO,MASCULINO,50 a 54 anos,1545,1524,"0,9864",0,5,2022-07-11 22:32:34
17,ENSINO MÉDIO COMPLETO,MASCULINO,55 a 59 anos,1207,1187,"0,9834",0,14,2022-07-11 22:32:34
17,ENSINO MÉDIO COMPLETO,MASCULINO,60 a 64 anos,906,897,"0,9901",0,8,2022-07-11 22:32:34
17,ENSINO MÉDIO COMPLETO,MASCULINO,65 a 69 anos,532,526,"0,9887",0,23,2022-07-11 22:32:34
17,ENSINO MÉDIO COMPLETO,MASCULINO,70 a 74 anos,292,291,"0,9966",0,14,2022-07-11 22:32:34
17,ENSINO MÉDIO COMPLETO,MASCULINO,75 a 79 anos,105,103,"0,981",0,5,2022-07-11 22:32:34
17,ENSINO MÉDIO COMPLETO,MASCULINO,80 a 84 anos,29,29,1,0,1,2022-07-11 22:32:34
17,ENSINO MÉDIO COMPLETO,MASCULINO,85 a 89 anos,8,8,1,0,1,2022-07-11 22:32:34
17,ENSINO MÉDIO COMPLETO,MASCULINO,90 a 94 anos,2,2,1,0,0,2022-07-11 22:32:34
17,ENSINO MÉDIO INCOMPLETO,FEMININO,16 anos,164,0,0,0,0,2022-07-11 22:32:34
17,ENSINO MÉDIO INCOMPLETO,FEMININO,17 anos,314,0,0,2,0,2022-07-11 22:32:34
17,ENSINO MÉDIO INCOMPLETO,FEMININO,18 anos,314,18,"0,0573",3,2,2022-07-11 22:32:34
17,ENSINO MÉDIO INCOMPLETO,FEMININO,19 anos,355,96,"0,2704",3,1,2022-07-11 22:32:34
17,ENSINO MÉDIO INCOMPLETO,FEMININO,20 anos,405,241,"0,5951",3,2,2022-07-11 22:32:34
17,ENSINO MÉDIO INCOMPLETO,FEMININO,21 a 24 anos,1962,1800,"0,9174",2,1,2022-07-11 22:32:34
17,ENSINO MÉDIO INCOMPLETO,FEMININO,25 a 29 anos,1282,1258,"0,9813",1,5,2022-07-11 22:32:34
17,ENSINO MÉDIO INCOMPLETO,FEMININO,30 a 34 anos,778,768,"0,9871",0,5,2022-07-11 22:32:34
17,ENSINO MÉDIO INCOMPLETO,FEMININO,35 a 39 anos,890,874,"0,982",0,3,2022-07-11 22:32:34
17,ENSINO MÉDIO INCOMPLETO,FEMININO,40 a 44 anos,878,868,"0,9886",0,5,2022-07-11 22:32:34
17,ENSINO MÉDIO INCOMPLETO,FEMININO,45 a 49 anos,604,598,"0,9901",0,5,2022-07-11 22:32:34
17,ENSINO MÉDIO INCOMPLETO,FEMININO,50 a 54 anos,539,531,"0,9852",0,1,2022-07-11 22:32:34
17,ENSINO MÉDIO INCOMPLETO,FEMININO,55 a 59 anos,476,474,"0,9958",0,3,2022-07-11 22:32:34
17,ENSINO MÉDIO INCOMPLETO,FEMININO,60 a 64 anos,284,281,"0,9894",0,2,2022-07-11 22:32:34
17,ENSINO MÉDIO INCOMPLETO,FEMININO,65 a 69 anos,194,194,1,0,4,2022-07-11 22:32:34
17,ENSINO MÉDIO INCOMPLETO,FEMININO,70 a 74 anos,86,86,1,0,7,2022-07-11 22:32:34
17,ENSINO MÉDIO INCOMPLETO,FEMININO,75 a 79 anos,29,29,1,0,0,2022-07-11 22:32:34
17,ENSINO MÉDIO INCOMPLETO,FEMININO,80 a 84 anos,14,14,1,0,0,2022-07-11 22:32:34
17,ENSINO MÉDIO INCOMPLETO,FEMININO,85 a 89 anos,3,3,1,0,0,2022-07-11 22:32:34
17,ENSINO MÉDIO INCOMPLETO,FEMININO,90 a 94 anos,1,1,1,0,0,2022-07-11 22:32:34
17,ENSINO MÉDIO INCOMPLETO,MASCULINO,16 anos,119,0,0,0,1,2022-07-11 22:32:34
17,ENSINO MÉDIO INCOMPLETO,MASCULINO,17 anos,237,0,0,2,2,2022-07-11 22:32:34
17,ENSINO MÉDIO INCOMPLETO,MASCULINO,18 anos,312,11,"0,0353",0,6,2022-07-11 22:32:34
17,ENSINO MÉDIO INCOMPLETO,MASCULINO,19 anos,328,82,"0,25",1,0,2022-07-11 22:32:34
17,ENSINO MÉDIO INCOMPLETO,MASCULINO,20 anos,380,211,"0,5553",4,3,2022-07-11 22:32:34
17,ENSINO MÉDIO INCOMPLETO,MASCULINO,21 a 24 anos,1899,1754,"0,9236",3,4,2022-07-11 22:32:34
17,ENSINO MÉDIO INCOMPLETO,MASCULINO,25 a 29 anos,1259,1220,"0,969",0,4,2022-07-11 22:32:34
17,ENSINO MÉDIO INCOMPLETO,MASCULINO,30 a 34 anos,756,740,"0,9788",0,5,2022-07-11 22:32:34
17,ENSINO MÉDIO INCOMPLETO,MASCULINO,35 a 39 anos,840,816,"0,9714",0,7,2022-07-11 22:32:34
17,ENSINO MÉDIO INCOMPLETO,MASCULINO,40 a 44 anos,777,760,"0,9781",0,3,2022-07-11 22:32:34
17,ENSINO MÉDIO INCOMPLETO,MASCULINO,45 a 49 anos,603,591,"0,9801",0,2,2022-07-11 22:32:34
17,ENSINO MÉDIO INCOMPLETO,MASCULINO,50 a 54 anos,466,458,"0,9828",0,4,2022-07-11 22:32:34
17,ENSINO MÉDIO INCOMPLETO,MASCULINO,55 a 59 anos,395,388,"0,9823",0,5,2022-07-11 22:32:34
17,ENSINO MÉDIO INCOMPLETO,MASCULINO,60 a 64 anos,251,246,"0,9801",0,1,2022-07-11 22:32:34
17,ENSINO MÉDIO INCOMPLETO,MASCULINO,65 a 69 anos,172,172,1,0,4,2022-07-11 22:32:34
17,ENSINO MÉDIO INCOMPLETO,MASCULINO,70 a 74 anos,73,73,1,0,0,2022-07-11 22:32:34
17,ENSINO MÉDIO INCOMPLETO,MASCULINO,75 a 79 anos,27,26,"0,963",0,1,2022-07-11 22:32:34
17,ENSINO MÉDIO INCOMPLETO,MASCULINO,80 a 84 anos,4,4,1,0,0,2022-07-11 22:32:34
17,ENSINO MÉDIO INCOMPLETO,MASCULINO,85 a 89 anos,2,1,"0,5",0,0,2022-07-11 22:32:34
17,ENSINO MÉDIO INCOMPLETO,MASCULINO,90 a 94 anos,1,1,1,0,0,2022-07-11 22:32:34
17,LÊ E ESCREVE,FEMININO,16 anos,2,0,0,0,0,2022-07-11 22:32:34
17,LÊ E ESCREVE,FEMININO,17 anos,2,0,0,0,0,2022-07-11 22:32:34
17,LÊ E ESCREVE,FEMININO,18 anos,1,0,0,0,0,2022-07-11 22:32:34
17,LÊ E ESCREVE,FEMININO,19 anos,4,1,"0,25",0,1,2022-07-11 22:32:34
17,LÊ E ESCREVE,FEMININO,20 anos,4,1,"0,25",0,0,2022-07-11 22:32:34
17,LÊ E ESCREVE,FEMININO,21 a 24 anos,17,15,"0,8824",0,0,2022-07-11 22:32:34
17,LÊ E ESCREVE,FEMININO,25 a 29 anos,18,17,"0,9444",0,0,2022-07-11 22:32:34
17,LÊ E ESCREVE,FEMININO,30 a 34 anos,36,35,"0,9722",0,0,2022-07-11 22:32:34
17,LÊ E ESCREVE,FEMININO,35 a 39 anos,76,75,"0,9868",0,4,2022-07-11 22:32:34
17,LÊ E ESCREVE,FEMININO,40 a 44 anos,103,101,"0,9806",0,0,2022-07-11 22:32:34
17,LÊ E ESCREVE,FEMININO,45 a 49 anos,134,130,"0,9701",0,5,2022-07-11 22:32:34
17,LÊ E ESCREVE,FEMININO,50 a 54 anos,185,182,"0,9838",0,1,2022-07-11 22:32:34
17,LÊ E ESCREVE,FEMININO,55 a 59 anos,313,306,"0,9776",0,6,2022-07-11 22:32:34
17,LÊ E ESCREVE,FEMININO,60 a 64 anos,441,437,"0,9909",0,13,2022-07-11 22:32:34
17,LÊ E ESCREVE,FEMININO,65 a 69 anos,442,438,"0,991",0,19,2022-07-11 22:32:34
17,LÊ E ESCREVE,FEMININO,70 a 74 anos,397,396,"0,9975",0,21,2022-07-11 22:32:34
17,LÊ E ESCREVE,FEMININO,75 a 79 anos,226,223,"0,9867",0,8,2022-07-11 22:32:34
17,LÊ E ESCREVE,FEMININO,80 a 84 anos,104,104,1,0,4,2022-07-11 22:32:34
17,LÊ E ESCREVE,FEMININO,85 a 89 anos,49,49,1,0,3,2022-07-11 22:32:34
17,LÊ E ESCREVE,FEMININO,90 a 94 anos,13,13,1,0,2,2022-07-11 22:32:34
17,LÊ E ESCREVE,FEMININO,95 a 99 anos,6,6,1,0,1,2022-07-11 22:32:34
17,LÊ E ESCREVE,MASCULINO,16 anos,2,0,0,0,0,2022-07-11 22:32:34
17,LÊ E ESCREVE,MASCULINO,17 anos,3,0,0,0,1,2022-07-11 22:32:34
17,LÊ E ESCREVE,MASCULINO,18 anos,2,0,0,1,0,2022-07-11 22:32:34
17,LÊ E ESCREVE,MASCULINO,19 anos,4,3,"0,75",0,1,2022-07-11 22:32:34
17,LÊ E ESCREVE,MASCULINO,20 anos,7,3,"0,4286",0,0,2022-07-11 22:32:34
17,LÊ E ESCREVE,MASCULINO,21 a 24 anos,22,18,"0,8182",0,1,2022-07-11 22:32:34
17,LÊ E ESCREVE,MASCULINO,25 a 29 anos,42,38,"0,9048",0,3,2022-07-11 22:32:34
17,LÊ E ESCREVE,MASCULINO,30 a 34 anos,39,36,"0,9231",0,1,2022-07-11 22:32:34
17,LÊ E ESCREVE,MASCULINO,35 a 39 anos,50,44,"0,88",0,1,2022-07-11 22:32:34
17,LÊ E ESCREVE,MASCULINO,40 a 44 anos,115,110,"0,9565",0,5,2022-07-11 22:32:34
17,LÊ E ESCREVE,MASCULINO,45 a 49 anos,135,124,"0,9185",0,3,2022-07-11 22:32:34
17,LÊ E ESCREVE,MASCULINO,50 a 54 anos,179,168,"0,9385",0,6,2022-07-11 22:32:34
17,LÊ E ESCREVE,MASCULINO,55 a 59 anos,266,257,"0,9662",0,3,2022-07-11 22:32:34
17,LÊ E ESCREVE,MASCULINO,60 a 64 anos,303,292,"0,9637",0,7,2022-07-11 22:32:34
17,LÊ E ESCREVE,MASCULINO,65 a 69 anos,291,287,"0,9863",0,19,2022-07-11 22:32:34
17,LÊ E ESCREVE,MASCULINO,70 a 74 anos,251,250,"0,996",0,7,2022-07-11 22:32:34
17,LÊ E ESCREVE,MASCULINO,75 a 79 anos,105,105,1,0,3,2022-07-11 22:32:34
17,LÊ E ESCREVE,MASCULINO,80 a 84 anos,56,56,1,0,4,2022-07-11 22:32:34
17,LÊ E ESCREVE,MASCULINO,85 a 89 anos,15,15,1,0,0,2022-07-11 22:32:34
17,LÊ E ESCREVE,MASCULINO,90 a 94 anos,6,6,1,0,0,2022-07-11 22:32:34
17,LÊ E ESCREVE,MASCULINO,95 a 99 anos,1,1,1,0,0,2022-07-11 22:32:34
17,SUPERIOR COMPLETO,FEMININO,21 a 24 anos,13,12,"0,9231",0,0,2022-07-11 22:32:34
17,SUPERIOR COMPLETO,FEMININO,25 a 29 anos,237,234,"0,9873",0,0,2022-07-11 22:32:34
17,SUPERIOR COMPLETO,FEMININO,30 a 34 anos,615,609,"0,9902",0,0,2022-07-11 22:32:34
17,SUPERIOR COMPLETO,FEMININO,35 a 39 anos,758,752,"0,9921",0,1,2022-07-11 22:32:34
17,SUPERIOR COMPLETO,FEMININO,40 a 44 anos,712,709,"0,9958",0,2,2022-07-11 22:32:34
17,SUPERIOR COMPLETO,FEMININO,45 a 49 anos,427,424,"0,993",0,3,2022-07-11 22:32:34
17,SUPERIOR COMPLETO,FEMININO,50 a 54 anos,330,327,"0,9909",0,1,2022-07-11 22:32:34
17,SUPERIOR COMPLETO,FEMININO,55 a 59 anos,241,239,"0,9917",0,1,2022-07-11 22:32:34
17,SUPERIOR COMPLETO,FEMININO,60 a 64 anos,97,97,1,0,0,2022-07-11 22:32:34
17,SUPERIOR COMPLETO,FEMININO,65 a 69 anos,71,71,1,0,2,2022-07-11 22:32:34
17,SUPERIOR COMPLETO,FEMININO,70 a 74 anos,42,42,1,0,3,2022-07-11 22:32:34
17,SUPERIOR COMPLETO,FEMININO,75 a 79 anos,18,18,1,0,0,2022-07-11 22:32:34
17,SUPERIOR COMPLETO,FEMININO,80 a 84 anos,8,8,1,0,1,2022-07-11 22:32:34
17,SUPERIOR COMPLETO,FEMININO,85 a 89 anos,1,1,1,0,0,2022-07-11 22:32:34
17,SUPERIOR COMPLETO,FEMININO,95 a 99 anos,1,1,1,0,0,2022-07-11 22:32:34
17,SUPERIOR COMPLETO,MASCULINO,19 anos,1,0,0,0,0,2022-07-11 22:32:34
17,SUPERIOR COMPLETO,MASCULINO,21 a 24 anos,5,4,"0,8",0,0,2022-07-11 22:32:34
17,SUPERIOR COMPLETO,MASCULINO,25 a 29 anos,105,105,1,0,0,2022-07-11 22:32:34
17,SUPERIOR COMPLETO,MASCULINO,30 a 34 anos,271,266,"0,9815",0,1,2022-07-11 22:32:34
17,SUPERIOR COMPLETO,MASCULINO,35 a 39 anos,364,357,"0,9808",0,0,2022-07-11 22:32:34
17,SUPERIOR COMPLETO,MASCULINO,40 a 44 anos,351,345,"0,9829",0,0,2022-07-11 22:32:34
17,SUPERIOR COMPLETO,MASCULINO,45 a 49 anos,233,231,"0,9914",1,0,2022-07-11 22:32:34
17,SUPERIOR COMPLETO,MASCULINO,50 a 54 anos,187,184,"0,984",0,0,2022-07-11 22:32:34
17,SUPERIOR COMPLETO,MASCULINO,55 a 59 anos,117,114,"0,9744",0,1,2022-07-11 22:32:34
17,SUPERIOR COMPLETO,MASCULINO,60 a 64 anos,75,75,1,0,0,2022-07-11 22:32:34
17,SUPERIOR COMPLETO,MASCULINO,65 a 69 anos,50,50,1,0,3,2022-07-11 22:32:34
17,SUPERIOR COMPLETO,MASCULINO,70 a 74 anos,22,22,1,0,2,2022-07-11 22:32:34
17,SUPERIOR COMPLETO,MASCULINO,75 a 79 anos,15,15,1,0,0,2022-07-11 22:32:34
17,SUPERIOR COMPLETO,MASCULINO,80 a 84 anos,4,4,1,0,0,2022-07-11 22:32:34
17,SUPERIOR COMPLETO,MASCULINO,85 a 89 anos,2,2,1,0,0,2022-07-11 22:32:34
17,SUPERIOR INCOMPLETO,FEMININO,16 anos,1,0,0,0,0,2022-07-11 22:32:34
17,SUPERIOR INCOMPLETO,FEMININO,17 anos,4,0,0,0,0,2022-07-11 22:32:34
17,SUPERIOR INCOMPLETO,FEMININO,18 anos,13,0,0,0,0,2022-07-11 22:32:34
17,SUPERIOR INCOMPLETO,FEMININO,19 anos,17,1,"0,0588",0,0,2022-07-11 22:32:34
17,SUPERIOR INCOMPLETO,FEMININO,20 anos,28,8,"0,2857",0,0,2022-07-11 22:32:34
17,SUPERIOR INCOMPLETO,FEMININO,21 a 24 anos,192,175,"0,9115",0,0,2022-07-11 22:32:34
17,SUPERIOR INCOMPLETO,FEMININO,25 a 29 anos,621,616,"0,9919",0,0,2022-07-11 22:32:34
17,SUPERIOR INCOMPLETO,FEMININO,30 a 34 anos,486,480,"0,9877",1,0,2022-07-11 22:32:34
17,SUPERIOR INCOMPLETO,FEMININO,35 a 39 anos,373,368,"0,9866",0,1,2022-07-11 22:32:34
17,SUPERIOR INCOMPLETO,FEMININO,40 a 44 anos,320,313,"0,9781",0,3,2022-07-11 22:32:34
17,SUPERIOR INCOMPLETO,FEMININO,45 a 49 anos,199,198,"0,995",0,2,2022-07-11 22:32:34
17,SUPERIOR INCOMPLETO,FEMININO,50 a 54 anos,109,109,1,0,2,2022-07-11 22:32:34
17,SUPERIOR INCOMPLETO,FEMININO,55 a 59 anos,76,73,"0,9605",0,1,2022-07-11 22:32:34
17,SUPERIOR INCOMPLETO,FEMININO,60 a 64 anos,49,49,1,0,2,2022-07-11 22:32:34
17,SUPERIOR INCOMPLETO,FEMININO,65 a 69 anos,25,24,"0,96",0,3,2022-07-11 22:32:34
17,SUPERIOR INCOMPLETO,FEMININO,70 a 74 anos,12,12,1,0,0,2022-07-11 22:32:34
17,SUPERIOR INCOMPLETO,FEMININO,75 a 79 anos,1,1,1,0,0,2022-07-11 22:32:34
17,SUPERIOR INCOMPLETO,FEMININO,80 a 84 anos,3,3,1,0,0,2022-07-11 22:32:34
17,SUPERIOR INCOMPLETO,MASCULINO,18 anos,4,0,0,0,0,2022-07-11 22:32:34
17,SUPERIOR INCOMPLETO,MASCULINO,19 anos,8,1,"0,125",0,0,2022-07-11 22:32:34
17,SUPERIOR INCOMPLETO,MASCULINO,20 anos,11,2,"0,1818",0,0,2022-07-11 22:32:34
17,SUPERIOR INCOMPLETO,MASCULINO,21 a 24 anos,128,115,"0,8984",0,0,2022-07-11 22:32:34
17,SUPERIOR INCOMPLETO,MASCULINO,25 a 29 anos,409,402,"0,9829",0,0,2022-07-11 22:32:34
17,SUPERIOR INCOMPLETO,MASCULINO,30 a 34 anos,308,300,"0,974",0,0,2022-07-11 22:32:34
17,SUPERIOR INCOMPLETO,MASCULINO,35 a 39 anos,277,266,"0,9603",0,0,2022-07-11 22:32:34
17,SUPERIOR INCOMPLETO,MASCULINO,40 a 44 anos,254,248,"0,9764",0,0,2022-07-11 22:32:34
17,SUPERIOR INCOMPLETO,MASCULINO,45 a 49 anos,132,131,"0,9924",0,1,2022-07-11 22:32:34
17,SUPERIOR INCOMPLETO,MASCULINO,50 a 54 anos,96,92,"0,9583",0,1,2022-07-11 22:32:34
17,SUPERIOR INCOMPLETO,MASCULINO,55 a 59 anos,47,47,1,0,2,2022-07-11 22:32:34
17,SUPERIOR INCOMPLETO,MASCULINO,60 a 64 anos,45,44,"0,9778",0,2,2022-07-11 22:32:34
17,SUPERIOR INCOMPLETO,MASCULINO,65 a 69 anos,21,21,1,0,0,2022-07-11 22:32:34
17,SUPERIOR INCOMPLETO,MASCULINO,70 a 74 anos,3,3,1,0,0,2022-07-11 22:32:34
17,SUPERIOR INCOMPLETO,MASCULINO,75 a 79 anos,1,1,1,0,0,2022-07-11 22:32:34
17,SUPERIOR INCOMPLETO,MASCULINO,80 a 84 anos,1,1,1,0,0,2022-07-11 22:32:34
18,ANALFABETO,FEMININO,19 anos,1,0,0,0,0,2022-07-11 22:32:34
18,ANALFABETO,FEMININO,20 anos,3,0,0,0,1,2022-07-11 22:32:34
18,ANALFABETO,FEMININO,21 a 24 anos,2,1,"0,5",0,1,2022-07-11 22:32:34
18,ANALFABETO,FEMININO,25 a 29 anos,4,4,1,0,1,2022-07-11 22:32:34
18,ANALFABETO,FEMININO,30 a 34 anos,6,5,"0,8333",0,2,2022-07-11 22:32:34
18,ANALFABETO,FEMININO,35 a 39 anos,10,9,"0,9",0,2,2022-07-11 22:32:34
18,ANALFABETO,FEMININO,40 a 44 anos,7,3,"0,4286",0,4,2022-07-11 22:32:34
18,ANALFABETO,FEMININO,45 a 49 anos,11,9,"0,8182",0,0,2022-07-11 22:32:34
18,ANALFABETO,FEMININO,50 a 54 anos,14,12,"0,8571",0,1,2022-07-11 22:32:34
18,ANALFABETO,FEMININO,55 a 59 anos,13,10,"0,7692",0,3,2022-07-11 22:32:34
18,ANALFABETO,FEMININO,60 a 64 anos,20,14,"0,7",0,2,2022-07-11 22:32:34
18,ANALFABETO,FEMININO,65 a 69 anos,33,28,"0,8485",0,2,2022-07-11 22:32:34
18,ANALFABETO,FEMININO,70 a 74 anos,31,31,1,0,3,2022-07-11 22:32:34
18,ANALFABETO,FEMININO,75 a 79 anos,17,14,"0,8235",0,1,2022-07-11 22:32:34
18,ANALFABETO,FEMININO,80 a 84 anos,14,14,1,0,1,2022-07-11 22:32:34
18,ANALFABETO,FEMININO,85 a 89 anos,4,3,"0,75",0,1,2022-07-11 22:32:34
18,ANALFABETO,FEMININO,90 a 94 anos,2,1,"0,5",0,0,2022-07-11 22:32:34
18,ANALFABETO,MASCULINO,20 anos,1,1,1,0,0,2022-07-11 22:32:34
18,ANALFABETO,MASCULINO,21 a 24 anos,3,3,1,0,2,2022-07-11 22:32:34
18,ANALFABETO,MASCULINO,25 a 29 anos,4,3,"0,75",0,1,2022-07-11 22:32:34
18,ANALFABETO,MASCULINO,30 a 34 anos,5,3,"0,6",0,2,2022-07-11 22:32:34
18,ANALFABETO,MASCULINO,35 a 39 anos,11,8,"0,7273",0,3,2022-07-11 22:32:34
18,ANALFABETO,MASCULINO,40 a 44 anos,12,11,"0,9167",0,5,2022-07-11 22:32:34
18,ANALFABETO,MASCULINO,45 a 49 anos,6,5,"0,8333",0,2,2022-07-11 22:32:34
18,ANALFABETO,MASCULINO,50 a 54 anos,16,15,"0,9375",0,5,2022-07-11 22:32:34
18,ANALFABETO,MASCULINO,55 a 59 anos,20,18,"0,9",0,4,2022-07-11 22:32:34
18,ANALFABETO,MASCULINO,60 a 64 anos,15,11,"0,7333",0,2,2022-07-11 22:32:34
18,ANALFABETO,MASCULINO,65 a 69 anos,26,15,"0,5769",0,1,2022-07-11 22:32:34
18,ANALFABETO,MASCULINO,70 a 74 anos,17,17,1,0,2,2022-07-11 22:32:34
18,ANALFABETO,MASCULINO,75 a 79 anos,7,7,1,0,0,2022-07-11 22:32:34
18,ANALFABETO,MASCULINO,80 a 84 anos,3,3,1,0,0,2022-07-11 22:32:34
18,ENSINO FUNDAMENTAL COMPLETO,FEMININO,16 anos,14,0,0,0,0,2022-07-11 22:32:34
18,ENSINO FUNDAMENTAL COMPLETO,FEMININO,17 anos,22,0,0,0,0,2022-07-11 22:32:34
18,ENSINO FUNDAMENTAL COMPLETO,FEMININO,18 anos,24,0,0,0,1,2022-07-11 22:32:34
18,ENSINO FUNDAMENTAL COMPLETO,FEMININO,19 anos,13,2,"0,1538",0,0,2022-07-11 22:32:34
18,ENSINO FUNDAMENTAL COMPLETO,FEMININO,20 anos,14,4,"0,2857",0,0,2022-07-11 22:32:34
18,ENSINO FUNDAMENTAL COMPLETO,FEMININO,21 a 24 anos,71,65,"0,9155",0,0,2022-07-11 22:32:34
18,ENSINO FUNDAMENTAL COMPLETO,FEMININO,25 a 29 anos,78,75,"0,9615",0,2,2022-07-11 22:32:34
18,ENSINO FUNDAMENTAL COMPLETO,FEMININO,30 a 34 anos,69,67,"0,971",0,0,2022-07-11 22:32:34
18,ENSINO FUNDAMENTAL COMPLETO,FEMININO,35 a 39 anos,99,94,"0,9495",0,0,2022-07-11 22:32:34
18,ENSINO FUNDAMENTAL COMPLETO,FEMININO,40 a 44 anos,146,145,"0,9932",0,1,2022-07-11 22:32:34
18,ENSINO FUNDAMENTAL COMPLETO,FEMININO,45 a 49 anos,173,170,"0,9827",0,1,2022-07-11 22:32:34
18,ENSINO FUNDAMENTAL COMPLETO,FEMININO,50 a 54 anos,190,185,"0,9737",0,1,2022-07-11 22:32:34
18,ENSINO FUNDAMENTAL COMPLETO,FEMININO,55 a 59 anos,232,228,"0,9828",0,4,2022-07-11 22:32:34
18,ENSINO FUNDAMENTAL COMPLETO,FEMININO,60 a 64 anos,277,275,"0,9928",0,4,2022-07-11 22:32:34
18,ENSINO FUNDAMENTAL COMPLETO,FEMININO,65 a 69 anos,271,269,"0,9926",0,12,2022-07-11 22:32:34
18,ENSINO FUNDAMENTAL COMPLETO,FEMININO,70 a 74 anos,158,157,"0,9937",0,8,2022-07-11 22:32:34
18,ENSINO FUNDAMENTAL COMPLETO,FEMININO,75 a 79 anos,91,90,"0,989",0,2,2022-07-11 22:32:34
18,ENSINO FUNDAMENTAL COMPLETO,FEMININO,80 a 84 anos,58,58,1,0,2,2022-07-11 22:32:34
18,ENSINO FUNDAMENTAL COMPLETO,FEMININO,85 a 89 anos,34,34,1,0,2,2022-07-11 22:32:34
18,ENSINO FUNDAMENTAL COMPLETO,FEMININO,90 a 94 anos,13,13,1,0,0,2022-07-11 22:32:34
18,ENSINO FUNDAMENTAL COMPLETO,FEMININO,95 a 99 anos,4,4,1,0,0,2022-07-11 22:32:34
18,ENSINO FUNDAMENTAL COMPLETO,MASCULINO,16 anos,7,0,0,0,0,2022-07-11 22:32:34
18,ENSINO FUNDAMENTAL COMPLETO,MASCULINO,17 anos,11,0,0,0,0,2022-07-11 22:32:34
18,ENSINO FUNDAMENTAL COMPLETO,MASCULINO,18 anos,17,0,0,0,1,2022-07-11 22:32:34
18,ENSINO FUNDAMENTAL COMPLETO,MASCULINO,19 anos,16,2,"0,125",0,0,2022-07-11 22:32:34
18,ENSINO FUNDAMENTAL COMPLETO,MASCULINO,20 anos,10,3,"0,3",0,1,2022-07-11 22:32:34
18,ENSINO FUNDAMENTAL COMPLETO,MASCULINO,21 a 24 anos,77,65,"0,8442",1,2,2022-07-11 22:32:34
18,ENSINO FUNDAMENTAL COMPLETO,MASCULINO,25 a 29 anos,84,82,"0,9762",0,0,2022-07-11 22:32:34
18,ENSINO FUNDAMENTAL COMPLETO,MASCULINO,30 a 34 anos,93,90,"0,9677",0,2,2022-07-11 22:32:34
18,ENSINO FUNDAMENTAL COMPLETO,MASCULINO,35 a 39 anos,131,129,"0,9847",0,1,2022-07-11 22:32:34
18,ENSINO FUNDAMENTAL COMPLETO,MASCULINO,40 a 44 anos,163,155,"0,9509",0,1,2022-07-11 22:32:34
18,ENSINO FUNDAMENTAL COMPLETO,MASCULINO,45 a 49 anos,180,172,"0,9556",0,2,2022-07-11 22:32:34
18,ENSINO FUNDAMENTAL COMPLETO,MASCULINO,50 a 54 anos,227,219,"0,9648",0,5,2022-07-11 22:32:34
18,ENSINO FUNDAMENTAL COMPLETO,MASCULINO,55 a 59 anos,255,250,"0,9804",0,2,2022-07-11 22:32:34
18,ENSINO FUNDAMENTAL COMPLETO,MASCULINO,60 a 64 anos,275,269,"0,9782",0,2,2022-07-11 22:32:34
18,ENSINO FUNDAMENTAL COMPLETO,MASCULINO,65 a 69 anos,242,240,"0,9917",0,8,2022-07-11 22:32:34
18,ENSINO FUNDAMENTAL COMPLETO,MASCULINO,70 a 74 anos,149,147,"0,9866",0,4,2022-07-11 22:32:34
18,ENSINO FUNDAMENTAL COMPLETO,MASCULINO,75 a 79 anos,72,72,1,0,0,2022-07-11 22:32:34
18,ENSINO FUNDAMENTAL COMPLETO,MASCULINO,80 a 84 anos,24,24,1,0,2,2022-07-11 22:32:34
18,ENSINO FUNDAMENTAL COMPLETO,MASCULINO,85 a 89 anos,20,20,1,0,1,2022-07-11 22:32:34
18,ENSINO FUNDAMENTAL COMPLETO,MASCULINO,90 a 94 anos,1,1,1,0,0,2022-07-11 22:32:34
18,ENSINO FUNDAMENTAL COMPLETO,MASCULINO,95 a 99 anos,3,3,1,0,0,2022-07-11 22:32:34
18,ENSINO FUNDAMENTAL INCOMPLETO,FEMININO,100 anos ou mais,1,1,1,0,0,2022-07-11 22:32:34
18,ENSINO FUNDAMENTAL INCOMPLETO,FEMININO,16 anos,23,0,0,0,0,2022-07-11 22:32:34
18,ENSINO FUNDAMENTAL INCOMPLETO,FEMININO,17 anos,18,0,0,0,0,2022-07-11 22:32:34
18,ENSINO FUNDAMENTAL INCOMPLETO,FEMININO,18 anos,17,0,0,1,1,2022-07-11 22:32:34
18,ENSINO FUNDAMENTAL INCOMPLETO,FEMININO,19 anos,30,4,"0,1333",0,1,2022-07-11 22:32:34
18,ENSINO FUNDAMENTAL INCOMPLETO,FEMININO,20 anos,30,17,"0,5667",1,0,2022-07-11 22:32:34
18,ENSINO FUNDAMENTAL INCOMPLETO,FEMININO,21 a 24 anos,265,232,"0,8755",1,0,2022-07-11 22:32:34
18,ENSINO FUNDAMENTAL INCOMPLETO,FEMININO,25 a 29 anos,295,282,"0,9559",0,3,2022-07-11 22:32:34
18,ENSINO FUNDAMENTAL INCOMPLETO,FEMININO,30 a 34 anos,242,238,"0,9835",0,7,2022-07-11 22:32:34
18,ENSINO FUNDAMENTAL INCOMPLETO,FEMININO,35 a 39 anos,359,349,"0,9721",0,4,2022-07-11 22:32:34
18,ENSINO FUNDAMENTAL INCOMPLETO,FEMININO,40 a 44 anos,467,458,"0,9807",0,5,2022-07-11 22:32:34
18,ENSINO FUNDAMENTAL INCOMPLETO,FEMININO,45 a 49 anos,553,547,"0,9892",0,6,2022-07-11 22:32:34
18,ENSINO FUNDAMENTAL INCOMPLETO,FEMININO,50 a 54 anos,652,643,"0,9862",0,6,2022-07-11 22:32:34
18,ENSINO FUNDAMENTAL INCOMPLETO,FEMININO,55 a 59 anos,694,682,"0,9827",0,9,2022-07-11 22:32:34
18,ENSINO FUNDAMENTAL INCOMPLETO,FEMININO,60 a 64 anos,611,595,"0,9738",0,11,2022-07-11 22:32:34
18,ENSINO FUNDAMENTAL INCOMPLETO,FEMININO,65 a 69 anos,506,497,"0,9822",0,30,2022-07-11 22:32:34
18,ENSINO FUNDAMENTAL INCOMPLETO,FEMININO,70 a 74 anos,442,442,1,0,19,2022-07-11 22:32:34
18,ENSINO FUNDAMENTAL INCOMPLETO,FEMININO,75 a 79 anos,260,258,"0,9923",0,16,2022-07-11 22:32:34
18,ENSINO FUNDAMENTAL INCOMPLETO,FEMININO,80 a 84 anos,150,147,"0,98",0,5,2022-07-11 22:32:34
18,ENSINO FUNDAMENTAL INCOMPLETO,FEMININO,85 a 89 anos,68,66,"0,9706",0,5,2022-07-11 22:32:34
18,ENSINO FUNDAMENTAL INCOMPLETO,FEMININO,90 a 94 anos,18,17,"0,9444",0,2,2022-07-11 22:32:34
18,ENSINO FUNDAMENTAL INCOMPLETO,FEMININO,95 a 99 anos,3,3,1,0,0,2022-07-11 22:32:34
18,ENSINO FUNDAMENTAL INCOMPLETO,MASCULINO,16 anos,17,0,0,0,0,2022-07-11 22:32:34
18,ENSINO FUNDAMENTAL INCOMPLETO,MASCULINO,17 anos,12,0,0,0,1,2022-07-11 22:32:34
18,ENSINO FUNDAMENTAL INCOMPLETO,MASCULINO,18 anos,24,1,"0,0417",0,1,2022-07-11 22:32:34
18,ENSINO FUNDAMENTAL INCOMPLETO,MASCULINO,19 anos,43,9,"0,2093",0,2,2022-07-11 22:32:34
18,ENSINO FUNDAMENTAL INCOMPLETO,MASCULINO,20 anos,37,17,"0,4595",0,1,2022-07-11 22:32:34
18,ENSINO FUNDAMENTAL INCOMPLETO,MASCULINO,21 a 24 anos,336,289,"0,8601",0,2,2022-07-11 22:32:34
18,ENSINO FUNDAMENTAL INCOMPLETO,MASCULINO,25 a 29 anos,370,350,"0,9459",0,5,2022-07-11 22:32:34
18,ENSINO FUNDAMENTAL INCOMPLETO,MASCULINO,30 a 34 anos,290,272,"0,9379",0,5,2022-07-11 22:32:34
18,ENSINO FUNDAMENTAL INCOMPLETO,MASCULINO,35 a 39 anos,360,337,"0,9361",0,4,2022-07-11 22:32:34
18,ENSINO FUNDAMENTAL INCOMPLETO,MASCULINO,40 a 44 anos,483,460,"0,9524",0,5,2022-07-11 22:32:34
18,ENSINO FUNDAMENTAL INCOMPLETO,MASCULINO,45 a 49 anos,534,511,"0,9569",0,7,2022-07-11 22:32:34
18,ENSINO FUNDAMENTAL INCOMPLETO,MASCULINO,50 a 54 anos,595,572,"0,9613",0,14,2022-07-11 22:32:34
18,ENSINO FUNDAMENTAL INCOMPLETO,MASCULINO,55 a 59 anos,525,502,"0,9562",0,13,2022-07-11 22:32:34
18,ENSINO FUNDAMENTAL INCOMPLETO,MASCULINO,60 a 64 anos,457,447,"0,9781",0,11,2022-07-11 22:32:34
18,ENSINO FUNDAMENTAL INCOMPLETO,MASCULINO,65 a 69 anos,364,355,"0,9753",0,24,2022-07-11 22:32:34
18,ENSINO FUNDAMENTAL INCOMPLETO,MASCULINO,70 a 74 anos,242,240,"0,9917",0,11,2022-07-11 22:32:34
18,ENSINO FUNDAMENTAL INCOMPLETO,MASCULINO,75 a 79 anos,132,130,"0,9848",0,5,2022-07-11 22:32:34
18,ENSINO FUNDAMENTAL INCOMPLETO,MASCULINO,80 a 84 anos,62,62,1,0,2,2022-07-11 22:32:34
18,ENSINO FUNDAMENTAL INCOMPLETO,MASCULINO,85 a 89 anos,28,28,1,0,1,2022-07-11 22:32:34
18,ENSINO FUNDAMENTAL INCOMPLETO,MASCULINO,90 a 94 anos,11,11,1,0,1,2022-07-11 22:32:34
18,ENSINO FUNDAMENTAL INCOMPLETO,MASCULINO,95 a 99 anos,1,1,1,0,1,2022-07-11 22:32:34
18,ENSINO MÉDIO COMPLETO,FEMININO,16 anos,3,0,0,1,0,2022-07-11 22:32:34
18,ENSINO MÉDIO COMPLETO,FEMININO,17 anos,10,0,0,1,0,2022-07-11 22:32:34
18,ENSINO MÉDIO COMPLETO,FEMININO,18 anos,123,0,0,0,0,2022-07-11 22:32:34
18,ENSINO MÉDIO COMPLETO,FEMININO,19 anos,163,1,"0,0061",0,0,2022-07-11 22:32:34
18,ENSINO MÉDIO COMPLETO,FEMININO,20 anos,213,48,"0,2254",0,1,2022-07-11 22:32:34
18,ENSINO MÉDIO COMPLETO,FEMININO,21 a 24 anos,957,810,"0,8464",2,4,2022-07-11 22:32:34
18,ENSINO MÉDIO COMPLETO,FEMININO,25 a 29 anos,1749,1723,"0,9851",1,5,2022-07-11 22:32:34
18,ENSINO MÉDIO COMPLETO,FEMININO,30 a 34 anos,1705,1692,"0,9924",0,4,2022-07-11 22:32:34
18,ENSINO MÉDIO COMPLETO,FEMININO,35 a 39 anos,2057,2036,"0,9898",0,5,2022-07-11 22:32:34
18,ENSINO MÉDIO COMPLETO,FEMININO,40 a 44 anos,2311,2287,"0,9896",0,8,2022-07-11 22:32:34
18,ENSINO MÉDIO COMPLETO,FEMININO,45 a 49 anos,1937,1919,"0,9907",0,6,2022-07-11 22:32:34
18,ENSINO MÉDIO COMPLETO,FEMININO,50 a 54 anos,1902,1881,"0,989",0,13,2022-07-11 22:32:34
18,ENSINO MÉDIO COMPLETO,FEMININO,55 a 59 anos,1943,1928,"0,9923",0,9,2022-07-11 22:32:34
18,ENSINO MÉDIO COMPLETO,FEMININO,60 a 64 anos,1584,1577,"0,9956",0,13,2022-07-11 22:32:34
18,ENSINO MÉDIO COMPLETO,FEMININO,65 a 69 anos,1103,1094,"0,9918",0,31,2022-07-11 22:32:34
18,ENSINO MÉDIO COMPLETO,FEMININO,70 a 74 anos,673,667,"0,9911",0,30,2022-07-11 22:32:34
18,ENSINO MÉDIO COMPLETO,FEMININO,75 a 79 anos,246,243,"0,9878",0,12,2022-07-11 22:32:34
18,ENSINO MÉDIO COMPLETO,FEMININO,80 a 84 anos,107,106,"0,9907",0,3,2022-07-11 22:32:34
18,ENSINO MÉDIO COMPLETO,FEMININO,85 a 89 anos,48,48,1,0,1,2022-07-11 22:32:34
18,ENSINO MÉDIO COMPLETO,FEMININO,90 a 94 anos,11,11,1,0,0,2022-07-11 22:32:34
18,ENSINO MÉDIO COMPLETO,MASCULINO,16 anos,2,0,0,0,0,2022-07-11 22:32:34
18,ENSINO MÉDIO COMPLETO,MASCULINO,17 anos,10,0,0,0,0,2022-07-11 22:32:34
18,ENSINO MÉDIO COMPLETO,MASCULINO,18 anos,78,0,0,0,1,2022-07-11 22:32:34
18,ENSINO MÉDIO COMPLETO,MASCULINO,19 anos,130,2,"0,0154",0,0,2022-07-11 22:32:34
18,ENSINO MÉDIO COMPLETO,MASCULINO,20 anos,175,41,"0,2343",1,0,2022-07-11 22:32:34
18,ENSINO MÉDIO COMPLETO,MASCULINO,21 a 24 anos,696,594,"0,8534",0,2,2022-07-11 22:32:34
18,ENSINO MÉDIO COMPLETO,MASCULINO,25 a 29 anos,1548,1521,"0,9826",0,6,2022-07-11 22:32:34
18,ENSINO MÉDIO COMPLETO,MASCULINO,30 a 34 anos,1526,1507,"0,9875",0,3,2022-07-11 22:32:34
18,ENSINO MÉDIO COMPLETO,MASCULINO,35 a 39 anos,1975,1948,"0,9863",0,10,2022-07-11 22:32:34
18,ENSINO MÉDIO COMPLETO,MASCULINO,40 a 44 anos,1962,1919,"0,9781",1,11,2022-07-11 22:32:34
18,ENSINO MÉDIO COMPLETO,MASCULINO,45 a 49 anos,1501,1482,"0,9873",1,8,2022-07-11 22:32:34
18,ENSINO MÉDIO COMPLETO,MASCULINO,50 a 54 anos,1470,1447,"0,9844",0,11,2022-07-11 22:32:34
18,ENSINO MÉDIO COMPLETO,MASCULINO,55 a 59 anos,1501,1473,"0,9813",0,14,2022-07-11 22:32:34
18,ENSINO MÉDIO COMPLETO,MASCULINO,60 a 64 anos,1124,1109,"0,9867",0,10,2022-07-11 22:32:34
18,ENSINO MÉDIO COMPLETO,MASCULINO,65 a 69 anos,830,823,"0,9916",0,20,2022-07-11 22:32:34
18,ENSINO MÉDIO COMPLETO,MASCULINO,70 a 74 anos,545,542,"0,9945",0,18,2022-07-11 22:32:34
18,ENSINO MÉDIO COMPLETO,MASCULINO,75 a 79 anos,172,168,"0,9767",0,4,2022-07-11 22:32:34
18,ENSINO MÉDIO COMPLETO,MASCULINO,80 a 84 anos,69,67,"0,971",0,3,2022-07-11 22:32:34
18,ENSINO MÉDIO COMPLETO,MASCULINO,85 a 89 anos,28,28,1,0,1,2022-07-11 22:32:34
18,ENSINO MÉDIO COMPLETO,MASCULINO,90 a 94 anos,3,3,1,0,1,2022-07-11 22:32:34
18,ENSINO MÉDIO INCOMPLETO,FEMININO,16 anos,126,0,0,0,0,2022-07-11 22:32:34
18,ENSINO MÉDIO INCOMPLETO,FEMININO,17 anos,246,0,0,3,3,2022-07-11 22:32:34
18,ENSINO MÉDIO INCOMPLETO,FEMININO,18 anos,202,4,"0,0198",1,0,2022-07-11 22:32:34
18,ENSINO MÉDIO INCOMPLETO,FEMININO,19 anos,197,29,"0,1472",3,2,2022-07-11 22:32:34
18,ENSINO MÉDIO INCOMPLETO,FEMININO,20 anos,217,90,"0,4147",0,1,2022-07-11 22:32:34
18,ENSINO MÉDIO INCOMPLETO,FEMININO,21 a 24 anos,1226,1134,"0,925",0,2,2022-07-11 22:32:34
18,ENSINO MÉDIO INCOMPLETO,FEMININO,25 a 29 anos,719,709,"0,9861",0,5,2022-07-11 22:32:34
18,ENSINO MÉDIO INCOMPLETO,FEMININO,30 a 34 anos,412,400,"0,9709",0,2,2022-07-11 22:32:34
18,ENSINO MÉDIO INCOMPLETO,FEMININO,35 a 39 anos,448,442,"0,9866",0,0,2022-07-11 22:32:34
18,ENSINO MÉDIO INCOMPLETO,FEMININO,40 a 44 anos,427,421,"0,9859",0,4,2022-07-11 22:32:34
18,ENSINO MÉDIO INCOMPLETO,FEMININO,45 a 49 anos,380,374,"0,9842",0,3,2022-07-11 22:32:34
18,ENSINO MÉDIO INCOMPLETO,FEMININO,50 a 54 anos,354,349,"0,9859",0,3,2022-07-11 22:32:34
18,ENSINO MÉDIO INCOMPLETO,FEMININO,55 a 59 anos,368,365,"0,9918",0,5,2022-07-11 22:32:34
18,ENSINO MÉDIO INCOMPLETO,FEMININO,60 a 64 anos,281,276,"0,9822",0,7,2022-07-11 22:32:34
18,ENSINO MÉDIO INCOMPLETO,FEMININO,65 a 69 anos,237,237,1,0,3,2022-07-11 22:32:34
18,ENSINO MÉDIO INCOMPLETO,FEMININO,70 a 74 anos,121,121,1,0,2,2022-07-11 22:32:34
18,ENSINO MÉDIO INCOMPLETO,FEMININO,75 a 79 anos,39,38,"0,9744",0,1,2022-07-11 22:32:34
18,ENSINO MÉDIO INCOMPLETO,FEMININO,80 a 84 anos,23,23,1,0,0,2022-07-11 22:32:34
18,ENSINO MÉDIO INCOMPLETO,FEMININO,85 a 89 anos,5,5,1,0,0,2022-07-11 22:32:34
18,ENSINO MÉDIO INCOMPLETO,FEMININO,90 a 94 anos,4,4,1,0,0,2022-07-11 22:32:34
18,ENSINO MÉDIO INCOMPLETO,MASCULINO,16 anos,80,0,0,0,1,2022-07-11 22:32:34
18,ENSINO MÉDIO INCOMPLETO,MASCULINO,17 anos,174,0,0,2,1,2022-07-11 22:32:34
18,ENSINO MÉDIO INCOMPLETO,MASCULINO,18 anos,222,3,"0,0135",0,2,2022-07-11 22:32:34
18,ENSINO MÉDIO INCOMPLETO,MASCULINO,19 anos,209,32,"0,1531",0,2,2022-07-11 22:32:34
18,ENSINO MÉDIO INCOMPLETO,MASCULINO,20 anos,248,106,"0,4274",0,2,2022-07-11 22:32:34
18,ENSINO MÉDIO INCOMPLETO,MASCULINO,21 a 24 anos,1268,1179,"0,9298",1,4,2022-07-11 22:32:34
18,ENSINO MÉDIO INCOMPLETO,MASCULINO,25 a 29 anos,753,733,"0,9734",0,2,2022-07-11 22:32:34
18,ENSINO MÉDIO INCOMPLETO,MASCULINO,30 a 34 anos,438,416,"0,9498",0,1,2022-07-11 22:32:34
18,ENSINO MÉDIO INCOMPLETO,MASCULINO,35 a 39 anos,430,414,"0,9628",0,3,2022-07-11 22:32:34
18,ENSINO MÉDIO INCOMPLETO,MASCULINO,40 a 44 anos,405,385,"0,9506",1,5,2022-07-11 22:32:34
18,ENSINO MÉDIO INCOMPLETO,MASCULINO,45 a 49 anos,334,322,"0,9641",0,3,2022-07-11 22:32:34
18,ENSINO MÉDIO INCOMPLETO,MASCULINO,50 a 54 anos,324,314,"0,9691",0,3,2022-07-11 22:32:34
18,ENSINO MÉDIO INCOMPLETO,MASCULINO,55 a 59 anos,291,282,"0,9691",0,4,2022-07-11 22:32:34
18,ENSINO MÉDIO INCOMPLETO,MASCULINO,60 a 64 anos,231,229,"0,9913",0,2,2022-07-11 22:32:34
18,ENSINO MÉDIO INCOMPLETO,MASCULINO,65 a 69 anos,162,159,"0,9815",0,6,2022-07-11 22:32:34
18,ENSINO MÉDIO INCOMPLETO,MASCULINO,70 a 74 anos,92,92,1,0,5,2022-07-11 22:32:34
18,ENSINO MÉDIO INCOMPLETO,MASCULINO,75 a 79 anos,25,25,1,0,0,2022-07-11 22:32:34
18,ENSINO MÉDIO INCOMPLETO,MASCULINO,80 a 84 anos,12,11,"0,9167",0,0,2022-07-11 22:32:34
18,ENSINO MÉDIO INCOMPLETO,MASCULINO,85 a 89 anos,2,2,1,0,1,2022-07-11 22:32:34
18,ENSINO MÉDIO INCOMPLETO,MASCULINO,90 a 94 anos,1,1,1,0,0,2022-07-11 22:32:34
18,LÊ E ESCREVE,FEMININO,100 anos ou mais,2,2,1,0,0,2022-07-11 22:32:34
18,LÊ E ESCREVE,FEMININO,16 anos,3,0,0,0,0,2022-07-11 22:32:34
18,LÊ E ESCREVE,FEMININO,17 anos,3,0,0,0,0,2022-07-11 22:32:34
18,LÊ E ESCREVE,FEMININO,19 anos,1,0,0,0,0,2022-07-11 22:32:34
18,LÊ E ESCREVE,FEMININO,20 anos,1,0,0,0,0,2022-07-11 22:32:34
18,LÊ E ESCREVE,FEMININO,21 a 24 anos,8,5,"0,625",0,0,2022-07-11 22:32:34
18,LÊ E ESCREVE,FEMININO,25 a 29 anos,5,5,1,0,0,2022-07-11 22:32:34
18,LÊ E ESCREVE,FEMININO,30 a 34 anos,6,5,"0,8333",0,1,2022-07-11 22:32:34
18,LÊ E ESCREVE,FEMININO,35 a 39 anos,9,8,"0,8889",0,1,2022-07-11 22:32:34
18,LÊ E ESCREVE,FEMININO,40 a 44 anos,31,29,"0,9355",0,2,2022-07-11 22:32:34
18,LÊ E ESCREVE,FEMININO,45 a 49 anos,45,45,1,0,1,2022-07-11 22:32:34
18,LÊ E ESCREVE,FEMININO,50 a 54 anos,72,68,"0,9444",0,3,2022-07-11 22:32:34
18,LÊ E ESCREVE,FEMININO,55 a 59 anos,92,89,"0,9674",0,2,2022-07-11 22:32:34
18,LÊ E ESCREVE,FEMININO,60 a 64 anos,149,146,"0,9799",0,4,2022-07-11 22:32:34
18,LÊ E ESCREVE,FEMININO,65 a 69 anos,156,152,"0,9744",0,4,2022-07-11 22:32:34
18,LÊ E ESCREVE,FEMININO,70 a 74 anos,202,200,"0,9901",0,11,2022-07-11 22:32:34
18,LÊ E ESCREVE,FEMININO,75 a 79 anos,121,118,"0,9752",0,9,2022-07-11 22:32:34
18,LÊ E ESCREVE,FEMININO,80 a 84 anos,76,72,"0,9474",0,3,2022-07-11 22:32:34
18,LÊ E ESCREVE,FEMININO,85 a 89 anos,34,30,"0,8824",0,4,2022-07-11 22:32:34
18,LÊ E ESCREVE,FEMININO,90 a 94 anos,11,10,"0,9091",0,2,2022-07-11 22:32:34
18,LÊ E ESCREVE,FEMININO,95 a 99 anos,3,3,1,0,1,2022-07-11 22:32:34
18,LÊ E ESCREVE,MASCULINO,17 anos,1,0,0,0,0,2022-07-11 22:32:34
18,LÊ E ESCREVE,MASCULINO,19 anos,3,0,0,0,0,2022-07-11 22:32:34
18,LÊ E ESCREVE,MASCULINO,20 anos,1,0,0,0,0,2022-07-11 22:32:34
18,LÊ E ESCREVE,MASCULINO,21 a 24 anos,4,3,"0,75",0,0,2022-07-11 22:32:34
18,LÊ E ESCREVE,MASCULINO,25 a 29 anos,7,7,1,0,0,2022-07-11 22:32:34
18,LÊ E ESCREVE,MASCULINO,30 a 34 anos,8,5,"0,625",0,3,2022-07-11 22:32:34
18,LÊ E ESCREVE,MASCULINO,35 a 39 anos,18,14,"0,7778",0,0,2022-07-11 22:32:34
18,LÊ E ESCREVE,MASCULINO,40 a 44 anos,43,34,"0,7907",0,1,2022-07-11 22:32:34
18,LÊ E ESCREVE,MASCULINO,45 a 49 anos,43,37,"0,8605",0,7,2022-07-11 22:32:34
18,LÊ E ESCREVE,MASCULINO,50 a 54 anos,56,54,"0,9643",0,6,2022-07-11 22:32:34
18,LÊ E ESCREVE,MASCULINO,55 a 59 anos,101,94,"0,9307",0,3,2022-07-11 22:32:34
18,LÊ E ESCREVE,MASCULINO,60 a 64 anos,105,99,"0,9429",0,6,2022-07-11 22:32:34
18,LÊ E ESCREVE,MASCULINO,65 a 69 anos,114,107,"0,9386",0,7,2022-07-11 22:32:34
18,LÊ E ESCREVE,MASCULINO,70 a 74 anos,116,114,"0,9828",0,8,2022-07-11 22:32:34
18,LÊ E ESCREVE,MASCULINO,75 a 79 anos,47,47,1,0,2,2022-07-11 22:32:34
18,LÊ E ESCREVE,MASCULINO,80 a 84 anos,20,18,"0,9",0,3,2022-07-11 22:32:34
18,LÊ E ESCREVE,MASCULINO,85 a 89 anos,9,9,1,0,1,2022-07-11 22:32:34
18,LÊ E ESCREVE,MASCULINO,90 a 94 anos,3,3,1,0,0,2022-07-11 22:32:34
18,LÊ E ESCREVE,MASCULINO,95 a 99 anos,1,1,1,0,0,2022-07-11 22:32:34
18,SUPERIOR COMPLETO,FEMININO,21 a 24 anos,12,12,1,0,0,2022-07-11 22:32:34
18,SUPERIOR COMPLETO,FEMININO,25 a 29 anos,225,225,1,0,1,2022-07-11 22:32:34
18,SUPERIOR COMPLETO,FEMININO,30 a 34 anos,742,737,"0,9933",0,1,2022-07-11 22:32:34
18,SUPERIOR COMPLETO,FEMININO,35 a 39 anos,1033,1027,"0,9942",1,4,2022-07-11 22:32:34
18,SUPERIOR COMPLETO,FEMININO,40 a 44 anos,1021,1014,"0,9931",0,3,2022-07-11 22:32:34
18,SUPERIOR COMPLETO,FEMININO,45 a 49 anos,631,628,"0,9952",0,1,2022-07-11 22:32:34
18,SUPERIOR COMPLETO,FEMININO,50 a 54 anos,560,556,"0,9929",0,2,2022-07-11 22:32:34
18,SUPERIOR COMPLETO,FEMININO,55 a 59 anos,467,464,"0,9936",0,0,2022-07-11 22:32:34
18,SUPERIOR COMPLETO,FEMININO,60 a 64 anos,316,316,1,0,1,2022-07-11 22:32:34
18,SUPERIOR COMPLETO,FEMININO,65 a 69 anos,252,252,1,0,7,2022-07-11 22:32:34
18,SUPERIOR COMPLETO,FEMININO,70 a 74 anos,162,162,1,0,8,2022-07-11 22:32:34
18,SUPERIOR COMPLETO,FEMININO,75 a 79 anos,69,68,"0,9855",0,4,2022-07-11 22:32:34
18,SUPERIOR COMPLETO,FEMININO,80 a 84 anos,35,35,1,0,3,2022-07-11 22:32:34
18,SUPERIOR COMPLETO,FEMININO,85 a 89 anos,13,13,1,0,0,2022-07-11 22:32:34
18,SUPERIOR COMPLETO,FEMININO,90 a 94 anos,2,2,1,0,0,2022-07-11 22:32:34
18,SUPERIOR COMPLETO,FEMININO,95 a 99 anos,1,1,1,0,0,2022-07-11 22:32:34
18,SUPERIOR COMPLETO,MASCULINO,20 anos,1,0,0,0,0,2022-07-11 22:32:34
18,SUPERIOR COMPLETO,MASCULINO,21 a 24 anos,5,5,1,0,0,2022-07-11 22:32:34
18,SUPERIOR COMPLETO,MASCULINO,25 a 29 anos,142,139,"0,9789",0,0,2022-07-11 22:32:34
18,SUPERIOR COMPLETO,MASCULINO,30 a 34 anos,415,414,"0,9976",0,0,2022-07-11 22:32:34
18,SUPERIOR COMPLETO,MASCULINO,35 a 39 anos,600,593,"0,9883",0,1,2022-07-11 22:32:34
18,SUPERIOR COMPLETO,MASCULINO,40 a 44 anos,519,513,"0,9884",0,0,2022-07-11 22:32:34
18,SUPERIOR COMPLETO,MASCULINO,45 a 49 anos,421,414,"0,9834",1,2,2022-07-11 22:32:34
18,SUPERIOR COMPLETO,MASCULINO,50 a 54 anos,328,323,"0,9848",0,0,2022-07-11 22:32:34
18,SUPERIOR COMPLETO,MASCULINO,55 a 59 anos,269,267,"0,9926",0,3,2022-07-11 22:32:34
18,SUPERIOR COMPLETO,MASCULINO,60 a 64 anos,188,188,1,0,1,2022-07-11 22:32:34
18,SUPERIOR COMPLETO,MASCULINO,65 a 69 anos,118,118,1,0,5,2022-07-11 22:32:34
18,SUPERIOR COMPLETO,MASCULINO,70 a 74 anos,71,70,"0,9859",0,4,2022-07-11 22:32:34
18,SUPERIOR COMPLETO,MASCULINO,75 a 79 anos,32,30,"0,9375",0,1,2022-07-11 22:32:34
18,SUPERIOR COMPLETO,MASCULINO,80 a 84 anos,12,12,1,0,0,2022-07-11 22:32:34
18,SUPERIOR COMPLETO,MASCULINO,85 a 89 anos,6,6,1,0,0,2022-07-11 22:32:34
18,SUPERIOR COMPLETO,MASCULINO,90 a 94 anos,3,3,1,0,0,2022-07-11 22:32:34
18,SUPERIOR INCOMPLETO,FEMININO,17 anos,3,0,0,0,0,2022-07-11 22:32:34
18,SUPERIOR INCOMPLETO,FEMININO,18 anos,7,0,0,0,0,2022-07-11 22:32:34
18,SUPERIOR INCOMPLETO,FEMININO,19 anos,10,0,0,0,0,2022-07-11 22:32:34
18,SUPERIOR INCOMPLETO,FEMININO,20 anos,25,9,"0,36",0,0,2022-07-11 22:32:34
18,SUPERIOR INCOMPLETO,FEMININO,21 a 24 anos,191,167,"0,8743",0,0,2022-07-11 22:32:34
18,SUPERIOR INCOMPLETO,FEMININO,25 a 29 anos,714,708,"0,9916",0,3,2022-07-11 22:32:34
18,SUPERIOR INCOMPLETO,FEMININO,30 a 34 anos,480,476,"0,9917",0,0,2022-07-11 22:32:34
18,SUPERIOR INCOMPLETO,FEMININO,35 a 39 anos,436,429,"0,9839",0,2,2022-07-11 22:32:34
18,SUPERIOR INCOMPLETO,FEMININO,40 a 44 anos,352,348,"0,9886",0,1,2022-07-11 22:32:34
18,SUPERIOR INCOMPLETO,FEMININO,45 a 49 anos,213,212,"0,9953",0,0,2022-07-11 22:32:34
18,SUPERIOR INCOMPLETO,FEMININO,50 a 54 anos,157,157,1,0,0,2022-07-11 22:32:34
18,SUPERIOR INCOMPLETO,FEMININO,55 a 59 anos,125,124,"0,992",0,0,2022-07-11 22:32:34
18,SUPERIOR INCOMPLETO,FEMININO,60 a 64 anos,73,72,"0,9863",0,1,2022-07-11 22:32:34
18,SUPERIOR INCOMPLETO,FEMININO,65 a 69 anos,46,46,1,0,2,2022-07-11 22:32:34
18,SUPERIOR INCOMPLETO,FEMININO,70 a 74 anos,21,21,1,0,0,2022-07-11 22:32:34
18,SUPERIOR INCOMPLETO,FEMININO,75 a 79 anos,11,11,1,0,2,2022-07-11 22:32:34
18,SUPERIOR INCOMPLETO,FEMININO,80 a 84 anos,5,5,1,0,0,2022-07-11 22:32:34
18,SUPERIOR INCOMPLETO,FEMININO,85 a 89 anos,1,1,1,0,0,2022-07-11 22:32:34
18,SUPERIOR INCOMPLETO,MASCULINO,18 anos,12,0,0,0,0,2022-07-11 22:32:34
18,SUPERIOR INCOMPLETO,MASCULINO,19 anos,13,0,0,0,0,2022-07-11 22:32:34
18,SUPERIOR INCOMPLETO,MASCULINO,20 anos,24,4,"0,1667",0,0,2022-07-11 22:32:34
18,SUPERIOR INCOMPLETO,MASCULINO,21 a 24 anos,137,118,"0,8613",0,1,2022-07-11 22:32:34
18,SUPERIOR INCOMPLETO,MASCULINO,25 a 29 anos,541,535,"0,9889",0,2,2022-07-11 22:32:34
18,SUPERIOR INCOMPLETO,MASCULINO,30 a 34 anos,451,448,"0,9933",0,1,2022-07-11 22:32:34
18,SUPERIOR INCOMPLETO,MASCULINO,35 a 39 anos,381,370,"0,9711",0,1,2022-07-11 22:32:34
18,SUPERIOR INCOMPLETO,MASCULINO,40 a 44 anos,263,261,"0,9924",0,2,2022-07-11 22:32:34
18,SUPERIOR INCOMPLETO,MASCULINO,45 a 49 anos,190,184,"0,9684",0,1,2022-07-11 22:32:34
18,SUPERIOR INCOMPLETO,MASCULINO,50 a 54 anos,122,120,"0,9836",0,1,2022-07-11 22:32:34
18,SUPERIOR INCOMPLETO,MASCULINO,55 a 59 anos,110,110,1,0,0,2022-07-11 22:32:34
18,SUPERIOR INCOMPLETO,MASCULINO,60 a 64 anos,75,74,"0,9867",0,0,2022-07-11 22:32:34
18,SUPERIOR INCOMPLETO,MASCULINO,65 a 69 anos,41,41,1,0,0,2022-07-11 22:32:34
18,SUPERIOR INCOMPLETO,MASCULINO,70 a 74 anos,31,31,1,0,2,2022-07-11 22:32:34
18,SUPERIOR INCOMPLETO,MASCULINO,75 a 79 anos,7,7,1,0,0,2022-07-11 22:32:34
18,SUPERIOR INCOMPLETO,MASCULINO,80 a 84 anos,2,2,1,0,0,2022-07-11 22:32:34
19,ANALFABETO,FEMININO,100 anos ou mais,2,2,1,0,1,2022-07-11 22:32:34
19,ANALFABETO,FEMININO,18 anos,2,0,0,0,1,2022-07-11 22:32:34
19,ANALFABETO,FEMININO,19 anos,1,1,1,0,0,2022-07-11 22:32:34
19,ANALFABETO,FEMININO,20 anos,2,0,0,0,2,2022-07-11 22:32:34
19,ANALFABETO,FEMININO,21 a 24 anos,5,3,"0,6",0,1,2022-07-11 22:32:34
19,ANALFABETO,FEMININO,25 a 29 anos,11,10,"0,9091",0,5,2022-07-11 22:32:34
19,ANALFABETO,FEMININO,30 a 34 anos,10,9,"0,9",0,2,2022-07-11 22:32:34
19,ANALFABETO,FEMININO,35 a 39 anos,19,17,"0,8947",0,4,2022-07-11 22:32:34
19,ANALFABETO,FEMININO,40 a 44 anos,27,24,"0,8889",0,7,2022-07-11 22:32:34
19,ANALFABETO,FEMININO,45 a 49 anos,39,32,"0,8205",0,1,2022-07-11 22:32:34
19,ANALFABETO,FEMININO,50 a 54 anos,47,44,"0,9362",0,2,2022-07-11 22:32:34
19,ANALFABETO,FEMININO,55 a 59 anos,66,59,"0,8939",0,3,2022-07-11 22:32:34
19,ANALFABETO,FEMININO,60 a 64 anos,82,77,"0,939",0,6,2022-07-11 22:32:34
19,ANALFABETO,FEMININO,65 a 69 anos,92,88,"0,9565",0,6,2022-07-11 22:32:34
19,ANALFABETO,FEMININO,70 a 74 anos,100,100,1,0,16,2022-07-11 22:32:34
19,ANALFABETO,FEMININO,75 a 79 anos,48,48,1,0,6,2022-07-11 22:32:34
19,ANALFABETO,FEMININO,80 a 84 anos,32,32,1,0,8,2022-07-11 22:32:34
19,ANALFABETO,FEMININO,85 a 89 anos,9,9,1,0,1,2022-07-11 22:32:34
19,ANALFABETO,FEMININO,90 a 94 anos,2,2,1,0,1,2022-07-11 22:32:34
19,ANALFABETO,FEMININO,95 a 99 anos,2,1,"0,5",0,0,2022-07-11 22:32:34
19,ANALFABETO,MASCULINO,17 anos,1,0,0,0,0,2022-07-11 22:32:34
19,ANALFABETO,MASCULINO,18 anos,1,0,0,0,0,2022-07-11 22:32:34
19,ANALFABETO,MASCULINO,20 anos,2,1,"0,5",0,0,2022-07-11 22:32:34
19,ANALFABETO,MASCULINO,21 a 24 anos,13,9,"0,6923",0,4,2022-07-11 22:32:34
19,ANALFABETO,MASCULINO,25 a 29 anos,12,10,"0,8333",0,4,2022-07-11 22:32:34
19,ANALFABETO,MASCULINO,30 a 34 anos,12,9,"0,75",0,4,2022-07-11 22:32:34
19,ANALFABETO,MASCULINO,35 a 39 anos,16,13,"0,8125",0,3,2022-07-11 22:32:34
19,ANALFABETO,MASCULINO,40 a 44 anos,32,25,"0,7813",0,5,2022-07-11 22:32:34
19,ANALFABETO,MASCULINO,45 a 49 anos,32,27,"0,8438",0,2,2022-07-11 22:32:34
19,ANALFABETO,MASCULINO,50 a 54 anos,34,33,"0,9706",0,6,2022-07-11 22:32:34
19,ANALFABETO,MASCULINO,55 a 59 anos,54,44,"0,8148",0,2,2022-07-11 22:32:34
19,ANALFABETO,MASCULINO,60 a 64 anos,39,32,"0,8205",0,4,2022-07-11 22:32:34
19,ANALFABETO,MASCULINO,65 a 69 anos,41,33,"0,8049",0,5,2022-07-11 22:32:34
19,ANALFABETO,MASCULINO,70 a 74 anos,28,27,"0,9643",0,3,2022-07-11 22:32:34
19,ANALFABETO,MASCULINO,75 a 79 anos,17,17,1,0,1,2022-07-11 22:32:34
19,ANALFABETO,MASCULINO,80 a 84 anos,11,11,1,0,1,2022-07-11 22:32:34
19,ANALFABETO,MASCULINO,85 a 89 anos,1,1,1,0,0,2022-07-11 22:32:34
19,ENSINO FUNDAMENTAL COMPLETO,FEMININO,16 anos,30,0,0,0,0,2022-07-11 22:32:34
19,ENSINO FUNDAMENTAL COMPLETO,FEMININO,17 anos,38,0,0,0,0,2022-07-11 22:32:34
19,ENSINO FUNDAMENTAL COMPLETO,FEMININO,18 anos,48,1,"0,0208",0,0,2022-07-11 22:32:34
19,ENSINO FUNDAMENTAL COMPLETO,FEMININO,19 anos,35,7,"0,2",0,0,2022-07-11 22:32:34
19,ENSINO FUNDAMENTAL COMPLETO,FEMININO,20 anos,32,11,"0,3438",0,0,2022-07-11 22:32:34
19,ENSINO FUNDAMENTAL COMPLETO,FEMININO,21 a 24 anos,158,120,"0,7595",0,2,2022-07-11 22:32:34
19,ENSINO FUNDAMENTAL COMPLETO,FEMININO,25 a 29 anos,184,178,"0,9674",1,0,2022-07-11 22:32:34
19,ENSINO FUNDAMENTAL COMPLETO,FEMININO,30 a 34 anos,218,212,"0,9725",0,0,2022-07-11 22:32:34
19,ENSINO FUNDAMENTAL COMPLETO,FEMININO,35 a 39 anos,248,241,"0,9718",0,0,2022-07-11 22:32:34
19,ENSINO FUNDAMENTAL COMPLETO,FEMININO,40 a 44 anos,302,295,"0,9768",1,1,2022-07-11 22:32:34
19,ENSINO FUNDAMENTAL COMPLETO,FEMININO,45 a 49 anos,328,320,"0,9756",0,1,2022-07-11 22:32:34
19,ENSINO FUNDAMENTAL COMPLETO,FEMININO,50 a 54 anos,354,352,"0,9944",0,1,2022-07-11 22:32:34
19,ENSINO FUNDAMENTAL COMPLETO,FEMININO,55 a 59 anos,351,350,"0,9972",0,2,2022-07-11 22:32:34
19,ENSINO FUNDAMENTAL COMPLETO,FEMININO,60 a 64 anos,387,383,"0,9897",0,9,2022-07-11 22:32:34
19,ENSINO FUNDAMENTAL COMPLETO,FEMININO,65 a 69 anos,309,308,"0,9968",0,22,2022-07-11 22:32:34
19,ENSINO FUNDAMENTAL COMPLETO,FEMININO,70 a 74 anos,260,257,"0,9885",0,23,2022-07-11 22:32:34
19,ENSINO FUNDAMENTAL COMPLETO,FEMININO,75 a 79 anos,87,87,1,0,2,2022-07-11 22:32:34
19,ENSINO FUNDAMENTAL COMPLETO,FEMININO,80 a 84 anos,38,36,"0,9474",0,3,2022-07-11 22:32:34
19,ENSINO FUNDAMENTAL COMPLETO,FEMININO,85 a 89 anos,16,15,"0,9375",0,0,2022-07-11 22:32:34
19,ENSINO FUNDAMENTAL COMPLETO,FEMININO,90 a 94 anos,6,6,1,0,1,2022-07-11 22:32:34
19,ENSINO FUNDAMENTAL COMPLETO,MASCULINO,16 anos,24,0,0,0,0,2022-07-11 22:32:34
19,ENSINO FUNDAMENTAL COMPLETO,MASCULINO,17 anos,23,0,0,1,0,2022-07-11 22:32:34
19,ENSINO FUNDAMENTAL COMPLETO,MASCULINO,18 anos,42,0,0,1,0,2022-07-11 22:32:34
19,ENSINO FUNDAMENTAL COMPLETO,MASCULINO,19 anos,32,6,"0,1875",0,0,2022-07-11 22:32:34
19,ENSINO FUNDAMENTAL COMPLETO,MASCULINO,20 anos,43,18,"0,4186",0,0,2022-07-11 22:32:34
19,ENSINO FUNDAMENTAL COMPLETO,MASCULINO,21 a 24 anos,162,134,"0,8272",1,1,2022-07-11 22:32:34
19,ENSINO FUNDAMENTAL COMPLETO,MASCULINO,25 a 29 anos,216,204,"0,9444",0,2,2022-07-11 22:32:34
19,ENSINO FUNDAMENTAL COMPLETO,MASCULINO,30 a 34 anos,227,214,"0,9427",0,2,2022-07-11 22:32:34
19,ENSINO FUNDAMENTAL COMPLETO,MASCULINO,35 a 39 anos,291,284,"0,9759",0,2,2022-07-11 22:32:34
19,ENSINO FUNDAMENTAL COMPLETO,MASCULINO,40 a 44 anos,356,347,"0,9747",0,3,2022-07-11 22:32:34
19,ENSINO FUNDAMENTAL COMPLETO,MASCULINO,45 a 49 anos,362,349,"0,9641",0,2,2022-07-11 22:32:34
19,ENSINO FUNDAMENTAL COMPLETO,MASCULINO,50 a 54 anos,319,309,"0,9687",0,3,2022-07-11 22:32:34
19,ENSINO FUNDAMENTAL COMPLETO,MASCULINO,55 a 59 anos,349,341,"0,9771",0,2,2022-07-11 22:32:34
19,ENSINO FUNDAMENTAL COMPLETO,MASCULINO,60 a 64 anos,344,339,"0,9855",0,10,2022-07-11 22:32:34
19,ENSINO FUNDAMENTAL COMPLETO,MASCULINO,65 a 69 anos,288,285,"0,9896",0,16,2022-07-11 22:32:34
19,ENSINO FUNDAMENTAL COMPLETO,MASCULINO,70 a 74 anos,219,219,1,0,20,2022-07-11 22:32:34
19,ENSINO FUNDAMENTAL COMPLETO,MASCULINO,75 a 79 anos,90,88,"0,9778",0,6,2022-07-11 22:32:34
19,ENSINO FUNDAMENTAL COMPLETO,MASCULINO,80 a 84 anos,33,32,"0,9697",0,3,2022-07-11 22:32:34
19,ENSINO FUNDAMENTAL COMPLETO,MASCULINO,85 a 89 anos,7,7,1,0,2,2022-07-11 22:32:34
19,ENSINO FUNDAMENTAL COMPLETO,MASCULINO,90 a 94 anos,4,4,1,0,0,2022-07-11 22:32:34
19,ENSINO FUNDAMENTAL INCOMPLETO,FEMININO,100 anos ou mais,1,1,1,0,0,2022-07-11 22:32:34
19,ENSINO FUNDAMENTAL INCOMPLETO,FEMININO,16 anos,41,0,0,0,1,2022-07-11 22:32:34
19,ENSINO FUNDAMENTAL INCOMPLETO,FEMININO,17 anos,47,0,0,0,1,2022-07-11 22:32:34
19,ENSINO FUNDAMENTAL INCOMPLETO,FEMININO,18 anos,59,1,"0,0169",2,1,2022-07-11 22:32:34
19,ENSINO FUNDAMENTAL INCOMPLETO,FEMININO,19 anos,121,46,"0,3802",0,1,2022-07-11 22:32:34
19,ENSINO FUNDAMENTAL INCOMPLETO,FEMININO,20 anos,129,75,"0,5814",0,0,2022-07-11 22:32:34
19,ENSINO FUNDAMENTAL INCOMPLETO,FEMININO,21 a 24 anos,759,695,"0,9157",0,4,2022-07-11 22:32:34
19,ENSINO FUNDAMENTAL INCOMPLETO,FEMININO,25 a 29 anos,824,794,"0,9636",3,11,2022-07-11 22:32:34
19,ENSINO FUNDAMENTAL INCOMPLETO,FEMININO,30 a 34 anos,690,672,"0,9739",0,5,2022-07-11 22:32:34
19,ENSINO FUNDAMENTAL INCOMPLETO,FEMININO,35 a 39 anos,958,944,"0,9854",1,11,2022-07-11 22:32:34
19,ENSINO FUNDAMENTAL INCOMPLETO,FEMININO,40 a 44 anos,1271,1251,"0,9843",0,8,2022-07-11 22:32:34
19,ENSINO FUNDAMENTAL INCOMPLETO,FEMININO,45 a 49 anos,1330,1313,"0,9872",0,15,2022-07-11 22:32:34
19,ENSINO FUNDAMENTAL INCOMPLETO,FEMININO,50 a 54 anos,1358,1336,"0,9838",0,10,2022-07-11 22:32:34
19,ENSINO FUNDAMENTAL INCOMPLETO,FEMININO,55 a 59 anos,1292,1272,"0,9845",0,18,2022-07-11 22:32:34
19,ENSINO FUNDAMENTAL INCOMPLETO,FEMININO,60 a 64 anos,1131,1122,"0,992",0,25,2022-07-11 22:32:34
19,ENSINO FUNDAMENTAL INCOMPLETO,FEMININO,65 a 69 anos,904,895,"0,99",0,55,2022-07-11 22:32:34
19,ENSINO FUNDAMENTAL INCOMPLETO,FEMININO,70 a 74 anos,691,689,"0,9971",0,49,2022-07-11 22:32:34
19,ENSINO FUNDAMENTAL INCOMPLETO,FEMININO,75 a 79 anos,286,285,"0,9965",0,24,2022-07-11 22:32:34
19,ENSINO FUNDAMENTAL INCOMPLETO,FEMININO,80 a 84 anos,129,129,1,0,14,2022-07-11 22:32:34
19,ENSINO FUNDAMENTAL INCOMPLETO,FEMININO,85 a 89 anos,49,48,"0,9796",0,2,2022-07-11 22:32:34
19,ENSINO FUNDAMENTAL INCOMPLETO,FEMININO,90 a 94 anos,17,17,1,0,3,2022-07-11 22:32:34
19,ENSINO FUNDAMENTAL INCOMPLETO,FEMININO,95 a 99 anos,1,1,1,0,0,2022-07-11 22:32:34
19,ENSINO FUNDAMENTAL INCOMPLETO,MASCULINO,16 anos,32,0,0,1,1,2022-07-11 22:32:34
19,ENSINO FUNDAMENTAL INCOMPLETO,MASCULINO,17 anos,73,0,0,0,0,2022-07-11 22:32:34
19,ENSINO FUNDAMENTAL INCOMPLETO,MASCULINO,18 anos,101,6,"0,0594",1,2,2022-07-11 22:32:34
19,ENSINO FUNDAMENTAL INCOMPLETO,MASCULINO,19 anos,127,59,"0,4646",1,3,2022-07-11 22:32:34
19,ENSINO FUNDAMENTAL INCOMPLETO,MASCULINO,20 anos,185,127,"0,6865",1,2,2022-07-11 22:32:34
19,ENSINO FUNDAMENTAL INCOMPLETO,MASCULINO,21 a 24 anos,1068,963,"0,9017",1,7,2022-07-11 22:32:34
19,ENSINO FUNDAMENTAL INCOMPLETO,MASCULINO,25 a 29 anos,1080,1021,"0,9454",0,9,2022-07-11 22:32:34
19,ENSINO FUNDAMENTAL INCOMPLETO,MASCULINO,30 a 34 anos,888,849,"0,9561",0,6,2022-07-11 22:32:34
19,ENSINO FUNDAMENTAL INCOMPLETO,MASCULINO,35 a 39 anos,992,945,"0,9526",0,7,2022-07-11 22:32:34
19,ENSINO FUNDAMENTAL INCOMPLETO,MASCULINO,40 a 44 anos,1271,1233,"0,9701",0,12,2022-07-11 22:32:34
19,ENSINO FUNDAMENTAL INCOMPLETO,MASCULINO,45 a 49 anos,1220,1158,"0,9492",0,10,2022-07-11 22:32:34
19,ENSINO FUNDAMENTAL INCOMPLETO,MASCULINO,50 a 54 anos,1138,1091,"0,9587",0,15,2022-07-11 22:32:34
19,ENSINO FUNDAMENTAL INCOMPLETO,MASCULINO,55 a 59 anos,1020,982,"0,9627",0,12,2022-07-11 22:32:34
19,ENSINO FUNDAMENTAL INCOMPLETO,MASCULINO,60 a 64 anos,841,819,"0,9738",0,16,2022-07-11 22:32:34
19,ENSINO FUNDAMENTAL INCOMPLETO,MASCULINO,65 a 69 anos,619,606,"0,979",0,45,2022-07-11 22:32:34
19,ENSINO FUNDAMENTAL INCOMPLETO,MASCULINO,70 a 74 anos,450,449,"0,9978",0,33,2022-07-11 22:32:34
19,ENSINO FUNDAMENTAL INCOMPLETO,MASCULINO,75 a 79 anos,182,181,"0,9945",0,13,2022-07-11 22:32:34
19,ENSINO FUNDAMENTAL INCOMPLETO,MASCULINO,80 a 84 anos,60,60,1,0,8,2022-07-11 22:32:34
19,ENSINO FUNDAMENTAL INCOMPLETO,MASCULINO,85 a 89 anos,25,25,1,0,0,2022-07-11 22:32:34
19,ENSINO FUNDAMENTAL INCOMPLETO,MASCULINO,90 a 94 anos,6,6,1,0,0,2022-07-11 22:32:34
19,ENSINO FUNDAMENTAL INCOMPLETO,MASCULINO,95 a 99 anos,2,2,1,0,0,2022-07-11 22:32:34
19,ENSINO MÉDIO COMPLETO,FEMININO,16 anos,8,0,0,0,0,2022-07-11 22:32:34
19,ENSINO MÉDIO COMPLETO,FEMININO,17 anos,47,0,0,0,0,2022-07-11 22:32:34
19,ENSINO MÉDIO COMPLETO,FEMININO,18 anos,319,1,"0,0031",0,3,2022-07-11 22:32:34
19,ENSINO MÉDIO COMPLETO,FEMININO,19 anos,415,14,"0,0337",1,4,2022-07-11 22:32:34
19,ENSINO MÉDIO COMPLETO,FEMININO,20 anos,418,102,"0,244",2,0,2022-07-11 22:32:34
19,ENSINO MÉDIO COMPLETO,FEMININO,21 a 24 anos,1800,1508,"0,8378",2,4,2022-07-11 22:32:34
19,ENSINO MÉDIO COMPLETO,FEMININO,25 a 29 anos,3091,3043,"0,9845",4,7,2022-07-11 22:32:34
19,ENSINO MÉDIO COMPLETO,FEMININO,30 a 34 anos,3113,3064,"0,9843",2,3,2022-07-11 22:32:34
19,ENSINO MÉDIO COMPLETO,FEMININO,35 a 39 anos,4032,3966,"0,9836",0,9,2022-07-11 22:32:34
19,ENSINO MÉDIO COMPLETO,FEMININO,40 a 44 anos,4198,4143,"0,9869",1,11,2022-07-11 22:32:34
19,ENSINO MÉDIO COMPLETO,FEMININO,45 a 49 anos,3116,3078,"0,9878",0,16,2022-07-11 22:32:34
19,ENSINO MÉDIO COMPLETO,FEMININO,50 a 54 anos,2505,2476,"0,9884",0,12,2022-07-11 22:32:34
19,ENSINO MÉDIO COMPLETO,FEMININO,55 a 59 anos,2125,2103,"0,9896",0,11,2022-07-11 22:32:34
19,ENSINO MÉDIO COMPLETO,FEMININO,60 a 64 anos,1735,1723,"0,9931",0,17,2022-07-11 22:32:34
19,ENSINO MÉDIO COMPLETO,FEMININO,65 a 69 anos,1239,1232,"0,9944",0,71,2022-07-11 22:32:34
19,ENSINO MÉDIO COMPLETO,FEMININO,70 a 74 anos,724,721,"0,9959",0,49,2022-07-11 22:32:34
19,ENSINO MÉDIO COMPLETO,FEMININO,75 a 79 anos,246,246,1,0,17,2022-07-11 22:32:34
19,ENSINO MÉDIO COMPLETO,FEMININO,80 a 84 anos,78,76,"0,9744",0,7,2022-07-11 22:32:34
19,ENSINO MÉDIO COMPLETO,FEMININO,85 a 89 anos,19,19,1,0,3,2022-07-11 22:32:34
19,ENSINO MÉDIO COMPLETO,FEMININO,90 a 94 anos,5,5,1,0,1,2022-07-11 22:32:34
19,ENSINO MÉDIO COMPLETO,MASCULINO,16 anos,5,0,0,0,0,2022-07-11 22:32:34
19,ENSINO MÉDIO COMPLETO,MASCULINO,17 anos,19,0,0,1,0,2022-07-11 22:32:34
19,ENSINO MÉDIO COMPLETO,MASCULINO,18 anos,194,2,"0,0103",1,0,2022-07-11 22:32:34
19,ENSINO MÉDIO COMPLETO,MASCULINO,19 anos,284,7,"0,0246",2,3,2022-07-11 22:32:34
19,ENSINO MÉDIO COMPLETO,MASCULINO,20 anos,311,66,"0,2122",2,0,2022-07-11 22:32:34
19,ENSINO MÉDIO COMPLETO,MASCULINO,21 a 24 anos,1271,1049,"0,8253",1,3,2022-07-11 22:32:34
19,ENSINO MÉDIO COMPLETO,MASCULINO,25 a 29 anos,2578,2525,"0,9794",3,5,2022-07-11 22:32:34
19,ENSINO MÉDIO COMPLETO,MASCULINO,30 a 34 anos,2615,2565,"0,9809",1,10,2022-07-11 22:32:34
19,ENSINO MÉDIO COMPLETO,MASCULINO,35 a 39 anos,3330,3263,"0,9799",1,15,2022-07-11 22:32:34
19,ENSINO MÉDIO COMPLETO,MASCULINO,40 a 44 anos,3308,3228,"0,9758",2,8,2022-07-11 22:32:34
19,ENSINO MÉDIO COMPLETO,MASCULINO,45 a 49 anos,2316,2257,"0,9745",0,11,2022-07-11 22:32:34
19,ENSINO MÉDIO COMPLETO,MASCULINO,50 a 54 anos,1878,1837,"0,9782",0,13,2022-07-11 22:32:34
19,ENSINO MÉDIO COMPLETO,MASCULINO,55 a 59 anos,1475,1459,"0,9892",0,14,2022-07-11 22:32:34
19,ENSINO MÉDIO COMPLETO,MASCULINO,60 a 64 anos,1268,1247,"0,9834",0,14,2022-07-11 22:32:34
19,ENSINO MÉDIO COMPLETO,MASCULINO,65 a 69 anos,836,822,"0,9833",0,42,2022-07-11 22:32:34
19,ENSINO MÉDIO COMPLETO,MASCULINO,70 a 74 anos,466,458,"0,9828",0,30,2022-07-11 22:32:34
19,ENSINO MÉDIO COMPLETO,MASCULINO,75 a 79 anos,143,141,"0,986",0,15,2022-07-11 22:32:34
19,ENSINO MÉDIO COMPLETO,MASCULINO,80 a 84 anos,51,51,1,0,2,2022-07-11 22:32:34
19,ENSINO MÉDIO COMPLETO,MASCULINO,85 a 89 anos,8,8,1,0,0,2022-07-11 22:32:34
19,ENSINO MÉDIO INCOMPLETO,FEMININO,16 anos,313,0,0,2,2,2022-07-11 22:32:34
19,ENSINO MÉDIO INCOMPLETO,FEMININO,17 anos,473,0,0,1,4,2022-07-11 22:32:34
19,ENSINO MÉDIO INCOMPLETO,FEMININO,18 anos,527,18,"0,0342",2,4,2022-07-11 22:32:34
19,ENSINO MÉDIO INCOMPLETO,FEMININO,19 anos,467,112,"0,2398",2,1,2022-07-11 22:32:34
19,ENSINO MÉDIO INCOMPLETO,FEMININO,20 anos,531,270,"0,5085",1,3,2022-07-11 22:32:34
19,ENSINO MÉDIO INCOMPLETO,FEMININO,21 a 24 anos,2284,2123,"0,9295",0,3,2022-07-11 22:32:34
19,ENSINO MÉDIO INCOMPLETO,FEMININO,25 a 29 anos,1215,1189,"0,9786",0,3,2022-07-11 22:32:34
19,ENSINO MÉDIO INCOMPLETO,FEMININO,30 a 34 anos,782,769,"0,9834",1,1,2022-07-11 22:32:34
19,ENSINO MÉDIO INCOMPLETO,FEMININO,35 a 39 anos,897,880,"0,981",0,3,2022-07-11 22:32:34
19,ENSINO MÉDIO INCOMPLETO,FEMININO,40 a 44 anos,827,811,"0,9807",1,1,2022-07-11 22:32:34
19,ENSINO MÉDIO INCOMPLETO,FEMININO,45 a 49 anos,667,655,"0,982",0,3,2022-07-11 22:32:34
19,ENSINO MÉDIO INCOMPLETO,FEMININO,50 a 54 anos,508,502,"0,9882",0,0,2022-07-11 22:32:34
19,ENSINO MÉDIO INCOMPLETO,FEMININO,55 a 59 anos,466,461,"0,9893",0,3,2022-07-11 22:32:34
19,ENSINO MÉDIO INCOMPLETO,FEMININO,60 a 64 anos,363,359,"0,989",0,3,2022-07-11 22:32:34
19,ENSINO MÉDIO INCOMPLETO,FEMININO,65 a 69 anos,269,266,"0,9888",0,15,2022-07-11 22:32:34
19,ENSINO MÉDIO INCOMPLETO,FEMININO,70 a 74 anos,139,139,1,0,13,2022-07-11 22:32:34
19,ENSINO MÉDIO INCOMPLETO,FEMININO,75 a 79 anos,34,34,1,0,4,2022-07-11 22:32:34
19,ENSINO MÉDIO INCOMPLETO,FEMININO,80 a 84 anos,14,14,1,0,0,2022-07-11 22:32:34
19,ENSINO MÉDIO INCOMPLETO,FEMININO,85 a 89 anos,1,1,1,0,0,2022-07-11 22:32:34
19,ENSINO MÉDIO INCOMPLETO,FEMININO,90 a 94 anos,2,2,1,0,0,2022-07-11 22:32:34
19,ENSINO MÉDIO INCOMPLETO,MASCULINO,16 anos,188,0,0,1,2,2022-07-11 22:32:34
19,ENSINO MÉDIO INCOMPLETO,MASCULINO,17 anos,388,0,0,2,1,2022-07-11 22:32:34
19,ENSINO MÉDIO INCOMPLETO,MASCULINO,18 anos,462,8,"0,0173",3,7,2022-07-11 22:32:34
19,ENSINO MÉDIO INCOMPLETO,MASCULINO,19 anos,451,107,"0,2373",1,5,2022-07-11 22:32:34
19,ENSINO MÉDIO INCOMPLETO,MASCULINO,20 anos,482,251,"0,5207",1,1,2022-07-11 22:32:34
19,ENSINO MÉDIO INCOMPLETO,MASCULINO,21 a 24 anos,2325,2145,"0,9226",3,6,2022-07-11 22:32:34
19,ENSINO MÉDIO INCOMPLETO,MASCULINO,25 a 29 anos,1284,1258,"0,9798",0,3,2022-07-11 22:32:34
19,ENSINO MÉDIO INCOMPLETO,MASCULINO,30 a 34 anos,773,740,"0,9573",0,3,2022-07-11 22:32:34
19,ENSINO MÉDIO INCOMPLETO,MASCULINO,35 a 39 anos,868,840,"0,9677",0,5,2022-07-11 22:32:34
19,ENSINO MÉDIO INCOMPLETO,MASCULINO,40 a 44 anos,758,740,"0,9763",0,6,2022-07-11 22:32:34
19,ENSINO MÉDIO INCOMPLETO,MASCULINO,45 a 49 anos,593,577,"0,973",1,4,2022-07-11 22:32:34
19,ENSINO MÉDIO INCOMPLETO,MASCULINO,50 a 54 anos,432,421,"0,9745",0,4,2022-07-11 22:32:34
19,ENSINO MÉDIO INCOMPLETO,MASCULINO,55 a 59 anos,375,368,"0,9813",0,5,2022-07-11 22:32:34
19,ENSINO MÉDIO INCOMPLETO,MASCULINO,60 a 64 anos,281,280,"0,9964",0,6,2022-07-11 22:32:34
19,ENSINO MÉDIO INCOMPLETO,MASCULINO,65 a 69 anos,197,197,1,0,7,2022-07-11 22:32:34
19,ENSINO MÉDIO INCOMPLETO,MASCULINO,70 a 74 anos,115,114,"0,9913",0,14,2022-07-11 22:32:34
19,ENSINO MÉDIO INCOMPLETO,MASCULINO,75 a 79 anos,39,39,1,0,7,2022-07-11 22:32:34
19,ENSINO MÉDIO INCOMPLETO,MASCULINO,80 a 84 anos,15,15,1,0,0,2022-07-11 22:32:34
19,ENSINO MÉDIO INCOMPLETO,MASCULINO,85 a 89 anos,3,3,1,0,0,2022-07-11 22:32:34
19,LÊ E ESCREVE,FEMININO,100 anos ou mais,2,2,1,0,0,2022-07-11 22:32:34
19,LÊ E ESCREVE,FEMININO,16 anos,1,0,0,0,1,2022-07-11 22:32:34
19,LÊ E ESCREVE,FEMININO,17 anos,7,0,0,0,0,2022-07-11 22:32:34
19,LÊ E ESCREVE,FEMININO,18 anos,5,0,0,0,0,2022-07-11 22:32:34
19,LÊ E ESCREVE,FEMININO,19 anos,6,1,"0,1667",0,0,2022-07-11 22:32:34
19,LÊ E ESCREVE,FEMININO,20 anos,6,2,"0,3333",0,0,2022-07-11 22:32:34
19,LÊ E ESCREVE,FEMININO,21 a 24 anos,21,16,"0,7619",0,1,2022-07-11 22:32:34
19,LÊ E ESCREVE,FEMININO,25 a 29 anos,33,31,"0,9394",1,2,2022-07-11 22:32:34
19,LÊ E ESCREVE,FEMININO,30 a 34 anos,27,24,"0,8889",0,0,2022-07-11 22:32:34
19,LÊ E ESCREVE,FEMININO,35 a 39 anos,66,66,1,0,2,2022-07-11 22:32:34
19,LÊ E ESCREVE,FEMININO,40 a 44 anos,114,113,"0,9912",0,0,2022-07-11 22:32:34
19,LÊ E ESCREVE,FEMININO,45 a 49 anos,154,148,"0,961",0,2,2022-07-11 22:32:34
19,LÊ E ESCREVE,FEMININO,50 a 54 anos,261,257,"0,9847",0,3,2022-07-11 22:32:34
19,LÊ E ESCREVE,FEMININO,55 a 59 anos,322,316,"0,9814",0,7,2022-07-11 22:32:34
19,LÊ E ESCREVE,FEMININO,60 a 64 anos,403,402,"0,9975",0,10,2022-07-11 22:32:34
19,LÊ E ESCREVE,FEMININO,65 a 69 anos,372,369,"0,9919",0,33,2022-07-11 22:32:34
19,LÊ E ESCREVE,FEMININO,70 a 74 anos,335,333,"0,994",0,39,2022-07-11 22:32:34
19,LÊ E ESCREVE,FEMININO,75 a 79 anos,176,173,"0,983",0,20,2022-07-11 22:32:34
19,LÊ E ESCREVE,FEMININO,80 a 84 anos,79,77,"0,9747",0,7,2022-07-11 22:32:34
19,LÊ E ESCREVE,FEMININO,85 a 89 anos,26,25,"0,9615",0,3,2022-07-11 22:32:34
19,LÊ E ESCREVE,FEMININO,90 a 94 anos,10,10,1,0,1,2022-07-11 22:32:34
19,LÊ E ESCREVE,FEMININO,95 a 99 anos,4,4,1,0,1,2022-07-11 22:32:34
19,LÊ E ESCREVE,MASCULINO,16 anos,1,0,0,0,0,2022-07-11 22:32:34
19,LÊ E ESCREVE,MASCULINO,17 anos,2,0,0,0,0,2022-07-11 22:32:34
19,LÊ E ESCREVE,MASCULINO,18 anos,6,0,0,0,0,2022-07-11 22:32:34
19,LÊ E ESCREVE,MASCULINO,19 anos,2,0,0,0,0,2022-07-11 22:32:34
19,LÊ E ESCREVE,MASCULINO,20 anos,2,1,"0,5",0,0,2022-07-11 22:32:34
19,LÊ E ESCREVE,MASCULINO,21 a 24 anos,29,20,"0,6897",0,1,2022-07-11 22:32:34
19,LÊ E ESCREVE,MASCULINO,25 a 29 anos,30,25,"0,8333",0,3,2022-07-11 22:32:34
19,LÊ E ESCREVE,MASCULINO,30 a 34 anos,42,39,"0,9286",0,0,2022-07-11 22:32:34
19,LÊ E ESCREVE,MASCULINO,35 a 39 anos,80,72,"0,9",0,2,2022-07-11 22:32:34
19,LÊ E ESCREVE,MASCULINO,40 a 44 anos,127,117,"0,9213",0,4,2022-07-11 22:32:34
19,LÊ E ESCREVE,MASCULINO,45 a 49 anos,183,168,"0,918",0,3,2022-07-11 22:32:34
19,LÊ E ESCREVE,MASCULINO,50 a 54 anos,212,197,"0,9292",0,6,2022-07-11 22:32:34
19,LÊ E ESCREVE,MASCULINO,55 a 59 anos,259,249,"0,9614",0,7,2022-07-11 22:32:34
19,LÊ E ESCREVE,MASCULINO,60 a 64 anos,254,247,"0,9724",0,11,2022-07-11 22:32:34
19,LÊ E ESCREVE,MASCULINO,65 a 69 anos,278,270,"0,9712",0,24,2022-07-11 22:32:34
19,LÊ E ESCREVE,MASCULINO,70 a 74 anos,194,191,"0,9845",0,17,2022-07-11 22:32:34
19,LÊ E ESCREVE,MASCULINO,75 a 79 anos,96,94,"0,9792",0,7,2022-07-11 22:32:34
19,LÊ E ESCREVE,MASCULINO,80 a 84 anos,45,44,"0,9778",0,9,2022-07-11 22:32:34
19,LÊ E ESCREVE,MASCULINO,85 a 89 anos,11,11,1,0,1,2022-07-11 22:32:34
19,LÊ E ESCREVE,MASCULINO,90 a 94 anos,4,4,1,0,0,2022-07-11 22:32:34
19,SUPERIOR COMPLETO,FEMININO,16 anos,1,0,0,0,0,2022-07-11 22:32:34
19,SUPERIOR COMPLETO,FEMININO,17 anos,1,0,0,0,0,2022-07-11 22:32:34
19,SUPERIOR COMPLETO,FEMININO,19 anos,4,0,0,0,0,2022-07-11 22:32:34
19,SUPERIOR COMPLETO,FEMININO,20 anos,5,1,"0,2",0,0,2022-07-11 22:32:34
19,SUPERIOR COMPLETO,FEMININO,21 a 24 anos,24,21,"0,875",0,0,2022-07-11 22:32:34
19,SUPERIOR COMPLETO,FEMININO,25 a 29 anos,417,408,"0,9784",0,0,2022-07-11 22:32:34
19,SUPERIOR COMPLETO,FEMININO,30 a 34 anos,1122,1111,"0,9902",0,1,2022-07-11 22:32:34
19,SUPERIOR COMPLETO,FEMININO,35 a 39 anos,1591,1565,"0,9837",0,1,2022-07-11 22:32:34
19,SUPERIOR COMPLETO,FEMININO,40 a 44 anos,1478,1460,"0,9878",0,3,2022-07-11 22:32:34
19,SUPERIOR COMPLETO,FEMININO,45 a 49 anos,957,946,"0,9885",0,6,2022-07-11 22:32:34
19,SUPERIOR COMPLETO,FEMININO,50 a 54 anos,632,627,"0,9921",0,5,2022-07-11 22:32:34
19,SUPERIOR COMPLETO,FEMININO,55 a 59 anos,443,439,"0,991",0,1,2022-07-11 22:32:34
19,SUPERIOR COMPLETO,FEMININO,60 a 64 anos,275,272,"0,9891",0,1,2022-07-11 22:32:34
19,SUPERIOR COMPLETO,FEMININO,65 a 69 anos,177,177,1,0,9,2022-07-11 22:32:34
19,SUPERIOR COMPLETO,FEMININO,70 a 74 anos,118,117,"0,9915",0,3,2022-07-11 22:32:34
19,SUPERIOR COMPLETO,FEMININO,75 a 79 anos,47,46,"0,9787",0,5,2022-07-11 22:32:34
19,SUPERIOR COMPLETO,FEMININO,80 a 84 anos,13,11,"0,8462",0,1,2022-07-11 22:32:34
19,SUPERIOR COMPLETO,FEMININO,85 a 89 anos,6,6,1,0,0,2022-07-11 22:32:34
19,SUPERIOR COMPLETO,MASCULINO,18 anos,1,0,0,0,0,2022-07-11 22:32:34
19,SUPERIOR COMPLETO,MASCULINO,19 anos,2,0,0,0,0,2022-07-11 22:32:34
19,SUPERIOR COMPLETO,MASCULINO,20 anos,1,0,0,0,0,2022-07-11 22:32:34
19,SUPERIOR COMPLETO,MASCULINO,21 a 24 anos,5,4,"0,8",0,0,2022-07-11 22:32:34
19,SUPERIOR COMPLETO,MASCULINO,25 a 29 anos,180,169,"0,9389",0,1,2022-07-11 22:32:34
19,SUPERIOR COMPLETO,MASCULINO,30 a 34 anos,548,537,"0,9799",0,4,2022-07-11 22:32:34
19,SUPERIOR COMPLETO,MASCULINO,35 a 39 anos,810,795,"0,9815",0,5,2022-07-11 22:32:34
19,SUPERIOR COMPLETO,MASCULINO,40 a 44 anos,755,738,"0,9775",0,4,2022-07-11 22:32:34
19,SUPERIOR COMPLETO,MASCULINO,45 a 49 anos,531,523,"0,9849",0,5,2022-07-11 22:32:34
19,SUPERIOR COMPLETO,MASCULINO,50 a 54 anos,340,333,"0,9794",0,1,2022-07-11 22:32:34
19,SUPERIOR COMPLETO,MASCULINO,55 a 59 anos,236,233,"0,9873",0,0,2022-07-11 22:32:34
19,SUPERIOR COMPLETO,MASCULINO,60 a 64 anos,168,164,"0,9762",0,0,2022-07-11 22:32:34
19,SUPERIOR COMPLETO,MASCULINO,65 a 69 anos,87,87,1,0,2,2022-07-11 22:32:34
19,SUPERIOR COMPLETO,MASCULINO,70 a 74 anos,57,57,1,0,5,2022-07-11 22:32:34
19,SUPERIOR COMPLETO,MASCULINO,75 a 79 anos,22,22,1,0,1,2022-07-11 22:32:34
19,SUPERIOR COMPLETO,MASCULINO,80 a 84 anos,14,14,1,0,1,2022-07-11 22:32:34
19,SUPERIOR COMPLETO,MASCULINO,85 a 89 anos,4,4,1,0,0,2022-07-11 22:32:34
19,SUPERIOR COMPLETO,MASCULINO,90 a 94 anos,1,1,1,0,0,2022-07-11 22:32:34
19,SUPERIOR INCOMPLETO,FEMININO,16 anos,1,0,0,0,0,2022-07-11 22:32:34
19,SUPERIOR INCOMPLETO,FEMININO,17 anos,1,0,0,0,0,2022-07-11 22:32:34
19,SUPERIOR INCOMPLETO,FEMININO,18 anos,18,0,0,0,0,2022-07-11 22:32:34
19,SUPERIOR INCOMPLETO,FEMININO,19 anos,44,4,"0,0909",0,0,2022-07-11 22:32:34
19,SUPERIOR INCOMPLETO,FEMININO,20 anos,61,17,"0,2787",0,0,2022-07-11 22:32:34
19,SUPERIOR INCOMPLETO,FEMININO,21 a 24 anos,376,332,"0,883",0,0,2022-07-11 22:32:34
19,SUPERIOR INCOMPLETO,FEMININO,25 a 29 anos,1076,1062,"0,987",0,5,2022-07-11 22:32:34
19,SUPERIOR INCOMPLETO,FEMININO,30 a 34 anos,802,794,"0,99",1,0,2022-07-11 22:32:34
19,SUPERIOR INCOMPLETO,FEMININO,35 a 39 anos,745,738,"0,9906",0,1,2022-07-11 22:32:34
19,SUPERIOR INCOMPLETO,FEMININO,40 a 44 anos,634,619,"0,9763",0,1,2022-07-11 22:32:34
19,SUPERIOR INCOMPLETO,FEMININO,45 a 49 anos,368,361,"0,981",0,3,2022-07-11 22:32:34
19,SUPERIOR INCOMPLETO,FEMININO,50 a 54 anos,200,198,"0,99",0,0,2022-07-11 22:32:34
19,SUPERIOR INCOMPLETO,FEMININO,55 a 59 anos,141,139,"0,9858",0,2,2022-07-11 22:32:34
19,SUPERIOR INCOMPLETO,FEMININO,60 a 64 anos,108,107,"0,9907",0,0,2022-07-11 22:32:34
19,SUPERIOR INCOMPLETO,FEMININO,65 a 69 anos,69,68,"0,9855",0,1,2022-07-11 22:32:34
19,SUPERIOR INCOMPLETO,FEMININO,70 a 74 anos,23,23,1,0,1,2022-07-11 22:32:34
19,SUPERIOR INCOMPLETO,FEMININO,75 a 79 anos,9,9,1,0,0,2022-07-11 22:32:34
19,SUPERIOR INCOMPLETO,FEMININO,80 a 84 anos,1,1,1,0,0,2022-07-11 22:32:34
19,SUPERIOR INCOMPLETO,MASCULINO,16 anos,1,0,0,0,0,2022-07-11 22:32:34
19,SUPERIOR INCOMPLETO,MASCULINO,17 anos,1,0,0,0,0,2022-07-11 22:32:34
19,SUPERIOR INCOMPLETO,MASCULINO,18 anos,22,0,0,0,1,2022-07-11 22:32:34
19,SUPERIOR INCOMPLETO,MASCULINO,19 anos,36,0,0,0,0,2022-07-11 22:32:34
19,SUPERIOR INCOMPLETO,MASCULINO,20 anos,36,7,"0,1944",0,0,2022-07-11 22:32:34
19,SUPERIOR INCOMPLETO,MASCULINO,21 a 24 anos,235,202,"0,8596",1,0,2022-07-11 22:32:34
19,SUPERIOR INCOMPLETO,MASCULINO,25 a 29 anos,688,674,"0,9797",0,1,2022-07-11 22:32:34
19,SUPERIOR INCOMPLETO,MASCULINO,30 a 34 anos,565,552,"0,977",0,1,2022-07-11 22:32:34
19,SUPERIOR INCOMPLETO,MASCULINO,35 a 39 anos,574,558,"0,9721",0,3,2022-07-11 22:32:34
19,SUPERIOR INCOMPLETO,MASCULINO,40 a 44 anos,463,453,"0,9784",0,1,2022-07-11 22:32:34
19,SUPERIOR INCOMPLETO,MASCULINO,45 a 49 anos,244,241,"0,9877",1,1,2022-07-11 22:32:34
19,SUPERIOR INCOMPLETO,MASCULINO,50 a 54 anos,139,138,"0,9928",0,0,2022-07-11 22:32:34
19,SUPERIOR INCOMPLETO,MASCULINO,55 a 59 anos,112,109,"0,9732",0,0,2022-07-11 22:32:34
19,SUPERIOR INCOMPLETO,MASCULINO,60 a 64 anos,73,72,"0,9863",0,0,2022-07-11 22:32:34
19,SUPERIOR INCOMPLETO,MASCULINO,65 a 69 anos,53,52,"0,9811",0,2,2022-07-11 22:32:34
19,SUPERIOR INCOMPLETO,MASCULINO,70 a 74 anos,26,25,"0,9615",0,1,2022-07-11 22:32:34
19,SUPERIOR INCOMPLETO,MASCULINO,75 a 79 anos,6,6,1,0,0,2022-07-11 22:32:34
19,SUPERIOR INCOMPLETO,MASCULINO,80 a 84 anos,1,1,1,0,0,2022-07-11 22:32:34